[NX v22.5.4 Daemon Client] - 2026-03-16T04:10:39.075Z - [Client] Starting new daemon server in background
[NX v22.5.4 Daemon Client] - 2026-03-16T04:10:39.077Z - [Client] Waiting for server (max: 6000 attempts, 10ms interval)
[NX v22.5.4 Daemon Server] - 2026-03-16T04:10:39.152Z - New daemon starting from: /Users/mgoho/Github/doula-cooperative/node_modules/nx/src/daemon/server/server.js
[NX v22.5.4 Daemon Server] - 2026-03-16T04:10:39.153Z - New daemon __dirname: /Users/mgoho/Github/doula-cooperative/node_modules/nx/src/daemon/server
[NX v22.5.4 Daemon Server] - 2026-03-16T04:10:39.153Z - New daemon nxVersion: 22.5.4
[NX v22.5.4 Daemon Server] - 2026-03-16T04:10:39.153Z - New daemon getInstalledNxVersion(): 22.5.4
[NX v22.5.4 Daemon Server] - 2026-03-16T04:10:39.155Z - [Server] Starting outdated check interval (20ms)
[NX v22.5.4 Daemon Server] - 2026-03-16T04:10:39.158Z - Started listening on: /private/var/folders/0q/9skt2c_j7hq6m6s7w998dbmh0000gn/T/d0752f02d4040656db0e/d.sock
[NX v22.5.4 Daemon Server] - 2026-03-16T04:10:39.159Z - [WATCHER]: Subscribed to changes within: /Users/mgoho/Github/doula-cooperative (native)
[NX v22.5.4 Daemon Server] - 2026-03-16T04:10:39.159Z - [NX-CONSOLE]: Pulling latest Nx (latest) to check console status...
Fetching nx...
[NX v22.5.4 Daemon Client] - 2026-03-16T04:10:39.166Z - [Client] Server available after 8 attempts
[NX v22.5.4 Daemon Client] - 2026-03-16T04:10:39.166Z - [Client] Daemon server started, pid=9396
[NX v22.5.4 Daemon Client] - 2026-03-16T04:10:39.167Z - [Messenger] Setting up socket listeners
[NX v22.5.4 Daemon Client] - 2026-03-16T04:10:39.167Z - [Messenger] listen() complete
[NX v22.5.4 Daemon Client] - 2026-03-16T04:10:39.167Z - [Messenger] Sending message type: REQUEST_PROJECT_GRAPH
[NX v22.5.4 Daemon Client] - 2026-03-16T04:10:39.167Z - [Messenger] Message sent
[NX v22.5.4 Daemon Server] - 2026-03-16T04:10:39.175Z - Established a connection. Number of open connections: 1
[NX v22.5.4 Daemon Server] - 2026-03-16T04:10:39.175Z - Established a connection. Number of open connections: 2
[NX v22.5.4 Daemon Server] - 2026-03-16T04:10:39.176Z - Closed a connection. Number of open connections: 1
[NX v22.5.4 Daemon Server] - 2026-03-16T04:10:39.176Z - Received raw message of length 32
[NX v22.5.4 Daemon Server] - 2026-03-16T04:10:39.176Z - Received json message of type REQUEST_PROJECT_GRAPH
[NX v22.5.4 Daemon Server] - 2026-03-16T04:10:39.176Z - [REQUEST]: Client Request for Project Graph Received
[NX v22.5.4 Daemon Server] - 2026-03-16T04:10:39.201Z - Time taken for 'start-plugin-worker:/Users/mgoho/Github/doula-cooperative/node_modules/nx/src/plugins/js' 23.044749999999993ms
Time for 'plugin worker 9401 code loading' 3.3947079999999996
Time for 'plugin worker 9402 code loading' 3.3508329999999997
Time for 'plugin worker 9403 code loading' 3.122458
Time for 'plugin worker 9399 code loading' 3.4671249999999993
Time for 'plugin worker 9400 code loading' 3.4798339999999985
[NX v22.5.4 Daemon Server] - 2026-03-16T04:10:39.201Z - Time taken for 'start-plugin-worker:@nx/playwright/plugin' 21.813290999999992ms
Time for 'plugin worker 9404 code loading' 3.2427910000000004
[NX v22.5.4 Daemon Server] - 2026-03-16T04:10:39.277Z - Time taken for 'Load Nx Plugin: /Users/mgoho/Github/doula-cooperative/node_modules/nx/src/plugins/project-json/build-nodes/project-json' 100.30741599999999ms
[NX v22.5.4 Daemon Server] - 2026-03-16T04:10:39.278Z - Time taken for 'Load Nx Plugin: /Users/mgoho/Github/doula-cooperative/node_modules/nx/src/plugins/package-json' 101.233375ms
[NX v22.5.4 Daemon Server] - 2026-03-16T04:10:39.281Z - Time taken for 'loadDefaultNxPlugins' 104.756416ms
[NX v22.5.4 Daemon Server] - 2026-03-16T04:10:39.286Z - [NX-CONSOLE]: Successfully pulled latest Nx to /private/var/folders/0q/9skt2c_j7hq6m6s7w998dbmh0000gn/T/tmp-9396-zf3II9tTYEHK
[NX v22.5.4 Daemon Server] - 2026-03-16T04:10:39.367Z - [NX-CONSOLE]: Using local implementation (NX_USE_LOCAL=true or inner call)
DEBUG nx::native::ide::install: Detected editor: Unknown
[NX v22.5.4 Daemon Server] - 2026-03-16T04:10:39.367Z - [NX-CONSOLE]: Console status check completed, shouldPrompt: false
[NX v22.5.4 Daemon Server] - 2026-03-16T04:10:39.368Z - [REQUEST]: Updated workspace context based on watched changes, recomputing project graph...
[NX v22.5.4 Daemon Server] - 2026-03-16T04:10:39.368Z - [REQUEST]: 
[NX v22.5.4 Daemon Server] - 2026-03-16T04:10:39.368Z - [REQUEST]: 
[NX v22.5.4 Daemon Server] - 2026-03-16T04:10:39.370Z - No files changed, but no in-memory cached project graph found. Recomputing it...
[NX v22.5.4 Daemon Server] - 2026-03-16T04:10:39.374Z - Time taken for 'loadSpecifiedNxPlugins' 191.2485ms
[NX v22.5.4 Daemon Server] - 2026-03-16T04:10:39.375Z - Established a connection. Number of open connections: 2
[NX v22.5.4 Daemon Server] - 2026-03-16T04:10:39.375Z - Established a connection. Number of open connections: 3
[NX v22.5.4 Daemon Server] - 2026-03-16T04:10:39.375Z - Closed a connection. Number of open connections: 2
[NX v22.5.4 Daemon Server] - 2026-03-16T04:10:39.375Z - Closed a connection. Number of open connections: 1
[NX v22.5.4 Daemon Server] - 2026-03-16T04:10:39.375Z - Established a connection. Number of open connections: 2
[NX v22.5.4 Daemon Server] - 2026-03-16T04:10:39.376Z - Established a connection. Number of open connections: 3
[NX v22.5.4 Daemon Client] - 2026-03-16T04:10:39.376Z - [Messenger] Setting up socket listeners
[NX v22.5.4 Daemon Client] - 2026-03-16T04:10:39.376Z - [Messenger] Setting up socket listeners
[NX v22.5.4 Daemon Client] - 2026-03-16T04:10:39.376Z - [Messenger] listen() complete
[NX v22.5.4 Daemon Client] - 2026-03-16T04:10:39.376Z - [Messenger] listen() complete
[NX v22.5.4 Daemon Client] - 2026-03-16T04:10:39.376Z - [Messenger] Sending message type: GLOB
[NX v22.5.4 Daemon Client] - 2026-03-16T04:10:39.376Z - [Messenger] Sending message type: HASH_MULTI_GLOB
[NX v22.5.4 Daemon Client] - 2026-03-16T04:10:39.376Z - [Messenger] Message sent
[NX v22.5.4 Daemon Client] - 2026-03-16T04:10:39.377Z - [Messenger] Message sent
Time for 'nx/core/package-json:createNodes' 2.212999999999994
Time for 'daemon-message-serialization-HASH_MULTI_GLOB' 0.10108299999998849
Time for 'daemon-message-serialization-GLOB' 0.07412500000000932
[NX v22.5.4 Daemon Server] - 2026-03-16T04:10:39.385Z - Received raw message of length 50
[NX v22.5.4 Daemon Server] - 2026-03-16T04:10:39.385Z - Received json message of type HASH_MULTI_GLOB
[NX v22.5.4 Daemon Server] - 2026-03-16T04:10:39.386Z - Serializing response for HASH_GLOB message in json mode
[NX v22.5.4 Daemon Server] - 2026-03-16T04:10:39.386Z - Responding to HASH_GLOB message
[NX v22.5.4 Daemon Server] - 2026-03-16T04:10:39.386Z - [REQUEST]: Responding to the client. handleHashMultiGlob
[NX v22.5.4 Daemon Server] - 2026-03-16T04:10:39.386Z - Done responding to the client handleHashMultiGlob
[NX v22.5.4 Daemon Server] - 2026-03-16T04:10:39.386Z - Handled json message HASH_GLOB. Handling time: 1. Response time: 0.
[NX v22.5.4 Daemon Server] - 2026-03-16T04:10:39.386Z - Received raw message of length 73
[NX v22.5.4 Daemon Server] - 2026-03-16T04:10:39.386Z - Received json message of type GLOB
[NX v22.5.4 Daemon Client] - 2026-03-16T04:10:39.386Z - [Messenger] Received message, length: 23
[NX v22.5.4 Daemon Server] - 2026-03-16T04:10:39.387Z - Serializing response for GLOB message in json mode
[NX v22.5.4 Daemon Server] - 2026-03-16T04:10:39.387Z - Responding to GLOB message
[NX v22.5.4 Daemon Server] - 2026-03-16T04:10:39.387Z - [REQUEST]: Responding to the client. handleGlob
[NX v22.5.4 Daemon Server] - 2026-03-16T04:10:39.387Z - Done responding to the client handleGlob
[NX v22.5.4 Daemon Server] - 2026-03-16T04:10:39.387Z - Handled json message GLOB. Handling time: 1. Response time: 0.
[NX v22.5.4 Daemon Client] - 2026-03-16T04:10:39.387Z - [Messenger] Received message, length: 30673
[NX v22.5.4 Daemon Client] - 2026-03-16T04:10:39.388Z - [Messenger] Sending message type: HASH_MULTI_GLOB
[NX v22.5.4 Daemon Client] - 2026-03-16T04:10:39.388Z - [Messenger] Message sent
[NX v22.5.4 Daemon Server] - 2026-03-16T04:10:39.388Z - Received raw message of length 277
[NX v22.5.4 Daemon Server] - 2026-03-16T04:10:39.388Z - Received json message of type HASH_MULTI_GLOB
[NX v22.5.4 Daemon Server] - 2026-03-16T04:10:39.389Z - Serializing response for HASH_GLOB message in json mode
[NX v22.5.4 Daemon Server] - 2026-03-16T04:10:39.389Z - Responding to HASH_GLOB message
[NX v22.5.4 Daemon Server] - 2026-03-16T04:10:39.389Z - [REQUEST]: Responding to the client. handleHashMultiGlob
[NX v22.5.4 Daemon Server] - 2026-03-16T04:10:39.389Z - Done responding to the client handleHashMultiGlob
[NX v22.5.4 Daemon Server] - 2026-03-16T04:10:39.389Z - Handled json message HASH_GLOB. Handling time: 1. Response time: 0.
Time for 'GLOB round trip' 11.090583999999978
Time for 'deserialize daemon response - GLOB' 0.10087500000000205
Time for 'daemon-message-serialization-HASH_MULTI_GLOB' 0.015332999999998265
[NX v22.5.4 Daemon Client] - 2026-03-16T04:10:39.389Z - [Messenger] Received message, length: 88
Time for 'nx/js/dependencies-and-lockfile:createNodes' 18.358249999999998
[NX v22.5.4 Daemon Server] - 2026-03-16T04:10:39.410Z - Closed a connection. Number of open connections: 2
Time for 'HASH_MULTI_GLOB round trip' 1.2764160000000118
Time for 'deserialize daemon response - HASH_MULTI_GLOB' 0.009165999999993346
[baseline-browser-mapping] The data in this module is over two months old.  To ensure accurate Baseline data, please update: `npm i baseline-browser-mapping@latest -D`
[NX v22.5.4 Daemon Server] - 2026-03-16T04:10:39.763Z - Time taken for 'build-project-configs' 381.43266700000004ms
[NX v22.5.4 Daemon Server] - 2026-03-16T04:10:39.768Z - Closed a connection. Number of open connections: 1
Time for 'build typescript dependencies' 157.303542
[NX v22.5.4 Daemon Server] - 2026-03-16T04:10:39.957Z - [SYNC]: collect registered sync generators
[NX v22.5.4 Daemon Server] - 2026-03-16T04:10:39.960Z - Wrote project graph cache to /Users/mgoho/Github/doula-cooperative/.nx/workspace-data/project-graph.json
[NX v22.5.4 Daemon Server] - 2026-03-16T04:10:39.960Z - Serializing response for REQUEST_PROJECT_GRAPH message in json mode
[NX v22.5.4 Daemon Server] - 2026-03-16T04:10:39.960Z - Responding to REQUEST_PROJECT_GRAPH message
[NX v22.5.4 Daemon Server] - 2026-03-16T04:10:39.960Z - [REQUEST]: Responding to the client. project-graph
[NX v22.5.4 Daemon Server] - 2026-03-16T04:10:39.961Z - Time taken for 'total for creating and serializing project graph' 784.4995ms
[NX v22.5.4 Daemon Server] - 2026-03-16T04:10:39.964Z - Done responding to the client project-graph
[NX v22.5.4 Daemon Server] - 2026-03-16T04:10:39.964Z - Handled json message REQUEST_PROJECT_GRAPH. Handling time: 784. Response time: 4.
[NX v22.5.4 Daemon Client] - 2026-03-16T04:10:39.964Z - [Messenger] Received message, length: 1117313
[NX v22.5.4 Daemon Server] - 2026-03-16T04:10:39.991Z - Closed a connection. Number of open connections: 0
[NX v22.5.4 Daemon Server] - 2026-03-16T04:10:44.145Z - Established a connection. Number of open connections: 1
[NX v22.5.4 Daemon Server] - 2026-03-16T04:10:44.146Z - Closed a connection. Number of open connections: 0
[NX v22.5.4 Daemon Server] - 2026-03-16T04:10:44.146Z - Established a connection. Number of open connections: 1
[NX v22.5.4 Daemon Server] - 2026-03-16T04:10:44.146Z - Closed a connection. Number of open connections: 0
[NX v22.5.4 Daemon Server] - 2026-03-16T04:10:44.146Z - Established a connection. Number of open connections: 1
[NX v22.5.4 Daemon Client] - 2026-03-16T04:10:44.146Z - [Messenger] Setting up socket listeners
[NX v22.5.4 Daemon Client] - 2026-03-16T04:10:44.147Z - [Messenger] listen() complete
[NX v22.5.4 Daemon Client] - 2026-03-16T04:10:44.147Z - [Messenger] Sending message type: GET_NX_CONSOLE_STATUS
[NX v22.5.4 Daemon Client] - 2026-03-16T04:10:44.147Z - [Messenger] Message sent
[NX v22.5.4 Daemon Server] - 2026-03-16T04:10:44.153Z - Received raw message of length 32
[NX v22.5.4 Daemon Server] - 2026-03-16T04:10:44.153Z - Received json message of type GET_NX_CONSOLE_STATUS
[NX v22.5.4 Daemon Server] - 2026-03-16T04:10:44.153Z - Serializing response for GET_NX_CONSOLE_STATUS message in json mode
[NX v22.5.4 Daemon Server] - 2026-03-16T04:10:44.153Z - Responding to GET_NX_CONSOLE_STATUS message
[NX v22.5.4 Daemon Server] - 2026-03-16T04:10:44.153Z - [REQUEST]: Responding to the client. handleGetNxConsoleStatus
[NX v22.5.4 Daemon Server] - 2026-03-16T04:10:44.153Z - Done responding to the client handleGetNxConsoleStatus
[NX v22.5.4 Daemon Server] - 2026-03-16T04:10:44.153Z - Handled json message GET_NX_CONSOLE_STATUS. Handling time: 0. Response time: 0.
[NX v22.5.4 Daemon Client] - 2026-03-16T04:10:44.153Z - [Messenger] Received message, length: 22
[NX v22.5.4 Daemon Client] - 2026-03-16T04:10:44.172Z - [Messenger] Sending message type: REQUEST_PROJECT_GRAPH
[NX v22.5.4 Daemon Client] - 2026-03-16T04:10:44.172Z - [Messenger] Message sent
[NX v22.5.4 Daemon Server] - 2026-03-16T04:10:44.172Z - Received raw message of length 32
[NX v22.5.4 Daemon Server] - 2026-03-16T04:10:44.172Z - Received json message of type REQUEST_PROJECT_GRAPH
[NX v22.5.4 Daemon Server] - 2026-03-16T04:10:44.172Z - [REQUEST]: Client Request for Project Graph Received
[NX v22.5.4 Daemon Server] - 2026-03-16T04:10:44.172Z - Reusing in-memory cached project graph because no files changed.
[NX v22.5.4 Daemon Server] - 2026-03-16T04:10:44.172Z - Serializing response for REQUEST_PROJECT_GRAPH message in json mode
[NX v22.5.4 Daemon Server] - 2026-03-16T04:10:44.172Z - Responding to REQUEST_PROJECT_GRAPH message
[NX v22.5.4 Daemon Server] - 2026-03-16T04:10:44.172Z - [REQUEST]: Responding to the client. project-graph
[NX v22.5.4 Daemon Server] - 2026-03-16T04:10:44.172Z - Time taken for 'total for creating and serializing project graph' 0.18541599999934988ms
[NX v22.5.4 Daemon Server] - 2026-03-16T04:10:44.175Z - Done responding to the client project-graph
[NX v22.5.4 Daemon Server] - 2026-03-16T04:10:44.175Z - Handled json message REQUEST_PROJECT_GRAPH. Handling time: 0. Response time: 3.
[NX v22.5.4 Daemon Client] - 2026-03-16T04:10:44.175Z - [Messenger] Received message, length: 1117313
[NX v22.5.4 Daemon Server] - 2026-03-16T04:10:44.180Z - Closed a connection. Number of open connections: 0
[NX v22.5.4 Daemon Server] - 2026-03-16T04:10:46.458Z - Established a connection. Number of open connections: 1
[NX v22.5.4 Daemon Server] - 2026-03-16T04:10:46.459Z - Closed a connection. Number of open connections: 0
[NX v22.5.4 Daemon Server] - 2026-03-16T04:10:46.459Z - Established a connection. Number of open connections: 1
[NX v22.5.4 Daemon Server] - 2026-03-16T04:10:46.459Z - Closed a connection. Number of open connections: 0
[NX v22.5.4 Daemon Server] - 2026-03-16T04:10:46.460Z - Established a connection. Number of open connections: 1
[NX v22.5.4 Daemon Client] - 2026-03-16T04:10:46.460Z - [Messenger] Setting up socket listeners
[NX v22.5.4 Daemon Client] - 2026-03-16T04:10:46.460Z - [Messenger] listen() complete
[NX v22.5.4 Daemon Client] - 2026-03-16T04:10:46.460Z - [Messenger] Sending message type: GET_NX_CONSOLE_STATUS
[NX v22.5.4 Daemon Client] - 2026-03-16T04:10:46.461Z - [Messenger] Message sent
[NX v22.5.4 Daemon Server] - 2026-03-16T04:10:46.466Z - Received raw message of length 32
[NX v22.5.4 Daemon Server] - 2026-03-16T04:10:46.466Z - Received json message of type GET_NX_CONSOLE_STATUS
[NX v22.5.4 Daemon Server] - 2026-03-16T04:10:46.466Z - Serializing response for GET_NX_CONSOLE_STATUS message in json mode
[NX v22.5.4 Daemon Server] - 2026-03-16T04:10:46.466Z - Responding to GET_NX_CONSOLE_STATUS message
[NX v22.5.4 Daemon Server] - 2026-03-16T04:10:46.466Z - [REQUEST]: Responding to the client. handleGetNxConsoleStatus
[NX v22.5.4 Daemon Server] - 2026-03-16T04:10:46.466Z - Done responding to the client handleGetNxConsoleStatus
[NX v22.5.4 Daemon Server] - 2026-03-16T04:10:46.466Z - Handled json message GET_NX_CONSOLE_STATUS. Handling time: 0. Response time: 0.
[NX v22.5.4 Daemon Client] - 2026-03-16T04:10:46.466Z - [Messenger] Received message, length: 22
[NX v22.5.4 Daemon Client] - 2026-03-16T04:10:46.481Z - [Messenger] Sending message type: REQUEST_PROJECT_GRAPH
[NX v22.5.4 Daemon Client] - 2026-03-16T04:10:46.481Z - [Messenger] Message sent
[NX v22.5.4 Daemon Server] - 2026-03-16T04:10:46.481Z - Received raw message of length 32
[NX v22.5.4 Daemon Server] - 2026-03-16T04:10:46.481Z - Received json message of type REQUEST_PROJECT_GRAPH
[NX v22.5.4 Daemon Server] - 2026-03-16T04:10:46.481Z - [REQUEST]: Client Request for Project Graph Received
[NX v22.5.4 Daemon Server] - 2026-03-16T04:10:46.481Z - Reusing in-memory cached project graph because no files changed.
[NX v22.5.4 Daemon Server] - 2026-03-16T04:10:46.481Z - Serializing response for REQUEST_PROJECT_GRAPH message in json mode
[NX v22.5.4 Daemon Server] - 2026-03-16T04:10:46.481Z - Responding to REQUEST_PROJECT_GRAPH message
[NX v22.5.4 Daemon Server] - 2026-03-16T04:10:46.481Z - [REQUEST]: Responding to the client. project-graph
[NX v22.5.4 Daemon Server] - 2026-03-16T04:10:46.481Z - Time taken for 'total for creating and serializing project graph' 0.1329169999999067ms
[NX v22.5.4 Daemon Server] - 2026-03-16T04:10:46.484Z - Done responding to the client project-graph
[NX v22.5.4 Daemon Server] - 2026-03-16T04:10:46.484Z - Handled json message REQUEST_PROJECT_GRAPH. Handling time: 0. Response time: 3.
[NX v22.5.4 Daemon Client] - 2026-03-16T04:10:46.485Z - [Messenger] Received message, length: 1117313
[NX v22.5.4 Daemon Server] - 2026-03-16T04:10:46.489Z - Closed a connection. Number of open connections: 0
[NX v22.5.4 Daemon Server] - 2026-03-16T04:11:41.665Z - [WATCHER]: 0 file(s) created or restored, 0 file(s) modified, 0 file(s) deleted
[NX v22.5.4 Daemon Server] - 2026-03-16T04:11:41.766Z - [REQUEST]: Updated workspace context based on watched changes, recomputing project graph...
[NX v22.5.4 Daemon Server] - 2026-03-16T04:11:41.766Z - [REQUEST]: 
[NX v22.5.4 Daemon Server] - 2026-03-16T04:11:41.766Z - [REQUEST]: 
[NX v22.5.4 Daemon Server] - 2026-03-16T04:11:41.772Z - Time taken for 'hash changed files from watcher' 0.38445799999317387ms
Time for 'plugin worker 10366 code loading' 2.815583
Time for 'plugin worker 10367 code loading' 3.632625000000001
Time for 'plugin worker 10365 code loading' 3.7251250000000002
Time for 'plugin worker 10369 code loading' 3.467042000000001
Time for 'plugin worker 10368 code loading' 3.4333340000000003
Time for 'plugin worker 10370 code loading' 3.273624999999999
[NX v22.5.4 Daemon Server] - 2026-03-16T04:11:41.801Z - Time taken for 'start-plugin-worker:@nx/eslint/plugin' 32.32712499999616ms
[NX v22.5.4 Daemon Server] - 2026-03-16T04:11:41.802Z - Time taken for 'start-plugin-worker:nx/core/project-json' 30.955042000001413ms
Time for 'nx/core/package-json:createNodes' 2.395916999999997
Time for 'nx/js/dependencies-and-lockfile:createNodes' 3.6271249999999924
[NX v22.5.4 Daemon Server] - 2026-03-16T04:11:41.901Z - Established a connection. Number of open connections: 1
[NX v22.5.4 Daemon Server] - 2026-03-16T04:11:41.901Z - Closed a connection. Number of open connections: 0
[NX v22.5.4 Daemon Server] - 2026-03-16T04:11:41.901Z - Established a connection. Number of open connections: 1
[NX v22.5.4 Daemon Client] - 2026-03-16T04:11:41.901Z - [Messenger] Setting up socket listeners
[NX v22.5.4 Daemon Client] - 2026-03-16T04:11:41.902Z - [Messenger] listen() complete
[NX v22.5.4 Daemon Client] - 2026-03-16T04:11:41.902Z - [Messenger] Sending message type: HASH_MULTI_GLOB
[NX v22.5.4 Daemon Client] - 2026-03-16T04:11:41.902Z - [Messenger] Message sent
Time for 'daemon-message-serialization-HASH_MULTI_GLOB' 0.10541600000000528
[NX v22.5.4 Daemon Server] - 2026-03-16T04:11:41.909Z - Received raw message of length 50
[NX v22.5.4 Daemon Server] - 2026-03-16T04:11:41.909Z - Received json message of type HASH_MULTI_GLOB
[NX v22.5.4 Daemon Server] - 2026-03-16T04:11:41.909Z - Serializing response for HASH_GLOB message in json mode
[NX v22.5.4 Daemon Server] - 2026-03-16T04:11:41.909Z - Responding to HASH_GLOB message
[NX v22.5.4 Daemon Server] - 2026-03-16T04:11:41.909Z - [REQUEST]: Responding to the client. handleHashMultiGlob
[NX v22.5.4 Daemon Server] - 2026-03-16T04:11:41.909Z - Done responding to the client handleHashMultiGlob
[NX v22.5.4 Daemon Server] - 2026-03-16T04:11:41.909Z - Handled json message HASH_GLOB. Handling time: 0. Response time: 0.
[NX v22.5.4 Daemon Client] - 2026-03-16T04:11:41.909Z - [Messenger] Received message, length: 23
[NX v22.5.4 Daemon Server] - 2026-03-16T04:11:41.913Z - Closed a connection. Number of open connections: 0
[NX v22.5.4 Daemon Server] - 2026-03-16T04:11:41.917Z - Established a connection. Number of open connections: 1
[NX v22.5.4 Daemon Server] - 2026-03-16T04:11:41.918Z - Closed a connection. Number of open connections: 0
[NX v22.5.4 Daemon Server] - 2026-03-16T04:11:41.918Z - Established a connection. Number of open connections: 1
[NX v22.5.4 Daemon Client] - 2026-03-16T04:11:41.918Z - [Messenger] Setting up socket listeners
[NX v22.5.4 Daemon Client] - 2026-03-16T04:11:41.918Z - [Messenger] listen() complete
[NX v22.5.4 Daemon Client] - 2026-03-16T04:11:41.918Z - [Messenger] Sending message type: GLOB
[NX v22.5.4 Daemon Client] - 2026-03-16T04:11:41.919Z - [Messenger] Message sent
Time for 'daemon-message-serialization-GLOB' 0.08804100000000403
[NX v22.5.4 Daemon Server] - 2026-03-16T04:11:41.925Z - Received raw message of length 73
[NX v22.5.4 Daemon Server] - 2026-03-16T04:11:41.925Z - Received json message of type GLOB
[NX v22.5.4 Daemon Server] - 2026-03-16T04:11:41.926Z - Serializing response for GLOB message in json mode
[NX v22.5.4 Daemon Server] - 2026-03-16T04:11:41.926Z - Responding to GLOB message
[NX v22.5.4 Daemon Server] - 2026-03-16T04:11:41.926Z - [REQUEST]: Responding to the client. handleGlob
[NX v22.5.4 Daemon Server] - 2026-03-16T04:11:41.926Z - Done responding to the client handleGlob
[NX v22.5.4 Daemon Server] - 2026-03-16T04:11:41.927Z - Handled json message GLOB. Handling time: 1. Response time: 1.
[NX v22.5.4 Daemon Client] - 2026-03-16T04:11:41.927Z - [Messenger] Received message, length: 30673
[NX v22.5.4 Daemon Client] - 2026-03-16T04:11:41.927Z - [Messenger] Sending message type: HASH_MULTI_GLOB
[NX v22.5.4 Daemon Client] - 2026-03-16T04:11:41.927Z - [Messenger] Message sent
[NX v22.5.4 Daemon Server] - 2026-03-16T04:11:41.927Z - Received raw message of length 277
[NX v22.5.4 Daemon Server] - 2026-03-16T04:11:41.927Z - Received json message of type HASH_MULTI_GLOB
[NX v22.5.4 Daemon Server] - 2026-03-16T04:11:41.928Z - Serializing response for HASH_GLOB message in json mode
[NX v22.5.4 Daemon Server] - 2026-03-16T04:11:41.928Z - Responding to HASH_GLOB message
[NX v22.5.4 Daemon Server] - 2026-03-16T04:11:41.928Z - [REQUEST]: Responding to the client. handleHashMultiGlob
[NX v22.5.4 Daemon Server] - 2026-03-16T04:11:41.928Z - Done responding to the client handleHashMultiGlob
[NX v22.5.4 Daemon Server] - 2026-03-16T04:11:41.928Z - Handled json message HASH_GLOB. Handling time: 1. Response time: 0.
[NX v22.5.4 Daemon Client] - 2026-03-16T04:11:41.928Z - [Messenger] Received message, length: 88
Time for 'GLOB round trip' 8.340790999999996
Time for 'deserialize daemon response - GLOB' 0.09212500000001
Time for 'daemon-message-serialization-HASH_MULTI_GLOB' 0.008916999999996733
[NX v22.5.4 Daemon Server] - 2026-03-16T04:11:41.984Z - Time taken for 'build-project-configs' 209.9832499999975ms
[NX v22.5.4 Daemon Server] - 2026-03-16T04:11:41.987Z - Closed a connection. Number of open connections: 0
Time for 'build typescript dependencies' 0.09766700000000128
[NX v22.5.4 Daemon Server] - 2026-03-16T04:11:41.996Z - [SYNC]: collect registered sync generators
[NX v22.5.4 Daemon Server] - 2026-03-16T04:11:41.996Z - [SYNC]: project graph hash is the same, not collecting task sync generators
[NX v22.5.4 Daemon Server] - 2026-03-16T04:11:41.996Z - [SYNC]: nx.json hash is the same, not collecting global sync generators
[NX v22.5.4 Daemon Server] - 2026-03-16T04:11:41.996Z - Time taken for 'total execution time for createProjectGraph()' 15.987332999997307ms
[NX v22.5.4 Daemon Server] - 2026-03-16T04:11:46.900Z - [WATCHER]: 1 file(s) created or restored, 0 file(s) modified, 1 file(s) deleted
[NX v22.5.4 Daemon Server] - 2026-03-16T04:11:46.900Z - [SYNC]: clearing sync generators cache due to file changes
[NX v22.5.4 Daemon Server] - 2026-03-16T04:11:46.900Z - [WATCHER]: Processing file changes in outputs
[NX v22.5.4 Daemon Server] - 2026-03-16T04:11:47.003Z - [REQUEST]: Updated workspace context based on watched changes, recomputing project graph...
[NX v22.5.4 Daemon Server] - 2026-03-16T04:11:47.003Z - [REQUEST]: libs/shared/types/src/lib/subscription-status.ts
[NX v22.5.4 Daemon Server] - 2026-03-16T04:11:47.003Z - [REQUEST]: libs/shared/types/src/lib/subscription-status.ts.tmp.93003.1773634306844
[NX v22.5.4 Daemon Server] - 2026-03-16T04:11:47.007Z - Time taken for 'hash changed files from watcher' 0.5378339999879245ms
Time for 'plugin worker 10448 code loading' 3.192957999999999
Time for 'plugin worker 10449 code loading' 3.2281250000000004
Time for 'plugin worker 10450 code loading' 3.3390830000000005
Time for 'plugin worker 10452 code loading' 3.4063750000000006
Time for 'plugin worker 10451 code loading' 3.349667
Time for 'plugin worker 10453 code loading' 3.409749999999999
[NX v22.5.4 Daemon Server] - 2026-03-16T04:11:47.038Z - Time taken for 'start-plugin-worker:@nx/eslint/plugin' 33.500333999996656ms
Time for 'nx/core/package-json:createNodes' 2.2504160000000013
Time for 'nx/js/dependencies-and-lockfile:createNodes' 3.3994169999999997
[NX v22.5.4 Daemon Server] - 2026-03-16T04:11:47.138Z - Established a connection. Number of open connections: 1
[NX v22.5.4 Daemon Server] - 2026-03-16T04:11:47.138Z - Closed a connection. Number of open connections: 0
[NX v22.5.4 Daemon Server] - 2026-03-16T04:11:47.138Z - Established a connection. Number of open connections: 1
[NX v22.5.4 Daemon Client] - 2026-03-16T04:11:47.138Z - [Messenger] Setting up socket listeners
[NX v22.5.4 Daemon Client] - 2026-03-16T04:11:47.138Z - [Messenger] listen() complete
[NX v22.5.4 Daemon Client] - 2026-03-16T04:11:47.139Z - [Messenger] Sending message type: HASH_MULTI_GLOB
[NX v22.5.4 Daemon Client] - 2026-03-16T04:11:47.139Z - [Messenger] Message sent
Time for 'daemon-message-serialization-HASH_MULTI_GLOB' 0.09445900000000051
[NX v22.5.4 Daemon Server] - 2026-03-16T04:11:47.145Z - Received raw message of length 50
[NX v22.5.4 Daemon Server] - 2026-03-16T04:11:47.145Z - Received json message of type HASH_MULTI_GLOB
[NX v22.5.4 Daemon Server] - 2026-03-16T04:11:47.146Z - Serializing response for HASH_GLOB message in json mode
[NX v22.5.4 Daemon Server] - 2026-03-16T04:11:47.146Z - Responding to HASH_GLOB message
[NX v22.5.4 Daemon Server] - 2026-03-16T04:11:47.146Z - [REQUEST]: Responding to the client. handleHashMultiGlob
[NX v22.5.4 Daemon Server] - 2026-03-16T04:11:47.146Z - Done responding to the client handleHashMultiGlob
[NX v22.5.4 Daemon Server] - 2026-03-16T04:11:47.146Z - Handled json message HASH_GLOB. Handling time: 1. Response time: 0.
[NX v22.5.4 Daemon Client] - 2026-03-16T04:11:47.146Z - [Messenger] Received message, length: 24
[NX v22.5.4 Daemon Server] - 2026-03-16T04:11:47.155Z - Established a connection. Number of open connections: 2
[NX v22.5.4 Daemon Server] - 2026-03-16T04:11:47.156Z - Closed a connection. Number of open connections: 1
[NX v22.5.4 Daemon Server] - 2026-03-16T04:11:47.156Z - Established a connection. Number of open connections: 2
[NX v22.5.4 Daemon Client] - 2026-03-16T04:11:47.156Z - [Messenger] Setting up socket listeners
[NX v22.5.4 Daemon Client] - 2026-03-16T04:11:47.156Z - [Messenger] listen() complete
[NX v22.5.4 Daemon Client] - 2026-03-16T04:11:47.157Z - [Messenger] Sending message type: GLOB
[NX v22.5.4 Daemon Client] - 2026-03-16T04:11:47.157Z - [Messenger] Message sent
Time for 'daemon-message-serialization-GLOB' 0.1854579999999828
[NX v22.5.4 Daemon Server] - 2026-03-16T04:11:47.164Z - Received raw message of length 73
[NX v22.5.4 Daemon Server] - 2026-03-16T04:11:47.164Z - Received json message of type GLOB
[NX v22.5.4 Daemon Server] - 2026-03-16T04:11:47.165Z - Serializing response for GLOB message in json mode
[NX v22.5.4 Daemon Server] - 2026-03-16T04:11:47.165Z - Responding to GLOB message
[NX v22.5.4 Daemon Server] - 2026-03-16T04:11:47.165Z - [REQUEST]: Responding to the client. handleGlob
[NX v22.5.4 Daemon Server] - 2026-03-16T04:11:47.165Z - Done responding to the client handleGlob
[NX v22.5.4 Daemon Server] - 2026-03-16T04:11:47.165Z - Handled json message GLOB. Handling time: 1. Response time: 0.
[NX v22.5.4 Daemon Client] - 2026-03-16T04:11:47.165Z - [Messenger] Received message, length: 30724
[NX v22.5.4 Daemon Client] - 2026-03-16T04:11:47.166Z - [Messenger] Sending message type: HASH_MULTI_GLOB
[NX v22.5.4 Daemon Client] - 2026-03-16T04:11:47.167Z - [Messenger] Message sent
[NX v22.5.4 Daemon Server] - 2026-03-16T04:11:47.167Z - Received raw message of length 277
[NX v22.5.4 Daemon Server] - 2026-03-16T04:11:47.167Z - Received json message of type HASH_MULTI_GLOB
[NX v22.5.4 Daemon Server] - 2026-03-16T04:11:47.167Z - Serializing response for HASH_GLOB message in json mode
[NX v22.5.4 Daemon Server] - 2026-03-16T04:11:47.168Z - Responding to HASH_GLOB message
[NX v22.5.4 Daemon Server] - 2026-03-16T04:11:47.168Z - [REQUEST]: Responding to the client. handleHashMultiGlob
[NX v22.5.4 Daemon Server] - 2026-03-16T04:11:47.168Z - Done responding to the client handleHashMultiGlob
[NX v22.5.4 Daemon Server] - 2026-03-16T04:11:47.168Z - Handled json message HASH_GLOB. Handling time: 0. Response time: 1.
Time for 'GLOB round trip' 9.088209000000006
Time for 'deserialize daemon response - GLOB' 0.10445899999999142
Time for 'daemon-message-serialization-HASH_MULTI_GLOB' 0.01233299999998394
[NX v22.5.4 Daemon Client] - 2026-03-16T04:11:47.168Z - [Messenger] Received message, length: 89
[NX v22.5.4 Daemon Server] - 2026-03-16T04:11:47.171Z - Closed a connection. Number of open connections: 1
Time for 'HASH_MULTI_GLOB round trip' 1.2893339999999966
Time for 'deserialize daemon response - HASH_MULTI_GLOB' 0.007417000000003782
[baseline-browser-mapping] The data in this module is over two months old.  To ensure accurate Baseline data, please update: `npm i baseline-browser-mapping@latest -D`
[NX v22.5.4 Daemon Server] - 2026-03-16T04:11:47.544Z - Time taken for 'build-project-configs' 534.3424579999992ms
[NX v22.5.4 Daemon Server] - 2026-03-16T04:11:47.550Z - Closed a connection. Number of open connections: 0
Time for 'build typescript dependencies' 3.627375000000029
[NX v22.5.4 Daemon Server] - 2026-03-16T04:11:47.561Z - [SYNC]: collect registered sync generators
[NX v22.5.4 Daemon Server] - 2026-03-16T04:11:47.561Z - [SYNC]: project graph hash is the same, not collecting task sync generators
[NX v22.5.4 Daemon Server] - 2026-03-16T04:11:47.561Z - [SYNC]: nx.json hash is the same, not collecting global sync generators
[NX v22.5.4 Daemon Server] - 2026-03-16T04:11:47.561Z - Time taken for 'total execution time for createProjectGraph()' 20.501665999996476ms
[NX v22.5.4 Daemon Server] - 2026-03-16T04:11:57.680Z - [WATCHER]: 1 file(s) created or restored, 0 file(s) modified, 1 file(s) deleted
[NX v22.5.4 Daemon Server] - 2026-03-16T04:11:57.681Z - [SYNC]: clearing sync generators cache due to file changes
[NX v22.5.4 Daemon Server] - 2026-03-16T04:11:57.681Z - [WATCHER]: Processing file changes in outputs
[NX v22.5.4 Daemon Server] - 2026-03-16T04:11:57.782Z - [REQUEST]: Updated workspace context based on watched changes, recomputing project graph...
[NX v22.5.4 Daemon Server] - 2026-03-16T04:11:57.782Z - [REQUEST]: libs/shared/types/src/lib/welcome-email-status.ts
[NX v22.5.4 Daemon Server] - 2026-03-16T04:11:57.782Z - [REQUEST]: libs/shared/types/src/lib/welcome-email-status.ts.tmp.93003.1773634317626
[NX v22.5.4 Daemon Server] - 2026-03-16T04:11:57.787Z - Time taken for 'hash changed files from watcher' 0.4782909999921685ms
Time for 'plugin worker 10514 code loading' 2.8470840000000006
Time for 'plugin worker 10515 code loading' 2.8670409999999986
[NX v22.5.4 Daemon Server] - 2026-03-16T04:11:57.807Z - Time taken for 'start-plugin-worker:@nx/eslint/plugin' 22.704540999999153ms
Time for 'plugin worker 10516 code loading' 3.0454170000000005
Time for 'plugin worker 10517 code loading' 3.311584
Time for 'plugin worker 10519 code loading' 3.1986250000000007
Time for 'plugin worker 10518 code loading' 2.918042
Time for 'nx/core/package-json:createNodes' 2.3129160000000013
Time for 'nx/js/dependencies-and-lockfile:createNodes' 3.562125000000009
[NX v22.5.4 Daemon Server] - 2026-03-16T04:11:57.906Z - Established a connection. Number of open connections: 1
[NX v22.5.4 Daemon Server] - 2026-03-16T04:11:57.906Z - Closed a connection. Number of open connections: 0
[NX v22.5.4 Daemon Server] - 2026-03-16T04:11:57.906Z - Established a connection. Number of open connections: 1
[NX v22.5.4 Daemon Client] - 2026-03-16T04:11:57.906Z - [Messenger] Setting up socket listeners
[NX v22.5.4 Daemon Client] - 2026-03-16T04:11:57.907Z - [Messenger] listen() complete
[NX v22.5.4 Daemon Client] - 2026-03-16T04:11:57.907Z - [Messenger] Sending message type: HASH_MULTI_GLOB
[NX v22.5.4 Daemon Client] - 2026-03-16T04:11:57.907Z - [Messenger] Message sent
Time for 'daemon-message-serialization-HASH_MULTI_GLOB' 0.09837500000000432
[NX v22.5.4 Daemon Server] - 2026-03-16T04:11:57.913Z - Received raw message of length 50
[NX v22.5.4 Daemon Server] - 2026-03-16T04:11:57.914Z - Received json message of type HASH_MULTI_GLOB
[NX v22.5.4 Daemon Server] - 2026-03-16T04:11:57.914Z - Serializing response for HASH_GLOB message in json mode
[NX v22.5.4 Daemon Server] - 2026-03-16T04:11:57.914Z - Responding to HASH_GLOB message
[NX v22.5.4 Daemon Server] - 2026-03-16T04:11:57.914Z - [REQUEST]: Responding to the client. handleHashMultiGlob
[NX v22.5.4 Daemon Server] - 2026-03-16T04:11:57.914Z - Done responding to the client handleHashMultiGlob
[NX v22.5.4 Daemon Server] - 2026-03-16T04:11:57.914Z - Handled json message HASH_GLOB. Handling time: 0. Response time: 0.
[NX v22.5.4 Daemon Client] - 2026-03-16T04:11:57.914Z - [Messenger] Received message, length: 22
[NX v22.5.4 Daemon Server] - 2026-03-16T04:11:57.922Z - Established a connection. Number of open connections: 2
[NX v22.5.4 Daemon Server] - 2026-03-16T04:11:57.922Z - Closed a connection. Number of open connections: 1
[NX v22.5.4 Daemon Server] - 2026-03-16T04:11:57.923Z - Established a connection. Number of open connections: 2
[NX v22.5.4 Daemon Client] - 2026-03-16T04:11:57.922Z - [Messenger] Setting up socket listeners
[NX v22.5.4 Daemon Client] - 2026-03-16T04:11:57.923Z - [Messenger] listen() complete
[NX v22.5.4 Daemon Client] - 2026-03-16T04:11:57.923Z - [Messenger] Sending message type: GLOB
[NX v22.5.4 Daemon Client] - 2026-03-16T04:11:57.924Z - [Messenger] Message sent
Time for 'daemon-message-serialization-GLOB' 0.09045900000000984
[NX v22.5.4 Daemon Server] - 2026-03-16T04:11:57.930Z - Received raw message of length 73
[NX v22.5.4 Daemon Server] - 2026-03-16T04:11:57.930Z - Received json message of type GLOB
[NX v22.5.4 Daemon Server] - 2026-03-16T04:11:57.931Z - Serializing response for GLOB message in json mode
[NX v22.5.4 Daemon Server] - 2026-03-16T04:11:57.931Z - Responding to GLOB message
[NX v22.5.4 Daemon Server] - 2026-03-16T04:11:57.931Z - [REQUEST]: Responding to the client. handleGlob
[NX v22.5.4 Daemon Server] - 2026-03-16T04:11:57.932Z - Done responding to the client handleGlob
[NX v22.5.4 Daemon Server] - 2026-03-16T04:11:57.932Z - Handled json message GLOB. Handling time: 1. Response time: 1.
[NX v22.5.4 Daemon Client] - 2026-03-16T04:11:57.932Z - [Messenger] Received message, length: 30776
[NX v22.5.4 Daemon Client] - 2026-03-16T04:11:57.933Z - [Messenger] Sending message type: HASH_MULTI_GLOB
[NX v22.5.4 Daemon Client] - 2026-03-16T04:11:57.933Z - [Messenger] Message sent
[NX v22.5.4 Daemon Server] - 2026-03-16T04:11:57.933Z - Received raw message of length 277
[NX v22.5.4 Daemon Server] - 2026-03-16T04:11:57.933Z - Received json message of type HASH_MULTI_GLOB
[NX v22.5.4 Daemon Server] - 2026-03-16T04:11:57.934Z - Serializing response for HASH_GLOB message in json mode
[NX v22.5.4 Daemon Server] - 2026-03-16T04:11:57.934Z - Responding to HASH_GLOB message
[NX v22.5.4 Daemon Server] - 2026-03-16T04:11:57.934Z - [REQUEST]: Responding to the client. handleHashMultiGlob
[NX v22.5.4 Daemon Server] - 2026-03-16T04:11:57.934Z - Done responding to the client handleHashMultiGlob
[NX v22.5.4 Daemon Server] - 2026-03-16T04:11:57.934Z - Handled json message HASH_GLOB. Handling time: 1. Response time: 0.
Time for 'GLOB round trip' 8.57208399999999
Time for 'deserialize daemon response - GLOB' 0.09062499999998863
Time for 'daemon-message-serialization-HASH_MULTI_GLOB' 0.011124999999992724
[NX v22.5.4 Daemon Client] - 2026-03-16T04:11:57.934Z - [Messenger] Received message, length: 87
[NX v22.5.4 Daemon Server] - 2026-03-16T04:11:57.939Z - Closed a connection. Number of open connections: 1
Time for 'HASH_MULTI_GLOB round trip' 1.122540999999984
Time for 'deserialize daemon response - HASH_MULTI_GLOB' 0.007290999999980841
[baseline-browser-mapping] The data in this module is over two months old.  To ensure accurate Baseline data, please update: `npm i baseline-browser-mapping@latest -D`
[NX v22.5.4 Daemon Server] - 2026-03-16T04:11:58.317Z - Time taken for 'build-project-configs' 529.9157080000004ms
[NX v22.5.4 Daemon Server] - 2026-03-16T04:11:58.324Z - Closed a connection. Number of open connections: 0
Time for 'build typescript dependencies' 3.5192089999999325
[NX v22.5.4 Daemon Server] - 2026-03-16T04:11:58.336Z - [SYNC]: collect registered sync generators
[NX v22.5.4 Daemon Server] - 2026-03-16T04:11:58.336Z - [SYNC]: project graph hash is the same, not collecting task sync generators
[NX v22.5.4 Daemon Server] - 2026-03-16T04:11:58.336Z - [SYNC]: nx.json hash is the same, not collecting global sync generators
[NX v22.5.4 Daemon Server] - 2026-03-16T04:11:58.337Z - Time taken for 'total execution time for createProjectGraph()' 21.325333000000683ms
[NX v22.5.4 Daemon Server] - 2026-03-16T04:12:14.536Z - [WATCHER]: 1 file(s) created or restored, 0 file(s) modified, 1 file(s) deleted
[NX v22.5.4 Daemon Server] - 2026-03-16T04:12:14.536Z - [SYNC]: clearing sync generators cache due to file changes
[NX v22.5.4 Daemon Server] - 2026-03-16T04:12:14.536Z - [WATCHER]: Processing file changes in outputs
[NX v22.5.4 Daemon Server] - 2026-03-16T04:12:14.638Z - [REQUEST]: Updated workspace context based on watched changes, recomputing project graph...
[NX v22.5.4 Daemon Server] - 2026-03-16T04:12:14.638Z - [REQUEST]: libs/shared/types/src/lib/profile-data.ts
[NX v22.5.4 Daemon Server] - 2026-03-16T04:12:14.638Z - [REQUEST]: libs/shared/types/src/lib/profile-data.ts.tmp.93003.1773634334443
[NX v22.5.4 Daemon Server] - 2026-03-16T04:12:14.643Z - Time taken for 'hash changed files from watcher' 0.4416670000064187ms
[NX v22.5.4 Daemon Server] - 2026-03-16T04:12:14.662Z - Time taken for 'start-plugin-worker:@nx/eslint/plugin' 22.427624999996624ms
Time for 'plugin worker 10606 code loading' 2.731917
Time for 'plugin worker 10604 code loading' 3.417
Time for 'plugin worker 10602 code loading' 3.2160829999999994
Time for 'plugin worker 10605 code loading' 3.3292919999999997
Time for 'plugin worker 10603 code loading' 3.4626660000000005
Time for 'plugin worker 10601 code loading' 3.2835
[NX v22.5.4 Daemon Server] - 2026-03-16T04:12:14.664Z - Time taken for 'start-plugin-worker:nx/core/project-json' 21.871457999994163ms
[NX v22.5.4 Daemon Server] - 2026-03-16T04:12:14.673Z - Time taken for 'start-plugin-worker:@nx/docker' 32.81579199999396ms
Time for 'nx/core/package-json:createNodes' 2.136749999999992
Time for 'nx/js/dependencies-and-lockfile:createNodes' 3.5118329999999958
[NX v22.5.4 Daemon Server] - 2026-03-16T04:12:14.772Z - Established a connection. Number of open connections: 1
[NX v22.5.4 Daemon Server] - 2026-03-16T04:12:14.772Z - Closed a connection. Number of open connections: 0
[NX v22.5.4 Daemon Server] - 2026-03-16T04:12:14.772Z - Established a connection. Number of open connections: 1
[NX v22.5.4 Daemon Client] - 2026-03-16T04:12:14.772Z - [Messenger] Setting up socket listeners
[NX v22.5.4 Daemon Client] - 2026-03-16T04:12:14.773Z - [Messenger] listen() complete
[NX v22.5.4 Daemon Client] - 2026-03-16T04:12:14.773Z - [Messenger] Sending message type: HASH_MULTI_GLOB
[NX v22.5.4 Daemon Client] - 2026-03-16T04:12:14.773Z - [Messenger] Message sent
[NX v22.5.4 Daemon Server] - 2026-03-16T04:12:14.779Z - Established a connection. Number of open connections: 2
[NX v22.5.4 Daemon Server] - 2026-03-16T04:12:14.779Z - Closed a connection. Number of open connections: 1
[NX v22.5.4 Daemon Server] - 2026-03-16T04:12:14.779Z - Established a connection. Number of open connections: 2
Time for 'daemon-message-serialization-HASH_MULTI_GLOB' 0.1004169999999931
[NX v22.5.4 Daemon Server] - 2026-03-16T04:12:14.780Z - Received raw message of length 50
[NX v22.5.4 Daemon Server] - 2026-03-16T04:12:14.780Z - Received json message of type HASH_MULTI_GLOB
[NX v22.5.4 Daemon Client] - 2026-03-16T04:12:14.779Z - [Messenger] Setting up socket listeners
[NX v22.5.4 Daemon Client] - 2026-03-16T04:12:14.780Z - [Messenger] listen() complete
[NX v22.5.4 Daemon Client] - 2026-03-16T04:12:14.780Z - [Messenger] Sending message type: GLOB
[NX v22.5.4 Daemon Client] - 2026-03-16T04:12:14.780Z - [Messenger] Message sent
[NX v22.5.4 Daemon Server] - 2026-03-16T04:12:14.780Z - Serializing response for HASH_GLOB message in json mode
[NX v22.5.4 Daemon Server] - 2026-03-16T04:12:14.780Z - Responding to HASH_GLOB message
[NX v22.5.4 Daemon Server] - 2026-03-16T04:12:14.780Z - [REQUEST]: Responding to the client. handleHashMultiGlob
[NX v22.5.4 Daemon Server] - 2026-03-16T04:12:14.780Z - Done responding to the client handleHashMultiGlob
[NX v22.5.4 Daemon Server] - 2026-03-16T04:12:14.780Z - Handled json message HASH_GLOB. Handling time: 0. Response time: 0.
[NX v22.5.4 Daemon Client] - 2026-03-16T04:12:14.780Z - [Messenger] Received message, length: 23
Time for 'daemon-message-serialization-GLOB' 0.07374999999998977
[NX v22.5.4 Daemon Server] - 2026-03-16T04:12:14.787Z - Received raw message of length 73
[NX v22.5.4 Daemon Server] - 2026-03-16T04:12:14.787Z - Received json message of type GLOB
[NX v22.5.4 Daemon Server] - 2026-03-16T04:12:14.788Z - Serializing response for GLOB message in json mode
[NX v22.5.4 Daemon Server] - 2026-03-16T04:12:14.788Z - Responding to GLOB message
[NX v22.5.4 Daemon Server] - 2026-03-16T04:12:14.788Z - [REQUEST]: Responding to the client. handleGlob
[NX v22.5.4 Daemon Client] - 2026-03-16T04:12:14.788Z - [Messenger] Received message, length: 30820
[NX v22.5.4 Daemon Server] - 2026-03-16T04:12:14.788Z - Done responding to the client handleGlob
[NX v22.5.4 Daemon Server] - 2026-03-16T04:12:14.789Z - Handled json message GLOB. Handling time: 1. Response time: 1.
[NX v22.5.4 Daemon Client] - 2026-03-16T04:12:14.789Z - [Messenger] Sending message type: HASH_MULTI_GLOB
[NX v22.5.4 Daemon Client] - 2026-03-16T04:12:14.789Z - [Messenger] Message sent
[NX v22.5.4 Daemon Server] - 2026-03-16T04:12:14.789Z - Received raw message of length 277
[NX v22.5.4 Daemon Server] - 2026-03-16T04:12:14.790Z - Received json message of type HASH_MULTI_GLOB
[NX v22.5.4 Daemon Server] - 2026-03-16T04:12:14.790Z - Serializing response for HASH_GLOB message in json mode
[NX v22.5.4 Daemon Server] - 2026-03-16T04:12:14.790Z - Responding to HASH_GLOB message
[NX v22.5.4 Daemon Server] - 2026-03-16T04:12:14.790Z - [REQUEST]: Responding to the client. handleHashMultiGlob
[NX v22.5.4 Daemon Server] - 2026-03-16T04:12:14.790Z - Done responding to the client handleHashMultiGlob
[NX v22.5.4 Daemon Server] - 2026-03-16T04:12:14.790Z - Handled json message HASH_GLOB. Handling time: 0. Response time: 0.
Time for 'GLOB round trip' 8.775790999999998
Time for 'deserialize daemon response - GLOB' 0.0976660000000038
Time for 'daemon-message-serialization-HASH_MULTI_GLOB' 0.011958999999990283
[NX v22.5.4 Daemon Client] - 2026-03-16T04:12:14.790Z - [Messenger] Received message, length: 88
[NX v22.5.4 Daemon Server] - 2026-03-16T04:12:14.805Z - Closed a connection. Number of open connections: 1
Time for 'HASH_MULTI_GLOB round trip' 1.2573340000000144
Time for 'deserialize daemon response - HASH_MULTI_GLOB' 0.009500000000002728
[baseline-browser-mapping] The data in this module is over two months old.  To ensure accurate Baseline data, please update: `npm i baseline-browser-mapping@latest -D`
[NX v22.5.4 Daemon Server] - 2026-03-16T04:12:15.172Z - Time taken for 'build-project-configs' 527.8654999999999ms
[NX v22.5.4 Daemon Server] - 2026-03-16T04:12:15.178Z - Closed a connection. Number of open connections: 0
Time for 'build typescript dependencies' 3.4571670000000267
[NX v22.5.4 Daemon Server] - 2026-03-16T04:12:15.188Z - [SYNC]: collect registered sync generators
[NX v22.5.4 Daemon Server] - 2026-03-16T04:12:15.188Z - [SYNC]: project graph hash is the same, not collecting task sync generators
[NX v22.5.4 Daemon Server] - 2026-03-16T04:12:15.188Z - [SYNC]: nx.json hash is the same, not collecting global sync generators
[NX v22.5.4 Daemon Server] - 2026-03-16T04:12:15.188Z - Time taken for 'total execution time for createProjectGraph()' 18.645457999999053ms
[NX v22.5.4 Daemon Server] - 2026-03-16T04:12:33.335Z - [WATCHER]: 1 file(s) created or restored, 0 file(s) modified, 1 file(s) deleted
[NX v22.5.4 Daemon Server] - 2026-03-16T04:12:33.335Z - [SYNC]: clearing sync generators cache due to file changes
[NX v22.5.4 Daemon Server] - 2026-03-16T04:12:33.335Z - [WATCHER]: Processing file changes in outputs
[NX v22.5.4 Daemon Server] - 2026-03-16T04:12:33.436Z - [REQUEST]: Updated workspace context based on watched changes, recomputing project graph...
[NX v22.5.4 Daemon Server] - 2026-03-16T04:12:33.436Z - [REQUEST]: libs/shared/types/src/lib/member-response.ts
[NX v22.5.4 Daemon Server] - 2026-03-16T04:12:33.436Z - [REQUEST]: libs/shared/types/src/lib/member-response.ts.tmp.93003.1773634353240
[NX v22.5.4 Daemon Server] - 2026-03-16T04:12:33.441Z - Time taken for 'hash changed files from watcher' 0.4588330000115093ms
Time for 'plugin worker 10671 code loading' 2.6916659999999997
[NX v22.5.4 Daemon Server] - 2026-03-16T04:12:33.461Z - Time taken for 'start-plugin-worker:@nx/eslint/plugin' 23.226875000007567ms
Time for 'plugin worker 10668 code loading' 3.0893750000000004
[NX v22.5.4 Daemon Server] - 2026-03-16T04:12:33.461Z - Time taken for 'start-plugin-worker:nx/core/package-json' 21.425459000005503ms
Time for 'plugin worker 10672 code loading' 3.076333
Time for 'plugin worker 10670 code loading' 3.093458
Time for 'plugin worker 10669 code loading' 3.2050409999999996
Time for 'plugin worker 10673 code loading' 3.2505830000000007
Time for 'nx/core/package-json:createNodes' 2.3328750000000014
Time for 'nx/js/dependencies-and-lockfile:createNodes' 3.215665999999999
[NX v22.5.4 Daemon Server] - 2026-03-16T04:12:33.564Z - Established a connection. Number of open connections: 1
[NX v22.5.4 Daemon Server] - 2026-03-16T04:12:33.564Z - Closed a connection. Number of open connections: 0
[NX v22.5.4 Daemon Server] - 2026-03-16T04:12:33.564Z - Established a connection. Number of open connections: 1
[NX v22.5.4 Daemon Client] - 2026-03-16T04:12:33.564Z - [Messenger] Setting up socket listeners
[NX v22.5.4 Daemon Client] - 2026-03-16T04:12:33.565Z - [Messenger] listen() complete
[NX v22.5.4 Daemon Client] - 2026-03-16T04:12:33.565Z - [Messenger] Sending message type: HASH_MULTI_GLOB
[NX v22.5.4 Daemon Client] - 2026-03-16T04:12:33.565Z - [Messenger] Message sent
Time for 'daemon-message-serialization-HASH_MULTI_GLOB' 0.11141600000000551
[NX v22.5.4 Daemon Server] - 2026-03-16T04:12:33.572Z - Received raw message of length 50
[NX v22.5.4 Daemon Server] - 2026-03-16T04:12:33.572Z - Received json message of type HASH_MULTI_GLOB
[NX v22.5.4 Daemon Server] - 2026-03-16T04:12:33.572Z - Serializing response for HASH_GLOB message in json mode
[NX v22.5.4 Daemon Server] - 2026-03-16T04:12:33.572Z - Responding to HASH_GLOB message
[NX v22.5.4 Daemon Server] - 2026-03-16T04:12:33.572Z - [REQUEST]: Responding to the client. handleHashMultiGlob
[NX v22.5.4 Daemon Server] - 2026-03-16T04:12:33.572Z - Done responding to the client handleHashMultiGlob
[NX v22.5.4 Daemon Server] - 2026-03-16T04:12:33.572Z - Handled json message HASH_GLOB. Handling time: 0. Response time: 0.
[NX v22.5.4 Daemon Client] - 2026-03-16T04:12:33.572Z - [Messenger] Received message, length: 24
[NX v22.5.4 Daemon Server] - 2026-03-16T04:12:33.582Z - Established a connection. Number of open connections: 2
[NX v22.5.4 Daemon Server] - 2026-03-16T04:12:33.582Z - Closed a connection. Number of open connections: 1
[NX v22.5.4 Daemon Server] - 2026-03-16T04:12:33.583Z - Established a connection. Number of open connections: 2
[NX v22.5.4 Daemon Client] - 2026-03-16T04:12:33.583Z - [Messenger] Setting up socket listeners
[NX v22.5.4 Daemon Client] - 2026-03-16T04:12:33.583Z - [Messenger] listen() complete
[NX v22.5.4 Daemon Client] - 2026-03-16T04:12:33.584Z - [Messenger] Sending message type: GLOB
[NX v22.5.4 Daemon Client] - 2026-03-16T04:12:33.584Z - [Messenger] Message sent
Time for 'daemon-message-serialization-GLOB' 0.08429100000000744
[NX v22.5.4 Daemon Server] - 2026-03-16T04:12:33.591Z - Received raw message of length 73
[NX v22.5.4 Daemon Server] - 2026-03-16T04:12:33.591Z - Received json message of type GLOB
[NX v22.5.4 Daemon Server] - 2026-03-16T04:12:33.591Z - Serializing response for GLOB message in json mode
[NX v22.5.4 Daemon Server] - 2026-03-16T04:12:33.591Z - Responding to GLOB message
[NX v22.5.4 Daemon Server] - 2026-03-16T04:12:33.591Z - [REQUEST]: Responding to the client. handleGlob
[NX v22.5.4 Daemon Server] - 2026-03-16T04:12:33.592Z - Done responding to the client handleGlob
[NX v22.5.4 Daemon Server] - 2026-03-16T04:12:33.592Z - Handled json message GLOB. Handling time: 0. Response time: 1.
[NX v22.5.4 Daemon Client] - 2026-03-16T04:12:33.592Z - [Messenger] Received message, length: 30867
[NX v22.5.4 Daemon Client] - 2026-03-16T04:12:33.593Z - [Messenger] Sending message type: HASH_MULTI_GLOB
[NX v22.5.4 Daemon Client] - 2026-03-16T04:12:33.593Z - [Messenger] Message sent
[NX v22.5.4 Daemon Server] - 2026-03-16T04:12:33.593Z - Received raw message of length 277
[NX v22.5.4 Daemon Server] - 2026-03-16T04:12:33.593Z - Received json message of type HASH_MULTI_GLOB
[NX v22.5.4 Daemon Server] - 2026-03-16T04:12:33.594Z - Serializing response for HASH_GLOB message in json mode
[NX v22.5.4 Daemon Server] - 2026-03-16T04:12:33.594Z - Responding to HASH_GLOB message
[NX v22.5.4 Daemon Server] - 2026-03-16T04:12:33.594Z - [REQUEST]: Responding to the client. handleHashMultiGlob
[NX v22.5.4 Daemon Server] - 2026-03-16T04:12:33.594Z - Done responding to the client handleHashMultiGlob
[NX v22.5.4 Daemon Server] - 2026-03-16T04:12:33.594Z - Handled json message HASH_GLOB. Handling time: 1. Response time: 0.
Time for 'GLOB round trip' 8.836500000000001
Time for 'deserialize daemon response - GLOB' 0.08895800000001941
Time for 'daemon-message-serialization-HASH_MULTI_GLOB' 0.010334000000000287
[NX v22.5.4 Daemon Client] - 2026-03-16T04:12:33.594Z - [Messenger] Received message, length: 89
[NX v22.5.4 Daemon Server] - 2026-03-16T04:12:33.597Z - Closed a connection. Number of open connections: 1
Time for 'HASH_MULTI_GLOB round trip' 1.071374999999989
Time for 'deserialize daemon response - HASH_MULTI_GLOB' 0.005458000000004404
[baseline-browser-mapping] The data in this module is over two months old.  To ensure accurate Baseline data, please update: `npm i baseline-browser-mapping@latest -D`
[NX v22.5.4 Daemon Server] - 2026-03-16T04:12:33.980Z - Time taken for 'build-project-configs' 537.2529590000049ms
[NX v22.5.4 Daemon Server] - 2026-03-16T04:12:33.987Z - Closed a connection. Number of open connections: 0
Time for 'build typescript dependencies' 3.6934590000000753
[NX v22.5.4 Daemon Server] - 2026-03-16T04:12:33.997Z - [SYNC]: collect registered sync generators
[NX v22.5.4 Daemon Server] - 2026-03-16T04:12:33.998Z - [SYNC]: project graph hash is the same, not collecting task sync generators
[NX v22.5.4 Daemon Server] - 2026-03-16T04:12:33.998Z - [SYNC]: nx.json hash is the same, not collecting global sync generators
[NX v22.5.4 Daemon Server] - 2026-03-16T04:12:33.998Z - Time taken for 'total execution time for createProjectGraph()' 20.342499999998836ms
[NX v22.5.4 Daemon Server] - 2026-03-16T04:14:25.244Z - [WATCHER]: 1 file(s) created or restored, 0 file(s) modified, 1 file(s) deleted
[NX v22.5.4 Daemon Server] - 2026-03-16T04:14:25.244Z - [SYNC]: clearing sync generators cache due to file changes
[NX v22.5.4 Daemon Server] - 2026-03-16T04:14:25.244Z - [WATCHER]: Processing file changes in outputs
[NX v22.5.4 Daemon Server] - 2026-03-16T04:14:25.348Z - [REQUEST]: Updated workspace context based on watched changes, recomputing project graph...
[NX v22.5.4 Daemon Server] - 2026-03-16T04:14:25.348Z - [REQUEST]: libs/shared/types/tsconfig.json
[NX v22.5.4 Daemon Server] - 2026-03-16T04:14:25.348Z - [REQUEST]: libs/shared/types/tsconfig.json.tmp.93003.1773634465164
[NX v22.5.4 Daemon Server] - 2026-03-16T04:14:25.357Z - Time taken for 'hash changed files from watcher' 1.2375829999800771ms
Time for 'plugin worker 11138 code loading' 3.952917000000001
Time for 'plugin worker 11137 code loading' 3.961499999999999
Time for 'plugin worker 11139 code loading' 3.9555000000000007
[NX v22.5.4 Daemon Server] - 2026-03-16T04:14:25.386Z - Time taken for 'start-plugin-worker:@nx/eslint/plugin' 34.14870900000096ms
Time for 'plugin worker 11142 code loading' 3.6867079999999994
Time for 'plugin worker 11141 code loading' 3.804791999999999
Time for 'plugin worker 11140 code loading' 3.8159170000000007
[NX v22.5.4 Daemon Server] - 2026-03-16T04:14:25.387Z - Time taken for 'start-plugin-worker:@nx/playwright/plugin' 33.71074999999837ms
[NX v22.5.4 Daemon Server] - 2026-03-16T04:14:25.388Z - Time taken for 'start-plugin-worker:nx/core/package-json' 32.73733399997582ms
Time for 'nx/core/package-json:createNodes' 2.2050409999999943
Time for 'nx/js/dependencies-and-lockfile:createNodes' 3.3735420000000005
[NX v22.5.4 Daemon Server] - 2026-03-16T04:14:25.480Z - Established a connection. Number of open connections: 1
[NX v22.5.4 Daemon Server] - 2026-03-16T04:14:25.480Z - Closed a connection. Number of open connections: 0
[NX v22.5.4 Daemon Server] - 2026-03-16T04:14:25.480Z - Established a connection. Number of open connections: 1
[NX v22.5.4 Daemon Client] - 2026-03-16T04:14:25.480Z - [Messenger] Setting up socket listeners
[NX v22.5.4 Daemon Client] - 2026-03-16T04:14:25.481Z - [Messenger] listen() complete
[NX v22.5.4 Daemon Client] - 2026-03-16T04:14:25.481Z - [Messenger] Sending message type: HASH_MULTI_GLOB
[NX v22.5.4 Daemon Client] - 2026-03-16T04:14:25.481Z - [Messenger] Message sent
Time for 'daemon-message-serialization-HASH_MULTI_GLOB' 0.10849999999999227
[NX v22.5.4 Daemon Server] - 2026-03-16T04:14:25.488Z - Received raw message of length 50
[NX v22.5.4 Daemon Server] - 2026-03-16T04:14:25.488Z - Received json message of type HASH_MULTI_GLOB
[NX v22.5.4 Daemon Server] - 2026-03-16T04:14:25.488Z - Serializing response for HASH_GLOB message in json mode
[NX v22.5.4 Daemon Server] - 2026-03-16T04:14:25.488Z - Responding to HASH_GLOB message
[NX v22.5.4 Daemon Server] - 2026-03-16T04:14:25.488Z - [REQUEST]: Responding to the client. handleHashMultiGlob
[NX v22.5.4 Daemon Server] - 2026-03-16T04:14:25.488Z - Done responding to the client handleHashMultiGlob
[NX v22.5.4 Daemon Server] - 2026-03-16T04:14:25.488Z - Handled json message HASH_GLOB. Handling time: 0. Response time: 0.
[NX v22.5.4 Daemon Client] - 2026-03-16T04:14:25.488Z - [Messenger] Received message, length: 24
[NX v22.5.4 Daemon Server] - 2026-03-16T04:14:25.496Z - Established a connection. Number of open connections: 2
[NX v22.5.4 Daemon Server] - 2026-03-16T04:14:25.496Z - Closed a connection. Number of open connections: 1
[NX v22.5.4 Daemon Server] - 2026-03-16T04:14:25.496Z - Established a connection. Number of open connections: 2
[NX v22.5.4 Daemon Client] - 2026-03-16T04:14:25.496Z - [Messenger] Setting up socket listeners
[NX v22.5.4 Daemon Client] - 2026-03-16T04:14:25.497Z - [Messenger] listen() complete
[NX v22.5.4 Daemon Client] - 2026-03-16T04:14:25.497Z - [Messenger] Sending message type: GLOB
[NX v22.5.4 Daemon Client] - 2026-03-16T04:14:25.497Z - [Messenger] Message sent
Time for 'daemon-message-serialization-GLOB' 0.07774999999998045
[NX v22.5.4 Daemon Server] - 2026-03-16T04:14:25.504Z - Received raw message of length 73
[NX v22.5.4 Daemon Server] - 2026-03-16T04:14:25.504Z - Received json message of type GLOB
[NX v22.5.4 Daemon Server] - 2026-03-16T04:14:25.505Z - Serializing response for GLOB message in json mode
[NX v22.5.4 Daemon Server] - 2026-03-16T04:14:25.505Z - Responding to GLOB message
[NX v22.5.4 Daemon Server] - 2026-03-16T04:14:25.505Z - [REQUEST]: Responding to the client. handleGlob
[NX v22.5.4 Daemon Server] - 2026-03-16T04:14:25.506Z - Done responding to the client handleGlob
[NX v22.5.4 Daemon Server] - 2026-03-16T04:14:25.506Z - Handled json message GLOB. Handling time: 1. Response time: 1.
[NX v22.5.4 Daemon Client] - 2026-03-16T04:14:25.506Z - [Messenger] Received message, length: 30867
[NX v22.5.4 Daemon Client] - 2026-03-16T04:14:25.506Z - [Messenger] Sending message type: HASH_MULTI_GLOB
[NX v22.5.4 Daemon Server] - 2026-03-16T04:14:25.507Z - Received raw message of length 277
[NX v22.5.4 Daemon Client] - 2026-03-16T04:14:25.507Z - [Messenger] Message sent
[NX v22.5.4 Daemon Server] - 2026-03-16T04:14:25.507Z - Received json message of type HASH_MULTI_GLOB
[NX v22.5.4 Daemon Server] - 2026-03-16T04:14:25.507Z - Serializing response for HASH_GLOB message in json mode
[NX v22.5.4 Daemon Server] - 2026-03-16T04:14:25.507Z - Responding to HASH_GLOB message
[NX v22.5.4 Daemon Server] - 2026-03-16T04:14:25.507Z - [REQUEST]: Responding to the client. handleHashMultiGlob
[NX v22.5.4 Daemon Server] - 2026-03-16T04:14:25.507Z - Done responding to the client handleHashMultiGlob
[NX v22.5.4 Daemon Server] - 2026-03-16T04:14:25.507Z - Handled json message HASH_GLOB. Handling time: 0. Response time: 0.
Time for 'GLOB round trip' 9.07495800000001
Time for 'deserialize daemon response - GLOB' 0.10266599999999926
Time for 'daemon-message-serialization-HASH_MULTI_GLOB' 0.009916999999973086
[NX v22.5.4 Daemon Client] - 2026-03-16T04:14:25.507Z - [Messenger] Received message, length: 89
[NX v22.5.4 Daemon Server] - 2026-03-16T04:14:25.513Z - Closed a connection. Number of open connections: 1
Time for 'HASH_MULTI_GLOB round trip' 1.0200000000000102
Time for 'deserialize daemon response - HASH_MULTI_GLOB' 0.005417000000022654
[baseline-browser-mapping] The data in this module is over two months old.  To ensure accurate Baseline data, please update: `npm i baseline-browser-mapping@latest -D`
[NX v22.5.4 Daemon Server] - 2026-03-16T04:14:25.858Z - Time taken for 'build-project-configs' 503.1910419999913ms
[NX v22.5.4 Daemon Server] - 2026-03-16T04:14:25.864Z - Closed a connection. Number of open connections: 0
Time for 'build typescript dependencies' 2.855542000000014
[NX v22.5.4 Daemon Server] - 2026-03-16T04:14:25.872Z - [SYNC]: collect registered sync generators
[NX v22.5.4 Daemon Server] - 2026-03-16T04:14:25.873Z - [SYNC]: project graph hash is the same, not collecting task sync generators
[NX v22.5.4 Daemon Server] - 2026-03-16T04:14:25.873Z - [SYNC]: nx.json hash is the same, not collecting global sync generators
[NX v22.5.4 Daemon Server] - 2026-03-16T04:14:25.873Z - Time taken for 'total execution time for createProjectGraph()' 16.732875000016065ms
[NX v22.5.4 Daemon Server] - 2026-03-16T04:14:28.660Z - [WATCHER]: 1 file(s) created or restored, 0 file(s) modified, 1 file(s) deleted
[NX v22.5.4 Daemon Server] - 2026-03-16T04:14:28.660Z - [SYNC]: clearing sync generators cache due to file changes
[NX v22.5.4 Daemon Server] - 2026-03-16T04:14:28.660Z - [WATCHER]: Processing file changes in outputs
[NX v22.5.4 Daemon Server] - 2026-03-16T04:14:28.762Z - [REQUEST]: Updated workspace context based on watched changes, recomputing project graph...
[NX v22.5.4 Daemon Server] - 2026-03-16T04:14:28.762Z - [REQUEST]: libs/shared/types/src/index.ts
[NX v22.5.4 Daemon Server] - 2026-03-16T04:14:28.762Z - [REQUEST]: libs/shared/types/src/index.ts.tmp.93003.1773634468596
[NX v22.5.4 Daemon Server] - 2026-03-16T04:14:28.766Z - Time taken for 'hash changed files from watcher' 0.4972919999854639ms
[NX v22.5.4 Daemon Server] - 2026-03-16T04:14:28.787Z - Time taken for 'start-plugin-worker:@nx/eslint/plugin' 23.153209000010975ms
Time for 'plugin worker 11204 code loading' 3.4317089999999997
[NX v22.5.4 Daemon Server] - 2026-03-16T04:14:28.787Z - Time taken for 'start-plugin-worker:nx/core/project-json' 21.31004199999734ms
Time for 'plugin worker 11206 code loading' 3.5410000000000004
Time for 'plugin worker 11205 code loading' 3.524457999999999
Time for 'plugin worker 11209 code loading' 3.247708000000001
Time for 'plugin worker 11208 code loading' 3.3251670000000004
Time for 'plugin worker 11207 code loading' 3.5790830000000007
Time for 'nx/core/package-json:createNodes' 2.2311670000000134
Time for 'nx/js/dependencies-and-lockfile:createNodes' 3.9056659999999965
[NX v22.5.4 Daemon Server] - 2026-03-16T04:14:28.887Z - Established a connection. Number of open connections: 1
[NX v22.5.4 Daemon Server] - 2026-03-16T04:14:28.887Z - Closed a connection. Number of open connections: 0
[NX v22.5.4 Daemon Server] - 2026-03-16T04:14:28.887Z - Established a connection. Number of open connections: 1
[NX v22.5.4 Daemon Client] - 2026-03-16T04:14:28.887Z - [Messenger] Setting up socket listeners
[NX v22.5.4 Daemon Client] - 2026-03-16T04:14:28.887Z - [Messenger] listen() complete
[NX v22.5.4 Daemon Client] - 2026-03-16T04:14:28.888Z - [Messenger] Sending message type: HASH_MULTI_GLOB
[NX v22.5.4 Daemon Client] - 2026-03-16T04:14:28.888Z - [Messenger] Message sent
Time for 'daemon-message-serialization-HASH_MULTI_GLOB' 0.10699999999999932
[NX v22.5.4 Daemon Server] - 2026-03-16T04:14:28.894Z - Received raw message of length 50
[NX v22.5.4 Daemon Server] - 2026-03-16T04:14:28.894Z - Received json message of type HASH_MULTI_GLOB
[NX v22.5.4 Daemon Server] - 2026-03-16T04:14:28.895Z - Serializing response for HASH_GLOB message in json mode
[NX v22.5.4 Daemon Server] - 2026-03-16T04:14:28.895Z - Responding to HASH_GLOB message
[NX v22.5.4 Daemon Server] - 2026-03-16T04:14:28.895Z - [REQUEST]: Responding to the client. handleHashMultiGlob
[NX v22.5.4 Daemon Server] - 2026-03-16T04:14:28.895Z - Done responding to the client handleHashMultiGlob
[NX v22.5.4 Daemon Server] - 2026-03-16T04:14:28.895Z - Handled json message HASH_GLOB. Handling time: 1. Response time: 0.
[NX v22.5.4 Daemon Client] - 2026-03-16T04:14:28.895Z - [Messenger] Received message, length: 22
[NX v22.5.4 Daemon Server] - 2026-03-16T04:14:28.903Z - Established a connection. Number of open connections: 2
[NX v22.5.4 Daemon Server] - 2026-03-16T04:14:28.904Z - Closed a connection. Number of open connections: 1
[NX v22.5.4 Daemon Server] - 2026-03-16T04:14:28.904Z - Established a connection. Number of open connections: 2
[NX v22.5.4 Daemon Client] - 2026-03-16T04:14:28.904Z - [Messenger] Setting up socket listeners
[NX v22.5.4 Daemon Client] - 2026-03-16T04:14:28.905Z - [Messenger] listen() complete
[NX v22.5.4 Daemon Client] - 2026-03-16T04:14:28.905Z - [Messenger] Sending message type: GLOB
[NX v22.5.4 Daemon Client] - 2026-03-16T04:14:28.905Z - [Messenger] Message sent
Time for 'daemon-message-serialization-GLOB' 0.0790410000000179
[NX v22.5.4 Daemon Server] - 2026-03-16T04:14:28.912Z - Received raw message of length 73
[NX v22.5.4 Daemon Server] - 2026-03-16T04:14:28.912Z - Received json message of type GLOB
[NX v22.5.4 Daemon Server] - 2026-03-16T04:14:28.913Z - Serializing response for GLOB message in json mode
[NX v22.5.4 Daemon Server] - 2026-03-16T04:14:28.913Z - Responding to GLOB message
[NX v22.5.4 Daemon Server] - 2026-03-16T04:14:28.913Z - [REQUEST]: Responding to the client. handleGlob
[NX v22.5.4 Daemon Server] - 2026-03-16T04:14:28.913Z - Done responding to the client handleGlob
[NX v22.5.4 Daemon Server] - 2026-03-16T04:14:28.913Z - Handled json message GLOB. Handling time: 1. Response time: 0.
[NX v22.5.4 Daemon Client] - 2026-03-16T04:14:28.913Z - [Messenger] Received message, length: 30900
[NX v22.5.4 Daemon Client] - 2026-03-16T04:14:28.914Z - [Messenger] Sending message type: HASH_MULTI_GLOB
[NX v22.5.4 Daemon Client] - 2026-03-16T04:14:28.914Z - [Messenger] Message sent
[NX v22.5.4 Daemon Server] - 2026-03-16T04:14:28.914Z - Received raw message of length 277
[NX v22.5.4 Daemon Server] - 2026-03-16T04:14:28.914Z - Received json message of type HASH_MULTI_GLOB
[NX v22.5.4 Daemon Server] - 2026-03-16T04:14:28.915Z - Serializing response for HASH_GLOB message in json mode
[NX v22.5.4 Daemon Server] - 2026-03-16T04:14:28.915Z - Responding to HASH_GLOB message
[NX v22.5.4 Daemon Server] - 2026-03-16T04:14:28.915Z - [REQUEST]: Responding to the client. handleHashMultiGlob
[NX v22.5.4 Daemon Server] - 2026-03-16T04:14:28.915Z - Done responding to the client handleHashMultiGlob
[NX v22.5.4 Daemon Server] - 2026-03-16T04:14:28.915Z - Handled json message HASH_GLOB. Handling time: 1. Response time: 0.
Time for 'GLOB round trip' 8.820790999999986
Time for 'deserialize daemon response - GLOB' 0.09404099999997584
Time for 'daemon-message-serialization-HASH_MULTI_GLOB' 0.01216600000000767
[NX v22.5.4 Daemon Client] - 2026-03-16T04:14:28.915Z - [Messenger] Received message, length: 87
[NX v22.5.4 Daemon Server] - 2026-03-16T04:14:28.919Z - Closed a connection. Number of open connections: 1
Time for 'HASH_MULTI_GLOB round trip' 1.2824999999999989
Time for 'deserialize daemon response - HASH_MULTI_GLOB' 0.006249999999994316
[baseline-browser-mapping] The data in this module is over two months old.  To ensure accurate Baseline data, please update: `npm i baseline-browser-mapping@latest -D`
[NX v22.5.4 Daemon Server] - 2026-03-16T04:14:29.295Z - Time taken for 'build-project-configs' 528.0775840000133ms
[NX v22.5.4 Daemon Server] - 2026-03-16T04:14:29.302Z - Closed a connection. Number of open connections: 0
Time for 'build typescript dependencies' 3.6117080000000215
[NX v22.5.4 Daemon Server] - 2026-03-16T04:14:29.312Z - [SYNC]: collect registered sync generators
[NX v22.5.4 Daemon Server] - 2026-03-16T04:14:29.312Z - [SYNC]: project graph hash is the same, not collecting task sync generators
[NX v22.5.4 Daemon Server] - 2026-03-16T04:14:29.312Z - [SYNC]: nx.json hash is the same, not collecting global sync generators
[NX v22.5.4 Daemon Server] - 2026-03-16T04:14:29.312Z - Time taken for 'total execution time for createProjectGraph()' 18.5765830000164ms
[NX v22.5.4 Daemon Server] - 2026-03-16T04:14:40.102Z - [WATCHER]: 1 file(s) created or restored, 0 file(s) modified, 1 file(s) deleted
[NX v22.5.4 Daemon Server] - 2026-03-16T04:14:40.103Z - [SYNC]: clearing sync generators cache due to file changes
[NX v22.5.4 Daemon Server] - 2026-03-16T04:14:40.103Z - [WATCHER]: Processing file changes in outputs
[NX v22.5.4 Daemon Server] - 2026-03-16T04:14:40.205Z - [REQUEST]: Updated workspace context based on watched changes, recomputing project graph...
[NX v22.5.4 Daemon Server] - 2026-03-16T04:14:40.205Z - [REQUEST]: libs/shared/types/project.json
[NX v22.5.4 Daemon Server] - 2026-03-16T04:14:40.205Z - [REQUEST]: libs/shared/types/project.json.tmp.93003.1773634480037
[NX v22.5.4 Daemon Server] - 2026-03-16T04:14:40.214Z - Time taken for 'hash changed files from watcher' 1.1797079999814741ms
[NX v22.5.4 Daemon Server] - 2026-03-16T04:14:40.244Z - Time taken for 'start-plugin-worker:@nx/eslint/plugin' 34.8076670000155ms
Time for 'plugin worker 11300 code loading' 4.477207999999999
Time for 'plugin worker 11298 code loading' 4.485542000000001
Time for 'plugin worker 11301 code loading' 4.6452079999999984
Time for 'plugin worker 11299 code loading' 4.5699169999999985
Time for 'plugin worker 11303 code loading' 3.9873340000000006
Time for 'plugin worker 11302 code loading' 4.0745830000000005
[NX v22.5.4 Daemon Server] - 2026-03-16T04:14:40.245Z - Time taken for 'start-plugin-worker:nx/core/project-json' 31.630375000007916ms
[NX v22.5.4 Daemon Server] - 2026-03-16T04:14:40.257Z - Time taken for 'start-plugin-worker:nx/core/package-json' 43.57437499999651ms
Time for 'nx/js/dependencies-and-lockfile:createNodes' 3.396833000000001
Time for 'nx/core/package-json:createNodes' 2.0672090000000054
[NX v22.5.4 Daemon Server] - 2026-03-16T04:14:40.339Z - Established a connection. Number of open connections: 1
[NX v22.5.4 Daemon Server] - 2026-03-16T04:14:40.339Z - Closed a connection. Number of open connections: 0
[NX v22.5.4 Daemon Server] - 2026-03-16T04:14:40.339Z - Established a connection. Number of open connections: 1
[NX v22.5.4 Daemon Client] - 2026-03-16T04:14:40.340Z - [Messenger] Setting up socket listeners
[NX v22.5.4 Daemon Client] - 2026-03-16T04:14:40.340Z - [Messenger] listen() complete
[NX v22.5.4 Daemon Client] - 2026-03-16T04:14:40.340Z - [Messenger] Sending message type: HASH_MULTI_GLOB
[NX v22.5.4 Daemon Client] - 2026-03-16T04:14:40.340Z - [Messenger] Message sent
Time for 'daemon-message-serialization-HASH_MULTI_GLOB' 0.09999999999999432
[NX v22.5.4 Daemon Server] - 2026-03-16T04:14:40.347Z - Received raw message of length 50
[NX v22.5.4 Daemon Server] - 2026-03-16T04:14:40.347Z - Received json message of type HASH_MULTI_GLOB
[NX v22.5.4 Daemon Server] - 2026-03-16T04:14:40.347Z - Serializing response for HASH_GLOB message in json mode
[NX v22.5.4 Daemon Server] - 2026-03-16T04:14:40.347Z - Responding to HASH_GLOB message
[NX v22.5.4 Daemon Server] - 2026-03-16T04:14:40.347Z - [REQUEST]: Responding to the client. handleHashMultiGlob
[NX v22.5.4 Daemon Server] - 2026-03-16T04:14:40.347Z - Done responding to the client handleHashMultiGlob
[NX v22.5.4 Daemon Server] - 2026-03-16T04:14:40.347Z - Handled json message HASH_GLOB. Handling time: 0. Response time: 0.
[NX v22.5.4 Daemon Client] - 2026-03-16T04:14:40.347Z - [Messenger] Received message, length: 24
[NX v22.5.4 Daemon Server] - 2026-03-16T04:14:40.355Z - Established a connection. Number of open connections: 2
[NX v22.5.4 Daemon Server] - 2026-03-16T04:14:40.355Z - Closed a connection. Number of open connections: 1
[NX v22.5.4 Daemon Server] - 2026-03-16T04:14:40.355Z - Established a connection. Number of open connections: 2
[NX v22.5.4 Daemon Client] - 2026-03-16T04:14:40.355Z - [Messenger] Setting up socket listeners
[NX v22.5.4 Daemon Client] - 2026-03-16T04:14:40.356Z - [Messenger] listen() complete
[NX v22.5.4 Daemon Client] - 2026-03-16T04:14:40.356Z - [Messenger] Sending message type: GLOB
[NX v22.5.4 Daemon Client] - 2026-03-16T04:14:40.356Z - [Messenger] Message sent
Time for 'daemon-message-serialization-GLOB' 0.08899999999999864
[NX v22.5.4 Daemon Server] - 2026-03-16T04:14:40.364Z - Received raw message of length 73
[NX v22.5.4 Daemon Server] - 2026-03-16T04:14:40.364Z - Received json message of type GLOB
[NX v22.5.4 Daemon Server] - 2026-03-16T04:14:40.364Z - Serializing response for GLOB message in json mode
[NX v22.5.4 Daemon Server] - 2026-03-16T04:14:40.364Z - Responding to GLOB message
[NX v22.5.4 Daemon Server] - 2026-03-16T04:14:40.364Z - [REQUEST]: Responding to the client. handleGlob
[NX v22.5.4 Daemon Server] - 2026-03-16T04:14:40.365Z - Done responding to the client handleGlob
[NX v22.5.4 Daemon Server] - 2026-03-16T04:14:40.365Z - Handled json message GLOB. Handling time: 0. Response time: 1.
[NX v22.5.4 Daemon Client] - 2026-03-16T04:14:40.365Z - [Messenger] Received message, length: 30900
[NX v22.5.4 Daemon Client] - 2026-03-16T04:14:40.366Z - [Messenger] Sending message type: HASH_MULTI_GLOB
[NX v22.5.4 Daemon Server] - 2026-03-16T04:14:40.366Z - Received raw message of length 349
[NX v22.5.4 Daemon Client] - 2026-03-16T04:14:40.366Z - [Messenger] Message sent
[NX v22.5.4 Daemon Server] - 2026-03-16T04:14:40.366Z - Received json message of type HASH_MULTI_GLOB
[NX v22.5.4 Daemon Server] - 2026-03-16T04:14:40.367Z - Serializing response for HASH_GLOB message in json mode
[NX v22.5.4 Daemon Server] - 2026-03-16T04:14:40.367Z - Responding to HASH_GLOB message
[NX v22.5.4 Daemon Server] - 2026-03-16T04:14:40.367Z - [REQUEST]: Responding to the client. handleHashMultiGlob
[NX v22.5.4 Daemon Server] - 2026-03-16T04:14:40.367Z - Done responding to the client handleHashMultiGlob
[NX v22.5.4 Daemon Server] - 2026-03-16T04:14:40.367Z - Handled json message HASH_GLOB. Handling time: 1. Response time: 0.
Time for 'GLOB round trip' 9.20904200000001
Time for 'deserialize daemon response - GLOB' 0.09049999999999159
Time for 'daemon-message-serialization-HASH_MULTI_GLOB' 0.010708000000022366
[NX v22.5.4 Daemon Client] - 2026-03-16T04:14:40.367Z - [Messenger] Received message, length: 112
[NX v22.5.4 Daemon Server] - 2026-03-16T04:14:40.372Z - Closed a connection. Number of open connections: 1
Time for 'HASH_MULTI_GLOB round trip' 1.4808340000000157
Time for 'deserialize daemon response - HASH_MULTI_GLOB' 0.0052500000000179625
[baseline-browser-mapping] The data in this module is over two months old.  To ensure accurate Baseline data, please update: `npm i baseline-browser-mapping@latest -D`
[NX v22.5.4 Daemon Server] - 2026-03-16T04:14:40.725Z - Time taken for 'build-project-configs' 512.1584579999908ms
[NX v22.5.4 Daemon Server] - 2026-03-16T04:14:40.730Z - Closed a connection. Number of open connections: 0
Time for 'build typescript dependencies' 3.469832999999994
[NX v22.5.4 Daemon Server] - 2026-03-16T04:14:40.740Z - [SYNC]: collect registered sync generators
[NX v22.5.4 Daemon Server] - 2026-03-16T04:14:40.740Z - [SYNC]: nx.json hash is the same, not collecting global sync generators
[NX v22.5.4 Daemon Server] - 2026-03-16T04:14:40.740Z - Time taken for 'total execution time for createProjectGraph()' 17.931875000009313ms
[NX v22.5.4 Daemon Server] - 2026-03-16T04:14:44.225Z - [WATCHER]: 1 file(s) created or restored, 0 file(s) modified, 1 file(s) deleted
[NX v22.5.4 Daemon Server] - 2026-03-16T04:14:44.225Z - [SYNC]: clearing sync generators cache due to file changes
[NX v22.5.4 Daemon Server] - 2026-03-16T04:14:44.225Z - [WATCHER]: Processing file changes in outputs
[NX v22.5.4 Daemon Server] - 2026-03-16T04:14:44.327Z - [REQUEST]: Updated workspace context based on watched changes, recomputing project graph...
[NX v22.5.4 Daemon Server] - 2026-03-16T04:14:44.327Z - [REQUEST]: tsconfig.base.json
[NX v22.5.4 Daemon Server] - 2026-03-16T04:14:44.327Z - [REQUEST]: tsconfig.base.json.tmp.93003.1773634484161
[NX v22.5.4 Daemon Server] - 2026-03-16T04:14:44.336Z - Time taken for 'hash changed files from watcher' 1.215334000007715ms
Time for 'plugin worker 11381 code loading' 4.227625
Time for 'plugin worker 11379 code loading' 4.438541000000001
Time for 'plugin worker 11378 code loading' 4.277500000000002
Time for 'plugin worker 11380 code loading' 4.586958000000001
Time for 'plugin worker 11382 code loading' 3.9982499999999987
[NX v22.5.4 Daemon Server] - 2026-03-16T04:14:44.367Z - Time taken for 'start-plugin-worker:@nx/eslint/plugin' 36.51329100001021ms
Time for 'plugin worker 11383 code loading' 4.149749999999999
Time for 'nx/core/package-json:createNodes' 2.1882909999999924
Time for 'nx/js/dependencies-and-lockfile:createNodes' 3.3636669999999924
[NX v22.5.4 Daemon Server] - 2026-03-16T04:14:44.464Z - Established a connection. Number of open connections: 1
[NX v22.5.4 Daemon Server] - 2026-03-16T04:14:44.464Z - Closed a connection. Number of open connections: 0
[NX v22.5.4 Daemon Server] - 2026-03-16T04:14:44.464Z - Established a connection. Number of open connections: 1
[NX v22.5.4 Daemon Client] - 2026-03-16T04:14:44.464Z - [Messenger] Setting up socket listeners
[NX v22.5.4 Daemon Client] - 2026-03-16T04:14:44.465Z - [Messenger] listen() complete
[NX v22.5.4 Daemon Client] - 2026-03-16T04:14:44.465Z - [Messenger] Sending message type: HASH_MULTI_GLOB
[NX v22.5.4 Daemon Client] - 2026-03-16T04:14:44.465Z - [Messenger] Message sent
Time for 'daemon-message-serialization-HASH_MULTI_GLOB' 0.09462500000000773
[NX v22.5.4 Daemon Server] - 2026-03-16T04:14:44.472Z - Received raw message of length 50
[NX v22.5.4 Daemon Server] - 2026-03-16T04:14:44.472Z - Received json message of type HASH_MULTI_GLOB
[NX v22.5.4 Daemon Server] - 2026-03-16T04:14:44.472Z - Serializing response for HASH_GLOB message in json mode
[NX v22.5.4 Daemon Server] - 2026-03-16T04:14:44.472Z - Responding to HASH_GLOB message
[NX v22.5.4 Daemon Server] - 2026-03-16T04:14:44.472Z - [REQUEST]: Responding to the client. handleHashMultiGlob
[NX v22.5.4 Daemon Server] - 2026-03-16T04:14:44.472Z - Done responding to the client handleHashMultiGlob
[NX v22.5.4 Daemon Server] - 2026-03-16T04:14:44.472Z - Handled json message HASH_GLOB. Handling time: 0. Response time: 0.
[NX v22.5.4 Daemon Client] - 2026-03-16T04:14:44.472Z - [Messenger] Received message, length: 23
[NX v22.5.4 Daemon Server] - 2026-03-16T04:14:44.480Z - Established a connection. Number of open connections: 2
[NX v22.5.4 Daemon Server] - 2026-03-16T04:14:44.481Z - Closed a connection. Number of open connections: 1
[NX v22.5.4 Daemon Server] - 2026-03-16T04:14:44.481Z - Established a connection. Number of open connections: 2
[NX v22.5.4 Daemon Client] - 2026-03-16T04:14:44.481Z - [Messenger] Setting up socket listeners
[NX v22.5.4 Daemon Client] - 2026-03-16T04:14:44.481Z - [Messenger] listen() complete
[NX v22.5.4 Daemon Client] - 2026-03-16T04:14:44.482Z - [Messenger] Sending message type: GLOB
[NX v22.5.4 Daemon Client] - 2026-03-16T04:14:44.482Z - [Messenger] Message sent
Time for 'daemon-message-serialization-GLOB' 0.08295900000001666
[NX v22.5.4 Daemon Server] - 2026-03-16T04:14:44.489Z - Received raw message of length 73
[NX v22.5.4 Daemon Server] - 2026-03-16T04:14:44.489Z - Received json message of type GLOB
[NX v22.5.4 Daemon Server] - 2026-03-16T04:14:44.489Z - Serializing response for GLOB message in json mode
[NX v22.5.4 Daemon Server] - 2026-03-16T04:14:44.489Z - Responding to GLOB message
[NX v22.5.4 Daemon Server] - 2026-03-16T04:14:44.489Z - [REQUEST]: Responding to the client. handleGlob
[NX v22.5.4 Daemon Server] - 2026-03-16T04:14:44.490Z - Done responding to the client handleGlob
[NX v22.5.4 Daemon Server] - 2026-03-16T04:14:44.490Z - Handled json message GLOB. Handling time: 0. Response time: 1.
[NX v22.5.4 Daemon Client] - 2026-03-16T04:14:44.490Z - [Messenger] Received message, length: 30900
[NX v22.5.4 Daemon Client] - 2026-03-16T04:14:44.491Z - [Messenger] Sending message type: HASH_MULTI_GLOB
[NX v22.5.4 Daemon Client] - 2026-03-16T04:14:44.491Z - [Messenger] Message sent
[NX v22.5.4 Daemon Server] - 2026-03-16T04:14:44.491Z - Received raw message of length 349
[NX v22.5.4 Daemon Server] - 2026-03-16T04:14:44.491Z - Received json message of type HASH_MULTI_GLOB
[NX v22.5.4 Daemon Server] - 2026-03-16T04:14:44.492Z - Serializing response for HASH_GLOB message in json mode
[NX v22.5.4 Daemon Server] - 2026-03-16T04:14:44.492Z - Responding to HASH_GLOB message
[NX v22.5.4 Daemon Server] - 2026-03-16T04:14:44.492Z - [REQUEST]: Responding to the client. handleHashMultiGlob
[NX v22.5.4 Daemon Server] - 2026-03-16T04:14:44.492Z - Done responding to the client handleHashMultiGlob
[NX v22.5.4 Daemon Server] - 2026-03-16T04:14:44.492Z - Handled json message HASH_GLOB. Handling time: 1. Response time: 0.
Time for 'GLOB round trip' 8.842332999999996
Time for 'deserialize daemon response - GLOB' 0.09062499999998863
Time for 'daemon-message-serialization-HASH_MULTI_GLOB' 0.011625000000009322
[NX v22.5.4 Daemon Client] - 2026-03-16T04:14:44.492Z - [Messenger] Received message, length: 111
[NX v22.5.4 Daemon Server] - 2026-03-16T04:14:44.497Z - Closed a connection. Number of open connections: 1
Time for 'HASH_MULTI_GLOB round trip' 1.3530409999999904
Time for 'deserialize daemon response - HASH_MULTI_GLOB' 0.014624999999995225
[baseline-browser-mapping] The data in this module is over two months old.  To ensure accurate Baseline data, please update: `npm i baseline-browser-mapping@latest -D`
[NX v22.5.4 Daemon Server] - 2026-03-16T04:14:44.842Z - Time taken for 'build-project-configs' 507.9150420000078ms
[NX v22.5.4 Daemon Server] - 2026-03-16T04:14:44.847Z - Closed a connection. Number of open connections: 0
Time for 'build typescript dependencies' 3.1735840000000053
[NX v22.5.4 Daemon Server] - 2026-03-16T04:14:44.857Z - [SYNC]: collect registered sync generators
[NX v22.5.4 Daemon Server] - 2026-03-16T04:14:44.857Z - [SYNC]: project graph hash is the same, not collecting task sync generators
[NX v22.5.4 Daemon Server] - 2026-03-16T04:14:44.857Z - [SYNC]: nx.json hash is the same, not collecting global sync generators
[NX v22.5.4 Daemon Server] - 2026-03-16T04:14:44.857Z - Time taken for 'total execution time for createProjectGraph()' 18.011624999984633ms
[NX v22.5.4 Daemon Server] - 2026-03-16T04:14:48.582Z - Established a connection. Number of open connections: 1
[NX v22.5.4 Daemon Server] - 2026-03-16T04:14:48.583Z - Closed a connection. Number of open connections: 0
[NX v22.5.4 Daemon Server] - 2026-03-16T04:14:48.583Z - Established a connection. Number of open connections: 1
[NX v22.5.4 Daemon Server] - 2026-03-16T04:14:48.583Z - Closed a connection. Number of open connections: 0
[NX v22.5.4 Daemon Server] - 2026-03-16T04:14:48.583Z - Established a connection. Number of open connections: 1
[NX v22.5.4 Daemon Client] - 2026-03-16T04:14:48.583Z - [Messenger] Setting up socket listeners
[NX v22.5.4 Daemon Client] - 2026-03-16T04:14:48.584Z - [Messenger] listen() complete
[NX v22.5.4 Daemon Client] - 2026-03-16T04:14:48.584Z - [Messenger] Sending message type: GET_NX_CONSOLE_STATUS
[NX v22.5.4 Daemon Client] - 2026-03-16T04:14:48.584Z - [Messenger] Message sent
[NX v22.5.4 Daemon Server] - 2026-03-16T04:14:48.591Z - Received raw message of length 32
[NX v22.5.4 Daemon Server] - 2026-03-16T04:14:48.591Z - Received json message of type GET_NX_CONSOLE_STATUS
[NX v22.5.4 Daemon Server] - 2026-03-16T04:14:48.591Z - Serializing response for GET_NX_CONSOLE_STATUS message in json mode
[NX v22.5.4 Daemon Server] - 2026-03-16T04:14:48.591Z - Responding to GET_NX_CONSOLE_STATUS message
[NX v22.5.4 Daemon Server] - 2026-03-16T04:14:48.591Z - [REQUEST]: Responding to the client. handleGetNxConsoleStatus
[NX v22.5.4 Daemon Server] - 2026-03-16T04:14:48.591Z - Done responding to the client handleGetNxConsoleStatus
[NX v22.5.4 Daemon Server] - 2026-03-16T04:14:48.591Z - Handled json message GET_NX_CONSOLE_STATUS. Handling time: 0. Response time: 0.
[NX v22.5.4 Daemon Client] - 2026-03-16T04:14:48.591Z - [Messenger] Received message, length: 22
[NX v22.5.4 Daemon Client] - 2026-03-16T04:14:48.600Z - [Messenger] Sending message type: REQUEST_PROJECT_GRAPH
[NX v22.5.4 Daemon Client] - 2026-03-16T04:14:48.600Z - [Messenger] Message sent
[NX v22.5.4 Daemon Server] - 2026-03-16T04:14:48.600Z - Received raw message of length 32
[NX v22.5.4 Daemon Server] - 2026-03-16T04:14:48.600Z - Received json message of type REQUEST_PROJECT_GRAPH
[NX v22.5.4 Daemon Server] - 2026-03-16T04:14:48.600Z - [REQUEST]: Client Request for Project Graph Received
[NX v22.5.4 Daemon Server] - 2026-03-16T04:14:48.601Z - Reusing in-memory cached project graph because no files changed.
[NX v22.5.4 Daemon Server] - 2026-03-16T04:14:48.601Z - Serializing response for REQUEST_PROJECT_GRAPH message in json mode
[NX v22.5.4 Daemon Server] - 2026-03-16T04:14:48.601Z - Responding to REQUEST_PROJECT_GRAPH message
[NX v22.5.4 Daemon Server] - 2026-03-16T04:14:48.601Z - [REQUEST]: Responding to the client. project-graph
[NX v22.5.4 Daemon Server] - 2026-03-16T04:14:48.601Z - Time taken for 'total for creating and serializing project graph' 0.22316600001067854ms
[NX v22.5.4 Daemon Server] - 2026-03-16T04:14:48.604Z - Done responding to the client project-graph
[NX v22.5.4 Daemon Server] - 2026-03-16T04:14:48.604Z - Handled json message REQUEST_PROJECT_GRAPH. Handling time: 1. Response time: 3.
[NX v22.5.4 Daemon Client] - 2026-03-16T04:14:48.605Z - [Messenger] Received message, length: 1120141
[NX v22.5.4 Daemon Server] - 2026-03-16T04:14:48.632Z - Closed a connection. Number of open connections: 0
[NX v22.5.4 Daemon Server] - 2026-03-16T04:15:57.690Z - [WATCHER]: 1 file(s) created or restored, 0 file(s) modified, 1 file(s) deleted
[NX v22.5.4 Daemon Server] - 2026-03-16T04:15:57.690Z - [SYNC]: clearing sync generators cache due to file changes
[NX v22.5.4 Daemon Server] - 2026-03-16T04:15:57.690Z - [WATCHER]: Processing file changes in outputs
[NX v22.5.4 Daemon Server] - 2026-03-16T04:15:57.718Z - Established a connection. Number of open connections: 1
[NX v22.5.4 Daemon Server] - 2026-03-16T04:15:57.719Z - Closed a connection. Number of open connections: 0
[NX v22.5.4 Daemon Server] - 2026-03-16T04:15:57.719Z - Established a connection. Number of open connections: 1
[NX v22.5.4 Daemon Server] - 2026-03-16T04:15:57.719Z - Closed a connection. Number of open connections: 0
[NX v22.5.4 Daemon Server] - 2026-03-16T04:15:57.719Z - Established a connection. Number of open connections: 1
[NX v22.5.4 Daemon Client] - 2026-03-16T04:15:57.719Z - [Messenger] Setting up socket listeners
[NX v22.5.4 Daemon Client] - 2026-03-16T04:15:57.720Z - [Messenger] listen() complete
[NX v22.5.4 Daemon Client] - 2026-03-16T04:15:57.720Z - [Messenger] Sending message type: GET_NX_CONSOLE_STATUS
[NX v22.5.4 Daemon Client] - 2026-03-16T04:15:57.720Z - [Messenger] Message sent
[NX v22.5.4 Daemon Server] - 2026-03-16T04:15:57.726Z - Received raw message of length 32
[NX v22.5.4 Daemon Server] - 2026-03-16T04:15:57.726Z - Received json message of type GET_NX_CONSOLE_STATUS
[NX v22.5.4 Daemon Server] - 2026-03-16T04:15:57.726Z - Serializing response for GET_NX_CONSOLE_STATUS message in json mode
[NX v22.5.4 Daemon Server] - 2026-03-16T04:15:57.726Z - Responding to GET_NX_CONSOLE_STATUS message
[NX v22.5.4 Daemon Server] - 2026-03-16T04:15:57.726Z - [REQUEST]: Responding to the client. handleGetNxConsoleStatus
[NX v22.5.4 Daemon Server] - 2026-03-16T04:15:57.726Z - Done responding to the client handleGetNxConsoleStatus
[NX v22.5.4 Daemon Server] - 2026-03-16T04:15:57.726Z - Handled json message GET_NX_CONSOLE_STATUS. Handling time: 0. Response time: 0.
[NX v22.5.4 Daemon Client] - 2026-03-16T04:15:57.726Z - [Messenger] Received message, length: 22
[NX v22.5.4 Daemon Client] - 2026-03-16T04:15:57.741Z - [Messenger] Sending message type: REQUEST_PROJECT_GRAPH
[NX v22.5.4 Daemon Client] - 2026-03-16T04:15:57.741Z - [Messenger] Message sent
[NX v22.5.4 Daemon Server] - 2026-03-16T04:15:57.741Z - Received raw message of length 32
[NX v22.5.4 Daemon Server] - 2026-03-16T04:15:57.741Z - Received json message of type REQUEST_PROJECT_GRAPH
[NX v22.5.4 Daemon Server] - 2026-03-16T04:15:57.741Z - [REQUEST]: Client Request for Project Graph Received
[NX v22.5.4 Daemon Server] - 2026-03-16T04:15:57.741Z - Recomputing project graph because of 1 updated and 1 deleted files.
[NX v22.5.4 Daemon Server] - 2026-03-16T04:15:57.742Z - [REQUEST]: Updated workspace context based on watched changes, recomputing project graph...
[NX v22.5.4 Daemon Server] - 2026-03-16T04:15:57.742Z - [REQUEST]: functions/src/types/member-document.ts
[NX v22.5.4 Daemon Server] - 2026-03-16T04:15:57.742Z - [REQUEST]: functions/src/types/member-document.ts.tmp.93003.1773634557603
[NX v22.5.4 Daemon Server] - 2026-03-16T04:15:57.746Z - Time taken for 'hash changed files from watcher' 0.5000839999993332ms
Time for 'plugin worker 12424 code loading' 2.9997089999999993
[NX v22.5.4 Daemon Server] - 2026-03-16T04:15:57.766Z - Time taken for 'start-plugin-worker:@nx/eslint/plugin' 22.128083999967203ms
Time for 'plugin worker 12425 code loading' 3.004417
Time for 'plugin worker 12421 code loading' 3.0066249999999997
Time for 'plugin worker 12423 code loading' 3.075291
Time for 'plugin worker 12422 code loading' 3.1413329999999995
Time for 'plugin worker 12426 code loading' 2.913333999999999
[NX v22.5.4 Daemon Server] - 2026-03-16T04:15:57.767Z - Time taken for 'start-plugin-worker:@nx/playwright/plugin' 22.28545899997698ms
Time for 'nx/core/package-json:createNodes' 2.245874999999998
Time for 'nx/js/dependencies-and-lockfile:createNodes' 3.067417000000006
[NX v22.5.4 Daemon Server] - 2026-03-16T04:15:57.859Z - Established a connection. Number of open connections: 2
[NX v22.5.4 Daemon Server] - 2026-03-16T04:15:57.859Z - Closed a connection. Number of open connections: 1
[NX v22.5.4 Daemon Server] - 2026-03-16T04:15:57.859Z - Established a connection. Number of open connections: 2
[NX v22.5.4 Daemon Client] - 2026-03-16T04:15:57.859Z - [Messenger] Setting up socket listeners
[NX v22.5.4 Daemon Client] - 2026-03-16T04:15:57.859Z - [Messenger] listen() complete
[NX v22.5.4 Daemon Client] - 2026-03-16T04:15:57.860Z - [Messenger] Sending message type: HASH_MULTI_GLOB
[NX v22.5.4 Daemon Client] - 2026-03-16T04:15:57.860Z - [Messenger] Message sent
Time for 'daemon-message-serialization-HASH_MULTI_GLOB' 0.10529200000000571
[NX v22.5.4 Daemon Server] - 2026-03-16T04:15:57.866Z - Received raw message of length 50
[NX v22.5.4 Daemon Server] - 2026-03-16T04:15:57.866Z - Received json message of type HASH_MULTI_GLOB
[NX v22.5.4 Daemon Server] - 2026-03-16T04:15:57.867Z - Serializing response for HASH_GLOB message in json mode
[NX v22.5.4 Daemon Server] - 2026-03-16T04:15:57.867Z - Responding to HASH_GLOB message
[NX v22.5.4 Daemon Server] - 2026-03-16T04:15:57.867Z - [REQUEST]: Responding to the client. handleHashMultiGlob
[NX v22.5.4 Daemon Server] - 2026-03-16T04:15:57.867Z - Done responding to the client handleHashMultiGlob
[NX v22.5.4 Daemon Server] - 2026-03-16T04:15:57.867Z - Handled json message HASH_GLOB. Handling time: 1. Response time: 0.
[NX v22.5.4 Daemon Client] - 2026-03-16T04:15:57.867Z - [Messenger] Received message, length: 23
[NX v22.5.4 Daemon Server] - 2026-03-16T04:15:57.874Z - Established a connection. Number of open connections: 3
[NX v22.5.4 Daemon Server] - 2026-03-16T04:15:57.874Z - Closed a connection. Number of open connections: 2
[NX v22.5.4 Daemon Server] - 2026-03-16T04:15:57.874Z - Established a connection. Number of open connections: 3
[NX v22.5.4 Daemon Client] - 2026-03-16T04:15:57.874Z - [Messenger] Setting up socket listeners
[NX v22.5.4 Daemon Client] - 2026-03-16T04:15:57.874Z - [Messenger] listen() complete
[NX v22.5.4 Daemon Client] - 2026-03-16T04:15:57.875Z - [Messenger] Sending message type: GLOB
[NX v22.5.4 Daemon Client] - 2026-03-16T04:15:57.875Z - [Messenger] Message sent
Time for 'daemon-message-serialization-GLOB' 0.07433299999999576
[NX v22.5.4 Daemon Server] - 2026-03-16T04:15:57.881Z - Received raw message of length 73
[NX v22.5.4 Daemon Server] - 2026-03-16T04:15:57.881Z - Received json message of type GLOB
[NX v22.5.4 Daemon Server] - 2026-03-16T04:15:57.882Z - Serializing response for GLOB message in json mode
[NX v22.5.4 Daemon Server] - 2026-03-16T04:15:57.882Z - Responding to GLOB message
[NX v22.5.4 Daemon Server] - 2026-03-16T04:15:57.882Z - [REQUEST]: Responding to the client. handleGlob
[NX v22.5.4 Daemon Server] - 2026-03-16T04:15:57.882Z - Done responding to the client handleGlob
[NX v22.5.4 Daemon Server] - 2026-03-16T04:15:57.882Z - Handled json message GLOB. Handling time: 1. Response time: 0.
[NX v22.5.4 Daemon Client] - 2026-03-16T04:15:57.882Z - [Messenger] Received message, length: 30900
[NX v22.5.4 Daemon Client] - 2026-03-16T04:15:57.883Z - [Messenger] Sending message type: HASH_MULTI_GLOB
[NX v22.5.4 Daemon Client] - 2026-03-16T04:15:57.883Z - [Messenger] Message sent
[NX v22.5.4 Daemon Server] - 2026-03-16T04:15:57.883Z - Received raw message of length 349
[NX v22.5.4 Daemon Server] - 2026-03-16T04:15:57.883Z - Received json message of type HASH_MULTI_GLOB
[NX v22.5.4 Daemon Server] - 2026-03-16T04:15:57.885Z - Serializing response for HASH_GLOB message in json mode
[NX v22.5.4 Daemon Server] - 2026-03-16T04:15:57.885Z - Responding to HASH_GLOB message
[NX v22.5.4 Daemon Server] - 2026-03-16T04:15:57.885Z - [REQUEST]: Responding to the client. handleHashMultiGlob
[NX v22.5.4 Daemon Server] - 2026-03-16T04:15:57.885Z - Done responding to the client handleHashMultiGlob
[NX v22.5.4 Daemon Server] - 2026-03-16T04:15:57.885Z - Handled json message HASH_GLOB. Handling time: 2. Response time: 0.
[NX v22.5.4 Daemon Client] - 2026-03-16T04:15:57.885Z - [Messenger] Received message, length: 113
Time for 'GLOB round trip' 7.938625000000016
Time for 'deserialize daemon response - GLOB' 0.09366600000001313
Time for 'daemon-message-serialization-HASH_MULTI_GLOB' 0.012083000000018274
[NX v22.5.4 Daemon Server] - 2026-03-16T04:15:57.890Z - Closed a connection. Number of open connections: 2
Time for 'HASH_MULTI_GLOB round trip' 1.3402920000000051
Time for 'deserialize daemon response - HASH_MULTI_GLOB' 0.005875000000003183
[baseline-browser-mapping] The data in this module is over two months old.  To ensure accurate Baseline data, please update: `npm i baseline-browser-mapping@latest -D`
[NX v22.5.4 Daemon Server] - 2026-03-16T04:15:58.244Z - Time taken for 'build-project-configs' 495.4342920000199ms
[NX v22.5.4 Daemon Server] - 2026-03-16T04:15:58.249Z - Closed a connection. Number of open connections: 1
Time for 'build typescript dependencies' 3.692875000000015
[NX v22.5.4 Daemon Server] - 2026-03-16T04:15:58.260Z - [SYNC]: collect registered sync generators
[NX v22.5.4 Daemon Server] - 2026-03-16T04:15:58.260Z - [SYNC]: project graph hash is the same, not collecting task sync generators
[NX v22.5.4 Daemon Server] - 2026-03-16T04:15:58.260Z - [SYNC]: nx.json hash is the same, not collecting global sync generators
[NX v22.5.4 Daemon Server] - 2026-03-16T04:15:58.263Z - Wrote project graph cache to /Users/mgoho/Github/doula-cooperative/.nx/workspace-data/project-graph.json
[NX v22.5.4 Daemon Server] - 2026-03-16T04:15:58.263Z - Serializing response for REQUEST_PROJECT_GRAPH message in json mode
[NX v22.5.4 Daemon Server] - 2026-03-16T04:15:58.263Z - Responding to REQUEST_PROJECT_GRAPH message
[NX v22.5.4 Daemon Server] - 2026-03-16T04:15:58.263Z - [REQUEST]: Responding to the client. project-graph
[NX v22.5.4 Daemon Server] - 2026-03-16T04:15:58.263Z - Time taken for 'total for creating and serializing project graph' 521.8332500000251ms
[NX v22.5.4 Daemon Server] - 2026-03-16T04:15:58.265Z - Done responding to the client project-graph
[NX v22.5.4 Daemon Server] - 2026-03-16T04:15:58.265Z - Handled json message REQUEST_PROJECT_GRAPH. Handling time: 522. Response time: 2.
[NX v22.5.4 Daemon Client] - 2026-03-16T04:15:58.265Z - [Messenger] Received message, length: 1120204
[NX v22.5.4 Daemon Client] - 2026-03-16T04:15:58.268Z - [Messenger] Sending message type: PRE_TASKS_EXECUTION
[NX v22.5.4 Daemon Client] - 2026-03-16T04:15:58.269Z - [Messenger] Message sent
[NX v22.5.4 Daemon Server] - 2026-03-16T04:15:58.269Z - Received raw message of length 664
[NX v22.5.4 Daemon Server] - 2026-03-16T04:15:58.269Z - Received json message of type PRE_TASKS_EXECUTION
[NX v22.5.4 Daemon Server] - 2026-03-16T04:15:58.269Z - Serializing response for PRE_TASKS_EXECUTION message in json mode
[NX v22.5.4 Daemon Server] - 2026-03-16T04:15:58.269Z - Responding to PRE_TASKS_EXECUTION message
[NX v22.5.4 Daemon Server] - 2026-03-16T04:15:58.269Z - [REQUEST]: Responding to the client. handleRunPreTasksExecution
[NX v22.5.4 Daemon Server] - 2026-03-16T04:15:58.269Z - Done responding to the client handleRunPreTasksExecution
[NX v22.5.4 Daemon Server] - 2026-03-16T04:15:58.269Z - Handled json message PRE_TASKS_EXECUTION. Handling time: 0. Response time: 0.
[NX v22.5.4 Daemon Server] - 2026-03-16T04:15:58.269Z - Time taken for 'preTasksExecution' 0.2792090000002645ms
[NX v22.5.4 Daemon Client] - 2026-03-16T04:15:58.269Z - [Messenger] Received message, length: 2
[NX v22.5.4 Daemon Client] - 2026-03-16T04:15:58.292Z - [Messenger] Sending message type: HASH_TASKS
[NX v22.5.4 Daemon Client] - 2026-03-16T04:15:58.292Z - [Messenger] Message sent
[NX v22.5.4 Daemon Server] - 2026-03-16T04:15:58.292Z - Received raw message of length 4466
[NX v22.5.4 Daemon Server] - 2026-03-16T04:15:58.292Z - Received json message of type HASH_TASKS
[NX v22.5.4 Daemon Server] - 2026-03-16T04:15:58.292Z - Reusing in-memory cached project graph because no files changed.
DEBUG nx::native::tasks::hash_planner: get_plans_internal COMPLETED in 1.174917ms - processed 1 tasks (setup: 1.12125ms, parallel_planning: 53.667µs)
DEBUG nx::native::tasks::hashers::hash_workspace_files: Hashing workspace fileset with inputs: Adding "2189949021886064727" (".gitignore") to hash
DEBUG nx::native::tasks::hashers::hash_workspace_files: Hashing workspace fileset with inputs: Adding "2303076269699780965" ("eslint.config.js") to hash
DEBUG nx::native::tasks::hashers::hash_workspace_files: Hashing workspace fileset with inputs: Adding "13467211139819667633" ("nx.json") to hash
DEBUG nx::native::tasks::hashers::hash_workspace_files: Hashing workspace fileset with inputs: Hash Value: "10970448857502704134"
DEBUG nx::native::tasks::hashers::hash_workspace_files: Hashing workspace fileset with inputs: Hash Value: "565173536905671646"
DEBUG nx::native::tasks::task_hasher: hash_plans COMPLETED in 793.542µs - processed 1 plans (setup: 340µs, hashing: 453.458µs, assembly: 54.5µs)
[NX v22.5.4 Daemon Server] - 2026-03-16T04:15:58.299Z - Serializing response for HASH_TASKS message in json mode
[NX v22.5.4 Daemon Server] - 2026-03-16T04:15:58.299Z - Responding to HASH_TASKS message
[NX v22.5.4 Daemon Server] - 2026-03-16T04:15:58.299Z - [REQUEST]: Responding to the client. handleHashTasks
[NX v22.5.4 Daemon Server] - 2026-03-16T04:15:58.299Z - Done responding to the client handleHashTasks
[NX v22.5.4 Daemon Server] - 2026-03-16T04:15:58.299Z - Handled json message HASH_TASKS. Handling time: 7. Response time: 0.
[NX v22.5.4 Daemon Client] - 2026-03-16T04:15:58.299Z - [Messenger] Received message, length: 32193
[NX v22.5.4 Daemon Client] - 2026-03-16T04:15:58.370Z - [Messenger] Sending message type: GET_ESTIMATED_TASK_TIMINGS
[NX v22.5.4 Daemon Client] - 2026-03-16T04:15:58.370Z - [Messenger] Message sent
[NX v22.5.4 Daemon Server] - 2026-03-16T04:15:58.370Z - Received raw message of length 89
[NX v22.5.4 Daemon Server] - 2026-03-16T04:15:58.370Z - Received json message of type GET_ESTIMATED_TASK_TIMINGS
[NX v22.5.4 Daemon Server] - 2026-03-16T04:15:58.386Z - Serializing response for GET_ESTIMATED_TASK_TIMINGS message in json mode
[NX v22.5.4 Daemon Server] - 2026-03-16T04:15:58.386Z - Responding to GET_ESTIMATED_TASK_TIMINGS message
[NX v22.5.4 Daemon Server] - 2026-03-16T04:15:58.386Z - [REQUEST]: Responding to the client. handleGetEstimatedTaskTimings
[NX v22.5.4 Daemon Server] - 2026-03-16T04:15:58.386Z - Done responding to the client handleGetEstimatedTaskTimings
[NX v22.5.4 Daemon Server] - 2026-03-16T04:15:58.386Z - Handled json message GET_ESTIMATED_TASK_TIMINGS. Handling time: 16. Response time: 0.
[NX v22.5.4 Daemon Client] - 2026-03-16T04:15:58.386Z - [Messenger] Received message, length: 2
[NX v22.5.4 Daemon Client] - 2026-03-16T04:16:05.078Z - [Messenger] Sending message type: RECORD_OUTPUTS_HASH
[NX v22.5.4 Daemon Client] - 2026-03-16T04:16:05.078Z - [Messenger] Message sent
[NX v22.5.4 Daemon Server] - 2026-03-16T04:16:05.078Z - Received raw message of length 81
[NX v22.5.4 Daemon Server] - 2026-03-16T04:16:05.078Z - Received json message of type RECORD_OUTPUTS_HASH
[NX v22.5.4 Daemon Server] - 2026-03-16T04:16:05.078Z - Serializing response for RECORD_OUTPUTS_HASH message in json mode
[NX v22.5.4 Daemon Server] - 2026-03-16T04:16:05.078Z - Responding to RECORD_OUTPUTS_HASH message
[NX v22.5.4 Daemon Server] - 2026-03-16T04:16:05.078Z - [REQUEST]: Responding to the client. recordOutputsHash
[NX v22.5.4 Daemon Server] - 2026-03-16T04:16:05.078Z - Done responding to the client recordOutputsHash
[NX v22.5.4 Daemon Server] - 2026-03-16T04:16:05.078Z - Handled json message RECORD_OUTPUTS_HASH. Handling time: 0. Response time: 0.
[NX v22.5.4 Daemon Client] - 2026-03-16T04:16:05.078Z - [Messenger] Received message, length: 2
[NX v22.5.4 Daemon Client] - 2026-03-16T04:16:05.080Z - [Messenger] Sending message type: RECORD_TASK_RUNS
[NX v22.5.4 Daemon Client] - 2026-03-16T04:16:05.080Z - [Messenger] Message sent
[NX v22.5.4 Daemon Server] - 2026-03-16T04:16:05.080Z - Received raw message of length 207
[NX v22.5.4 Daemon Server] - 2026-03-16T04:16:05.080Z - Received json message of type RECORD_TASK_RUNS
[NX v22.5.4 Daemon Server] - 2026-03-16T04:16:05.080Z - Serializing response for RECORD_TASK_RUNS message in json mode
[NX v22.5.4 Daemon Server] - 2026-03-16T04:16:05.081Z - Responding to RECORD_TASK_RUNS message
[NX v22.5.4 Daemon Server] - 2026-03-16T04:16:05.081Z - [REQUEST]: Responding to the client. handleRecordTaskRuns
[NX v22.5.4 Daemon Server] - 2026-03-16T04:16:05.081Z - Done responding to the client handleRecordTaskRuns
[NX v22.5.4 Daemon Server] - 2026-03-16T04:16:05.081Z - Handled json message RECORD_TASK_RUNS. Handling time: 0. Response time: 1.
[NX v22.5.4 Daemon Client] - 2026-03-16T04:16:05.081Z - [Messenger] Received message, length: 4
[NX v22.5.4 Daemon Client] - 2026-03-16T04:16:05.081Z - [Messenger] Sending message type: GET_FLAKY_TASKS
[NX v22.5.4 Daemon Client] - 2026-03-16T04:16:05.081Z - [Messenger] Message sent
[NX v22.5.4 Daemon Server] - 2026-03-16T04:16:05.081Z - Received raw message of length 59
[NX v22.5.4 Daemon Server] - 2026-03-16T04:16:05.081Z - Received json message of type GET_FLAKY_TASKS
[NX v22.5.4 Daemon Server] - 2026-03-16T04:16:05.081Z - Serializing response for GET_FLAKY_TASKS message in json mode
[NX v22.5.4 Daemon Server] - 2026-03-16T04:16:05.081Z - Responding to GET_FLAKY_TASKS message
[NX v22.5.4 Daemon Server] - 2026-03-16T04:16:05.081Z - [REQUEST]: Responding to the client. handleGetFlakyTasks
[NX v22.5.4 Daemon Server] - 2026-03-16T04:16:05.081Z - Done responding to the client handleGetFlakyTasks
[NX v22.5.4 Daemon Server] - 2026-03-16T04:16:05.081Z - Handled json message GET_FLAKY_TASKS. Handling time: 0. Response time: 0.
[NX v22.5.4 Daemon Client] - 2026-03-16T04:16:05.081Z - [Messenger] Received message, length: 2
[NX v22.5.4 Daemon Client] - 2026-03-16T04:16:05.081Z - [Messenger] Sending message type: POST_TASKS_EXECUTION
[NX v22.5.4 Daemon Client] - 2026-03-16T04:16:05.081Z - [Messenger] Message sent
[NX v22.5.4 Daemon Server] - 2026-03-16T04:16:05.082Z - Received raw message of length 9961
[NX v22.5.4 Daemon Server] - 2026-03-16T04:16:05.082Z - Received json message of type POST_TASKS_EXECUTION
[NX v22.5.4 Daemon Server] - 2026-03-16T04:16:05.082Z - Serializing response for POST_TASKS_EXECUTION message in json mode
[NX v22.5.4 Daemon Server] - 2026-03-16T04:16:05.082Z - Responding to POST_TASKS_EXECUTION message
[NX v22.5.4 Daemon Server] - 2026-03-16T04:16:05.082Z - [REQUEST]: Responding to the client. handleRunPostTasksExecution
[NX v22.5.4 Daemon Server] - 2026-03-16T04:16:05.082Z - Done responding to the client handleRunPostTasksExecution
[NX v22.5.4 Daemon Server] - 2026-03-16T04:16:05.082Z - Handled json message POST_TASKS_EXECUTION. Handling time: 0. Response time: 0.
[NX v22.5.4 Daemon Client] - 2026-03-16T04:16:05.082Z - [Messenger] Received message, length: 4
[NX v22.5.4 Daemon Server] - 2026-03-16T04:16:05.082Z - Time taken for 'postTasksExecution' 0.0687500000349246ms
[NX v22.5.4 Daemon Server] - 2026-03-16T04:16:05.086Z - Closed a connection. Number of open connections: 0
[NX v22.5.4 Daemon Server] - 2026-03-16T04:16:15.397Z - [WATCHER]: 1 file(s) created or restored, 0 file(s) modified, 1 file(s) deleted
[NX v22.5.4 Daemon Server] - 2026-03-16T04:16:15.397Z - [SYNC]: clearing sync generators cache due to file changes
[NX v22.5.4 Daemon Server] - 2026-03-16T04:16:15.397Z - [WATCHER]: Processing file changes in outputs
[NX v22.5.4 Daemon Server] - 2026-03-16T04:16:15.499Z - [REQUEST]: Updated workspace context based on watched changes, recomputing project graph...
[NX v22.5.4 Daemon Server] - 2026-03-16T04:16:15.499Z - [REQUEST]: members/src/app/api-types/subscription-status.ts
[NX v22.5.4 Daemon Server] - 2026-03-16T04:16:15.499Z - [REQUEST]: members/src/app/api-types/subscription-status.ts.tmp.93003.1773634575337
[NX v22.5.4 Daemon Server] - 2026-03-16T04:16:15.504Z - Time taken for 'hash changed files from watcher' 0.5031660000095144ms
Time for 'plugin worker 12613 code loading' 2.8054170000000003
[NX v22.5.4 Daemon Server] - 2026-03-16T04:16:15.523Z - Time taken for 'start-plugin-worker:@nx/eslint/plugin' 22.041084000025876ms
Time for 'plugin worker 12616 code loading' 3.4502499999999987
Time for 'plugin worker 12614 code loading' 3.2142090000000003
Time for 'plugin worker 12618 code loading' 2.9704999999999995
Time for 'plugin worker 12615 code loading' 3.128666000000001
[NX v22.5.4 Daemon Server] - 2026-03-16T04:16:15.524Z - Time taken for 'start-plugin-worker:nx/js/dependencies-and-lockfile' 21.680374999996275ms
Time for 'plugin worker 12617 code loading' 3.3103750000000005
Time for 'nx/js/dependencies-and-lockfile:createNodes' 3.338125000000005
[NX v22.5.4 Daemon Server] - 2026-03-16T04:16:15.626Z - Established a connection. Number of open connections: 1
[NX v22.5.4 Daemon Server] - 2026-03-16T04:16:15.626Z - Closed a connection. Number of open connections: 0
[NX v22.5.4 Daemon Server] - 2026-03-16T04:16:15.626Z - Established a connection. Number of open connections: 1
[NX v22.5.4 Daemon Client] - 2026-03-16T04:16:15.626Z - [Messenger] Setting up socket listeners
[NX v22.5.4 Daemon Client] - 2026-03-16T04:16:15.627Z - [Messenger] listen() complete
[NX v22.5.4 Daemon Client] - 2026-03-16T04:16:15.627Z - [Messenger] Sending message type: HASH_MULTI_GLOB
[NX v22.5.4 Daemon Client] - 2026-03-16T04:16:15.627Z - [Messenger] Message sent
Time for 'daemon-message-serialization-HASH_MULTI_GLOB' 0.10716700000000401
[NX v22.5.4 Daemon Server] - 2026-03-16T04:16:15.634Z - Received raw message of length 50
[NX v22.5.4 Daemon Server] - 2026-03-16T04:16:15.634Z - Received json message of type HASH_MULTI_GLOB
[NX v22.5.4 Daemon Server] - 2026-03-16T04:16:15.634Z - Serializing response for HASH_GLOB message in json mode
[NX v22.5.4 Daemon Server] - 2026-03-16T04:16:15.634Z - Responding to HASH_GLOB message
[NX v22.5.4 Daemon Server] - 2026-03-16T04:16:15.634Z - [REQUEST]: Responding to the client. handleHashMultiGlob
[NX v22.5.4 Daemon Server] - 2026-03-16T04:16:15.634Z - Done responding to the client handleHashMultiGlob
[NX v22.5.4 Daemon Server] - 2026-03-16T04:16:15.634Z - Handled json message HASH_GLOB. Handling time: 0. Response time: 0.
[NX v22.5.4 Daemon Client] - 2026-03-16T04:16:15.634Z - [Messenger] Received message, length: 24
[NX v22.5.4 Daemon Server] - 2026-03-16T04:16:15.642Z - Established a connection. Number of open connections: 2
[NX v22.5.4 Daemon Server] - 2026-03-16T04:16:15.643Z - Closed a connection. Number of open connections: 1
[NX v22.5.4 Daemon Server] - 2026-03-16T04:16:15.643Z - Established a connection. Number of open connections: 2
[NX v22.5.4 Daemon Client] - 2026-03-16T04:16:15.643Z - [Messenger] Setting up socket listeners
[NX v22.5.4 Daemon Client] - 2026-03-16T04:16:15.643Z - [Messenger] listen() complete
[NX v22.5.4 Daemon Client] - 2026-03-16T04:16:15.644Z - [Messenger] Sending message type: GLOB
[NX v22.5.4 Daemon Client] - 2026-03-16T04:16:15.644Z - [Messenger] Message sent
Time for 'daemon-message-serialization-GLOB' 0.085125000000005
[NX v22.5.4 Daemon Server] - 2026-03-16T04:16:15.651Z - Received raw message of length 73
[NX v22.5.4 Daemon Server] - 2026-03-16T04:16:15.651Z - Received json message of type GLOB
[NX v22.5.4 Daemon Server] - 2026-03-16T04:16:15.652Z - Serializing response for GLOB message in json mode
[NX v22.5.4 Daemon Server] - 2026-03-16T04:16:15.652Z - Responding to GLOB message
[NX v22.5.4 Daemon Server] - 2026-03-16T04:16:15.652Z - [REQUEST]: Responding to the client. handleGlob
[NX v22.5.4 Daemon Server] - 2026-03-16T04:16:15.652Z - Done responding to the client handleGlob
[NX v22.5.4 Daemon Server] - 2026-03-16T04:16:15.652Z - Handled json message GLOB. Handling time: 1. Response time: 0.
[NX v22.5.4 Daemon Client] - 2026-03-16T04:16:15.652Z - [Messenger] Received message, length: 30900
[NX v22.5.4 Daemon Client] - 2026-03-16T04:16:15.653Z - [Messenger] Sending message type: HASH_MULTI_GLOB
[NX v22.5.4 Daemon Client] - 2026-03-16T04:16:15.653Z - [Messenger] Message sent
[NX v22.5.4 Daemon Server] - 2026-03-16T04:16:15.653Z - Received raw message of length 349
[NX v22.5.4 Daemon Server] - 2026-03-16T04:16:15.653Z - Received json message of type HASH_MULTI_GLOB
[NX v22.5.4 Daemon Server] - 2026-03-16T04:16:15.654Z - Serializing response for HASH_GLOB message in json mode
[NX v22.5.4 Daemon Server] - 2026-03-16T04:16:15.654Z - Responding to HASH_GLOB message
[NX v22.5.4 Daemon Server] - 2026-03-16T04:16:15.654Z - [REQUEST]: Responding to the client. handleHashMultiGlob
[NX v22.5.4 Daemon Server] - 2026-03-16T04:16:15.654Z - Done responding to the client handleHashMultiGlob
[NX v22.5.4 Daemon Server] - 2026-03-16T04:16:15.654Z - Handled json message HASH_GLOB. Handling time: 1. Response time: 0.
Time for 'GLOB round trip' 8.952791999999988
Time for 'deserialize daemon response - GLOB' 0.08887500000000159
Time for 'daemon-message-serialization-HASH_MULTI_GLOB' 0.01187500000000341
[NX v22.5.4 Daemon Client] - 2026-03-16T04:16:15.654Z - [Messenger] Received message, length: 114
[NX v22.5.4 Daemon Server] - 2026-03-16T04:16:15.660Z - Closed a connection. Number of open connections: 1
Time for 'HASH_MULTI_GLOB round trip' 1.2969580000000178
Time for 'deserialize daemon response - HASH_MULTI_GLOB' 0.010250000000013415
[baseline-browser-mapping] The data in this module is over two months old.  To ensure accurate Baseline data, please update: `npm i baseline-browser-mapping@latest -D`
[NX v22.5.4 Daemon Server] - 2026-03-16T04:16:16.039Z - Time taken for 'build-project-configs' 534.2615419999929ms
[NX v22.5.4 Daemon Server] - 2026-03-16T04:16:16.045Z - Closed a connection. Number of open connections: 0
Time for 'build typescript dependencies' 3.4277920000000677
[NX v22.5.4 Daemon Server] - 2026-03-16T04:16:16.058Z - [SYNC]: collect registered sync generators
[NX v22.5.4 Daemon Server] - 2026-03-16T04:16:16.058Z - [SYNC]: project graph hash is the same, not collecting task sync generators
[NX v22.5.4 Daemon Server] - 2026-03-16T04:16:16.058Z - [SYNC]: nx.json hash is the same, not collecting global sync generators
[NX v22.5.4 Daemon Server] - 2026-03-16T04:16:16.058Z - Time taken for 'total execution time for createProjectGraph()' 20.9130839999998ms
[NX v22.5.4 Daemon Server] - 2026-03-16T04:16:21.033Z - [WATCHER]: 1 file(s) created or restored, 0 file(s) modified, 1 file(s) deleted
[NX v22.5.4 Daemon Server] - 2026-03-16T04:16:21.034Z - [SYNC]: clearing sync generators cache due to file changes
[NX v22.5.4 Daemon Server] - 2026-03-16T04:16:21.034Z - [WATCHER]: Processing file changes in outputs
[NX v22.5.4 Daemon Server] - 2026-03-16T04:16:21.135Z - [REQUEST]: Updated workspace context based on watched changes, recomputing project graph...
[NX v22.5.4 Daemon Server] - 2026-03-16T04:16:21.135Z - [REQUEST]: members/src/app/api-types/welcome-email-status.ts
[NX v22.5.4 Daemon Server] - 2026-03-16T04:16:21.135Z - [REQUEST]: members/src/app/api-types/welcome-email-status.ts.tmp.93003.1773634580976
[NX v22.5.4 Daemon Server] - 2026-03-16T04:16:21.139Z - Time taken for 'hash changed files from watcher' 0.4757499999832362ms
Time for 'plugin worker 12710 code loading' 3.0122090000000004
Time for 'plugin worker 12712 code loading' 3.260166999999999
Time for 'plugin worker 12711 code loading' 3.1569590000000005
Time for 'plugin worker 12709 code loading' 2.986916000000001
Time for 'plugin worker 12708 code loading' 3.0273340000000015
Time for 'plugin worker 12713 code loading' 2.7348750000000006
[NX v22.5.4 Daemon Server] - 2026-03-16T04:16:21.160Z - Time taken for 'start-plugin-worker:@nx/eslint/plugin' 22.978417000034824ms
Time for 'nx/core/package-json:createNodes' 2.423084000000003
Time for 'nx/js/dependencies-and-lockfile:createNodes' 3.6058749999999975
[NX v22.5.4 Daemon Server] - 2026-03-16T04:16:21.261Z - Established a connection. Number of open connections: 1
[NX v22.5.4 Daemon Server] - 2026-03-16T04:16:21.261Z - Closed a connection. Number of open connections: 0
[NX v22.5.4 Daemon Server] - 2026-03-16T04:16:21.262Z - Established a connection. Number of open connections: 1
[NX v22.5.4 Daemon Client] - 2026-03-16T04:16:21.262Z - [Messenger] Setting up socket listeners
[NX v22.5.4 Daemon Client] - 2026-03-16T04:16:21.262Z - [Messenger] listen() complete
[NX v22.5.4 Daemon Client] - 2026-03-16T04:16:21.262Z - [Messenger] Sending message type: HASH_MULTI_GLOB
[NX v22.5.4 Daemon Client] - 2026-03-16T04:16:21.262Z - [Messenger] Message sent
Time for 'daemon-message-serialization-HASH_MULTI_GLOB' 0.09495800000000543
[NX v22.5.4 Daemon Server] - 2026-03-16T04:16:21.269Z - Received raw message of length 50
[NX v22.5.4 Daemon Server] - 2026-03-16T04:16:21.269Z - Received json message of type HASH_MULTI_GLOB
[NX v22.5.4 Daemon Server] - 2026-03-16T04:16:21.270Z - Serializing response for HASH_GLOB message in json mode
[NX v22.5.4 Daemon Server] - 2026-03-16T04:16:21.270Z - Responding to HASH_GLOB message
[NX v22.5.4 Daemon Server] - 2026-03-16T04:16:21.270Z - [REQUEST]: Responding to the client. handleHashMultiGlob
[NX v22.5.4 Daemon Server] - 2026-03-16T04:16:21.270Z - Done responding to the client handleHashMultiGlob
[NX v22.5.4 Daemon Server] - 2026-03-16T04:16:21.270Z - Handled json message HASH_GLOB. Handling time: 1. Response time: 0.
[NX v22.5.4 Daemon Client] - 2026-03-16T04:16:21.270Z - [Messenger] Received message, length: 24
[NX v22.5.4 Daemon Server] - 2026-03-16T04:16:21.277Z - Established a connection. Number of open connections: 2
[NX v22.5.4 Daemon Server] - 2026-03-16T04:16:21.277Z - Closed a connection. Number of open connections: 1
[NX v22.5.4 Daemon Server] - 2026-03-16T04:16:21.278Z - Established a connection. Number of open connections: 2
[NX v22.5.4 Daemon Client] - 2026-03-16T04:16:21.277Z - [Messenger] Setting up socket listeners
[NX v22.5.4 Daemon Client] - 2026-03-16T04:16:21.278Z - [Messenger] listen() complete
[NX v22.5.4 Daemon Client] - 2026-03-16T04:16:21.278Z - [Messenger] Sending message type: GLOB
[NX v22.5.4 Daemon Client] - 2026-03-16T04:16:21.278Z - [Messenger] Message sent
Time for 'daemon-message-serialization-GLOB' 0.07745800000000713
[NX v22.5.4 Daemon Server] - 2026-03-16T04:16:21.285Z - Received raw message of length 73
[NX v22.5.4 Daemon Server] - 2026-03-16T04:16:21.286Z - Received json message of type GLOB
[NX v22.5.4 Daemon Server] - 2026-03-16T04:16:21.287Z - Serializing response for GLOB message in json mode
[NX v22.5.4 Daemon Server] - 2026-03-16T04:16:21.287Z - Responding to GLOB message
[NX v22.5.4 Daemon Server] - 2026-03-16T04:16:21.287Z - [REQUEST]: Responding to the client. handleGlob
[NX v22.5.4 Daemon Server] - 2026-03-16T04:16:21.287Z - Done responding to the client handleGlob
[NX v22.5.4 Daemon Server] - 2026-03-16T04:16:21.287Z - Handled json message GLOB. Handling time: 1. Response time: 0.
[NX v22.5.4 Daemon Client] - 2026-03-16T04:16:21.287Z - [Messenger] Received message, length: 30900
[NX v22.5.4 Daemon Client] - 2026-03-16T04:16:21.288Z - [Messenger] Sending message type: HASH_MULTI_GLOB
[NX v22.5.4 Daemon Client] - 2026-03-16T04:16:21.288Z - [Messenger] Message sent
[NX v22.5.4 Daemon Server] - 2026-03-16T04:16:21.288Z - Received raw message of length 349
[NX v22.5.4 Daemon Server] - 2026-03-16T04:16:21.288Z - Received json message of type HASH_MULTI_GLOB
[NX v22.5.4 Daemon Server] - 2026-03-16T04:16:21.289Z - Serializing response for HASH_GLOB message in json mode
[NX v22.5.4 Daemon Server] - 2026-03-16T04:16:21.289Z - Responding to HASH_GLOB message
[NX v22.5.4 Daemon Server] - 2026-03-16T04:16:21.289Z - [REQUEST]: Responding to the client. handleHashMultiGlob
[NX v22.5.4 Daemon Server] - 2026-03-16T04:16:21.289Z - Done responding to the client handleHashMultiGlob
[NX v22.5.4 Daemon Server] - 2026-03-16T04:16:21.289Z - Handled json message HASH_GLOB. Handling time: 1. Response time: 0.
Time for 'GLOB round trip' 9.081041999999997
Time for 'deserialize daemon response - GLOB' 0.09029200000000515
Time for 'daemon-message-serialization-HASH_MULTI_GLOB' 0.01141699999999446
[NX v22.5.4 Daemon Client] - 2026-03-16T04:16:21.289Z - [Messenger] Received message, length: 114
[NX v22.5.4 Daemon Server] - 2026-03-16T04:16:21.295Z - Closed a connection. Number of open connections: 1
Time for 'HASH_MULTI_GLOB round trip' 1.2955420000000117
Time for 'deserialize daemon response - HASH_MULTI_GLOB' 0.007875000000012733
[baseline-browser-mapping] The data in this module is over two months old.  To ensure accurate Baseline data, please update: `npm i baseline-browser-mapping@latest -D`
[NX v22.5.4 Daemon Server] - 2026-03-16T04:16:21.669Z - Time taken for 'build-project-configs' 527.0451250000042ms
[NX v22.5.4 Daemon Server] - 2026-03-16T04:16:21.675Z - Closed a connection. Number of open connections: 0
Time for 'build typescript dependencies' 3.5202090000000226
[NX v22.5.4 Daemon Server] - 2026-03-16T04:16:21.684Z - [SYNC]: collect registered sync generators
[NX v22.5.4 Daemon Server] - 2026-03-16T04:16:21.684Z - [SYNC]: project graph hash is the same, not collecting task sync generators
[NX v22.5.4 Daemon Server] - 2026-03-16T04:16:21.684Z - [SYNC]: nx.json hash is the same, not collecting global sync generators
[NX v22.5.4 Daemon Server] - 2026-03-16T04:16:21.684Z - Time taken for 'total execution time for createProjectGraph()' 19.23487500002375ms
[NX v22.5.4 Daemon Server] - 2026-03-16T04:16:28.033Z - [WATCHER]: Processing file changes in outputs
[NX v22.5.4 Daemon Server] - 2026-03-16T04:16:28.033Z - [WATCHER]: 1 file(s) created or restored, 0 file(s) modified, 1 file(s) deleted
[NX v22.5.4 Daemon Server] - 2026-03-16T04:16:28.033Z - [SYNC]: clearing sync generators cache due to file changes
[NX v22.5.4 Daemon Server] - 2026-03-16T04:16:28.135Z - [REQUEST]: Updated workspace context based on watched changes, recomputing project graph...
[NX v22.5.4 Daemon Server] - 2026-03-16T04:16:28.135Z - [REQUEST]: members/src/app/api-types/api-member-response.ts
[NX v22.5.4 Daemon Server] - 2026-03-16T04:16:28.135Z - [REQUEST]: members/src/app/api-types/api-member-response.ts.tmp.93003.1773634587969
[NX v22.5.4 Daemon Server] - 2026-03-16T04:16:28.139Z - Time taken for 'hash changed files from watcher' 0.4458749999757856ms
[NX v22.5.4 Daemon Server] - 2026-03-16T04:16:28.160Z - Time taken for 'start-plugin-worker:@nx/eslint/plugin' 22.708374999987427ms
Time for 'plugin worker 12796 code loading' 3.042083
Time for 'plugin worker 12798 code loading' 2.9687909999999995
Time for 'plugin worker 12794 code loading' 3.0707499999999985
Time for 'plugin worker 12799 code loading' 2.8645829999999997
Time for 'plugin worker 12795 code loading' 3.2348750000000006
Time for 'plugin worker 12797 code loading' 3.105333
[NX v22.5.4 Daemon Server] - 2026-03-16T04:16:28.171Z - Time taken for 'start-plugin-worker:nx/core/project-json' 31.422084000019822ms
Time for 'nx/core/package-json:createNodes' 2.3567079999999976
Time for 'nx/js/dependencies-and-lockfile:createNodes' 3.4453749999999985
[NX v22.5.4 Daemon Server] - 2026-03-16T04:16:28.264Z - Established a connection. Number of open connections: 1
[NX v22.5.4 Daemon Server] - 2026-03-16T04:16:28.264Z - Closed a connection. Number of open connections: 0
[NX v22.5.4 Daemon Server] - 2026-03-16T04:16:28.264Z - Established a connection. Number of open connections: 1
[NX v22.5.4 Daemon Client] - 2026-03-16T04:16:28.264Z - [Messenger] Setting up socket listeners
[NX v22.5.4 Daemon Client] - 2026-03-16T04:16:28.265Z - [Messenger] listen() complete
[NX v22.5.4 Daemon Client] - 2026-03-16T04:16:28.265Z - [Messenger] Sending message type: HASH_MULTI_GLOB
[NX v22.5.4 Daemon Client] - 2026-03-16T04:16:28.265Z - [Messenger] Message sent
Time for 'daemon-message-serialization-HASH_MULTI_GLOB' 0.09654199999999946
[NX v22.5.4 Daemon Server] - 2026-03-16T04:16:28.272Z - Received raw message of length 50
[NX v22.5.4 Daemon Server] - 2026-03-16T04:16:28.272Z - Received json message of type HASH_MULTI_GLOB
[NX v22.5.4 Daemon Server] - 2026-03-16T04:16:28.272Z - Serializing response for HASH_GLOB message in json mode
[NX v22.5.4 Daemon Server] - 2026-03-16T04:16:28.272Z - Responding to HASH_GLOB message
[NX v22.5.4 Daemon Server] - 2026-03-16T04:16:28.272Z - [REQUEST]: Responding to the client. handleHashMultiGlob
[NX v22.5.4 Daemon Server] - 2026-03-16T04:16:28.272Z - Done responding to the client handleHashMultiGlob
[NX v22.5.4 Daemon Server] - 2026-03-16T04:16:28.272Z - Handled json message HASH_GLOB. Handling time: 0. Response time: 0.
[NX v22.5.4 Daemon Client] - 2026-03-16T04:16:28.272Z - [Messenger] Received message, length: 23
[NX v22.5.4 Daemon Server] - 2026-03-16T04:16:28.280Z - Established a connection. Number of open connections: 2
[NX v22.5.4 Daemon Server] - 2026-03-16T04:16:28.280Z - Closed a connection. Number of open connections: 1
[NX v22.5.4 Daemon Server] - 2026-03-16T04:16:28.280Z - Established a connection. Number of open connections: 2
[NX v22.5.4 Daemon Client] - 2026-03-16T04:16:28.280Z - [Messenger] Setting up socket listeners
[NX v22.5.4 Daemon Client] - 2026-03-16T04:16:28.281Z - [Messenger] listen() complete
[NX v22.5.4 Daemon Client] - 2026-03-16T04:16:28.281Z - [Messenger] Sending message type: GLOB
[NX v22.5.4 Daemon Client] - 2026-03-16T04:16:28.281Z - [Messenger] Message sent
Time for 'daemon-message-serialization-GLOB' 0.09133299999999167
[NX v22.5.4 Daemon Server] - 2026-03-16T04:16:28.288Z - Received raw message of length 73
[NX v22.5.4 Daemon Server] - 2026-03-16T04:16:28.288Z - Received json message of type GLOB
[NX v22.5.4 Daemon Server] - 2026-03-16T04:16:28.289Z - Serializing response for GLOB message in json mode
[NX v22.5.4 Daemon Server] - 2026-03-16T04:16:28.289Z - Responding to GLOB message
[NX v22.5.4 Daemon Server] - 2026-03-16T04:16:28.289Z - [REQUEST]: Responding to the client. handleGlob
[NX v22.5.4 Daemon Server] - 2026-03-16T04:16:28.290Z - Done responding to the client handleGlob
[NX v22.5.4 Daemon Server] - 2026-03-16T04:16:28.290Z - Handled json message GLOB. Handling time: 1. Response time: 1.
[NX v22.5.4 Daemon Client] - 2026-03-16T04:16:28.290Z - [Messenger] Received message, length: 30900
[NX v22.5.4 Daemon Client] - 2026-03-16T04:16:28.291Z - [Messenger] Sending message type: HASH_MULTI_GLOB
[NX v22.5.4 Daemon Client] - 2026-03-16T04:16:28.291Z - [Messenger] Message sent
[NX v22.5.4 Daemon Server] - 2026-03-16T04:16:28.291Z - Received raw message of length 349
[NX v22.5.4 Daemon Server] - 2026-03-16T04:16:28.291Z - Received json message of type HASH_MULTI_GLOB
[NX v22.5.4 Daemon Server] - 2026-03-16T04:16:28.292Z - Serializing response for HASH_GLOB message in json mode
[NX v22.5.4 Daemon Server] - 2026-03-16T04:16:28.292Z - Responding to HASH_GLOB message
[NX v22.5.4 Daemon Server] - 2026-03-16T04:16:28.292Z - [REQUEST]: Responding to the client. handleHashMultiGlob
[NX v22.5.4 Daemon Server] - 2026-03-16T04:16:28.292Z - Done responding to the client handleHashMultiGlob
[NX v22.5.4 Daemon Server] - 2026-03-16T04:16:28.292Z - Handled json message HASH_GLOB. Handling time: 1. Response time: 0.
Time for 'GLOB round trip' 9.165166999999997
Time for 'deserialize daemon response - GLOB' 0.10149999999998727
Time for 'daemon-message-serialization-HASH_MULTI_GLOB' 0.013166999999981499
[NX v22.5.4 Daemon Client] - 2026-03-16T04:16:28.292Z - [Messenger] Received message, length: 114
[NX v22.5.4 Daemon Server] - 2026-03-16T04:16:28.298Z - Closed a connection. Number of open connections: 1
Time for 'HASH_MULTI_GLOB round trip' 1.6590000000000202
Time for 'deserialize daemon response - HASH_MULTI_GLOB' 0.012500000000017053
[baseline-browser-mapping] The data in this module is over two months old.  To ensure accurate Baseline data, please update: `npm i baseline-browser-mapping@latest -D`
[NX v22.5.4 Daemon Server] - 2026-03-16T04:16:28.666Z - Time taken for 'build-project-configs' 525.4124580000062ms
[NX v22.5.4 Daemon Server] - 2026-03-16T04:16:28.672Z - Closed a connection. Number of open connections: 0
Time for 'build typescript dependencies' 3.565625000000068
[NX v22.5.4 Daemon Server] - 2026-03-16T04:16:28.682Z - [SYNC]: collect registered sync generators
[NX v22.5.4 Daemon Server] - 2026-03-16T04:16:28.682Z - [SYNC]: project graph hash is the same, not collecting task sync generators
[NX v22.5.4 Daemon Server] - 2026-03-16T04:16:28.682Z - [SYNC]: nx.json hash is the same, not collecting global sync generators
[NX v22.5.4 Daemon Server] - 2026-03-16T04:16:28.683Z - Time taken for 'total execution time for createProjectGraph()' 18.62179100001231ms
[NX v22.5.4 Daemon Server] - 2026-03-16T04:16:33.748Z - [WATCHER]: Processing file changes in outputs
[NX v22.5.4 Daemon Server] - 2026-03-16T04:16:33.749Z - [WATCHER]: 1 file(s) created or restored, 0 file(s) modified, 1 file(s) deleted
[NX v22.5.4 Daemon Server] - 2026-03-16T04:16:33.749Z - [SYNC]: clearing sync generators cache due to file changes
[NX v22.5.4 Daemon Server] - 2026-03-16T04:16:33.851Z - [REQUEST]: Updated workspace context based on watched changes, recomputing project graph...
[NX v22.5.4 Daemon Server] - 2026-03-16T04:16:33.852Z - [REQUEST]: members/src/app/types/profile-data.ts
[NX v22.5.4 Daemon Server] - 2026-03-16T04:16:33.852Z - [REQUEST]: members/src/app/types/profile-data.ts.tmp.93003.1773634593688
[NX v22.5.4 Daemon Server] - 2026-03-16T04:16:33.857Z - Time taken for 'hash changed files from watcher' 0.525374999968335ms
[NX v22.5.4 Daemon Server] - 2026-03-16T04:16:33.875Z - Time taken for 'start-plugin-worker:@nx/eslint/plugin' 22.235166000027675ms
Time for 'plugin worker 12869 code loading' 3.219334
[NX v22.5.4 Daemon Server] - 2026-03-16T04:16:33.875Z - Time taken for 'start-plugin-worker:nx/js/dependencies-and-lockfile' 21.184417000040412ms
Time for 'plugin worker 12871 code loading' 3.1135840000000012
Time for 'plugin worker 12870 code loading' 3.2227499999999996
Time for 'plugin worker 12873 code loading' 3.214583000000001
Time for 'plugin worker 12872 code loading' 2.8698750000000004
Time for 'plugin worker 12874 code loading' 2.7374590000000003
[NX v22.5.4 Daemon Server] - 2026-03-16T04:16:33.879Z - Time taken for 'start-plugin-worker:nx/core/project-json' 23.729541999986395ms
Time for 'nx/js/dependencies-and-lockfile:createNodes' 3.6837079999999958
[NX v22.5.4 Daemon Server] - 2026-03-16T04:16:33.977Z - Established a connection. Number of open connections: 1
[NX v22.5.4 Daemon Server] - 2026-03-16T04:16:33.977Z - Closed a connection. Number of open connections: 0
[NX v22.5.4 Daemon Server] - 2026-03-16T04:16:33.977Z - Established a connection. Number of open connections: 1
[NX v22.5.4 Daemon Client] - 2026-03-16T04:16:33.977Z - [Messenger] Setting up socket listeners
[NX v22.5.4 Daemon Client] - 2026-03-16T04:16:33.978Z - [Messenger] listen() complete
[NX v22.5.4 Daemon Client] - 2026-03-16T04:16:33.978Z - [Messenger] Sending message type: HASH_MULTI_GLOB
[NX v22.5.4 Daemon Client] - 2026-03-16T04:16:33.978Z - [Messenger] Message sent
Time for 'daemon-message-serialization-HASH_MULTI_GLOB' 0.1030410000000046
[NX v22.5.4 Daemon Server] - 2026-03-16T04:16:33.984Z - Received raw message of length 50
[NX v22.5.4 Daemon Server] - 2026-03-16T04:16:33.984Z - Received json message of type HASH_MULTI_GLOB
[NX v22.5.4 Daemon Server] - 2026-03-16T04:16:33.985Z - Serializing response for HASH_GLOB message in json mode
[NX v22.5.4 Daemon Server] - 2026-03-16T04:16:33.985Z - Responding to HASH_GLOB message
[NX v22.5.4 Daemon Server] - 2026-03-16T04:16:33.985Z - [REQUEST]: Responding to the client. handleHashMultiGlob
[NX v22.5.4 Daemon Server] - 2026-03-16T04:16:33.985Z - Done responding to the client handleHashMultiGlob
[NX v22.5.4 Daemon Server] - 2026-03-16T04:16:33.985Z - Handled json message HASH_GLOB. Handling time: 1. Response time: 0.
[NX v22.5.4 Daemon Client] - 2026-03-16T04:16:33.985Z - [Messenger] Received message, length: 24
[NX v22.5.4 Daemon Server] - 2026-03-16T04:16:33.993Z - Established a connection. Number of open connections: 2
[NX v22.5.4 Daemon Server] - 2026-03-16T04:16:33.994Z - Closed a connection. Number of open connections: 1
[NX v22.5.4 Daemon Server] - 2026-03-16T04:16:33.994Z - Established a connection. Number of open connections: 2
[NX v22.5.4 Daemon Client] - 2026-03-16T04:16:33.994Z - [Messenger] Setting up socket listeners
[NX v22.5.4 Daemon Client] - 2026-03-16T04:16:33.995Z - [Messenger] listen() complete
[NX v22.5.4 Daemon Client] - 2026-03-16T04:16:33.995Z - [Messenger] Sending message type: GLOB
[NX v22.5.4 Daemon Client] - 2026-03-16T04:16:33.995Z - [Messenger] Message sent
Time for 'daemon-message-serialization-GLOB' 0.08487500000001091
[NX v22.5.4 Daemon Server] - 2026-03-16T04:16:34.002Z - Received raw message of length 73
[NX v22.5.4 Daemon Server] - 2026-03-16T04:16:34.002Z - Received json message of type GLOB
[NX v22.5.4 Daemon Server] - 2026-03-16T04:16:34.002Z - Serializing response for GLOB message in json mode
[NX v22.5.4 Daemon Server] - 2026-03-16T04:16:34.002Z - Responding to GLOB message
[NX v22.5.4 Daemon Server] - 2026-03-16T04:16:34.002Z - [REQUEST]: Responding to the client. handleGlob
[NX v22.5.4 Daemon Server] - 2026-03-16T04:16:34.003Z - Done responding to the client handleGlob
[NX v22.5.4 Daemon Server] - 2026-03-16T04:16:34.003Z - Handled json message GLOB. Handling time: 0. Response time: 1.
[NX v22.5.4 Daemon Client] - 2026-03-16T04:16:34.003Z - [Messenger] Received message, length: 30900
[NX v22.5.4 Daemon Client] - 2026-03-16T04:16:34.004Z - [Messenger] Sending message type: HASH_MULTI_GLOB
[NX v22.5.4 Daemon Client] - 2026-03-16T04:16:34.004Z - [Messenger] Message sent
[NX v22.5.4 Daemon Server] - 2026-03-16T04:16:34.004Z - Received raw message of length 349
[NX v22.5.4 Daemon Server] - 2026-03-16T04:16:34.004Z - Received json message of type HASH_MULTI_GLOB
[NX v22.5.4 Daemon Server] - 2026-03-16T04:16:34.005Z - Serializing response for HASH_GLOB message in json mode
[NX v22.5.4 Daemon Server] - 2026-03-16T04:16:34.005Z - Responding to HASH_GLOB message
[NX v22.5.4 Daemon Server] - 2026-03-16T04:16:34.005Z - [REQUEST]: Responding to the client. handleHashMultiGlob
[NX v22.5.4 Daemon Server] - 2026-03-16T04:16:34.005Z - Done responding to the client handleHashMultiGlob
[NX v22.5.4 Daemon Server] - 2026-03-16T04:16:34.005Z - Handled json message HASH_GLOB. Handling time: 1. Response time: 0.
Time for 'GLOB round trip' 8.584791999999993
Time for 'deserialize daemon response - GLOB' 0.07875000000001364
Time for 'daemon-message-serialization-HASH_MULTI_GLOB' 0.009166999999990821
[NX v22.5.4 Daemon Client] - 2026-03-16T04:16:34.005Z - [Messenger] Received message, length: 114
[NX v22.5.4 Daemon Server] - 2026-03-16T04:16:34.010Z - Closed a connection. Number of open connections: 1
Time for 'HASH_MULTI_GLOB round trip' 1.377834000000007
Time for 'deserialize daemon response - HASH_MULTI_GLOB' 0.0095839999999896
[baseline-browser-mapping] The data in this module is over two months old.  To ensure accurate Baseline data, please update: `npm i baseline-browser-mapping@latest -D`
[NX v22.5.4 Daemon Server] - 2026-03-16T04:16:34.382Z - Time taken for 'build-project-configs' 525.305250000034ms
[NX v22.5.4 Daemon Server] - 2026-03-16T04:16:34.388Z - Closed a connection. Number of open connections: 0
Time for 'build typescript dependencies' 3.916749999999979
[NX v22.5.4 Daemon Server] - 2026-03-16T04:16:34.399Z - [SYNC]: collect registered sync generators
[NX v22.5.4 Daemon Server] - 2026-03-16T04:16:34.399Z - [SYNC]: project graph hash is the same, not collecting task sync generators
[NX v22.5.4 Daemon Server] - 2026-03-16T04:16:34.399Z - [SYNC]: nx.json hash is the same, not collecting global sync generators
[NX v22.5.4 Daemon Server] - 2026-03-16T04:16:34.399Z - Time taken for 'total execution time for createProjectGraph()' 19.17324999999255ms
[NX v22.5.4 Daemon Server] - 2026-03-16T04:17:19.793Z - [WATCHER]: Processing file changes in outputs
[NX v22.5.4 Daemon Server] - 2026-03-16T04:17:24.507Z - [WATCHER]: Processing file changes in outputs
[NX v22.5.4 Daemon Server] - 2026-03-16T04:17:50.945Z - [WATCHER]: 0 file(s) created or restored, 0 file(s) modified, 0 file(s) deleted
[NX v22.5.4 Daemon Server] - 2026-03-16T04:17:50.945Z - [WATCHER]: Processing file changes in outputs
[NX v22.5.4 Daemon Server] - 2026-03-16T04:17:50.998Z - [WATCHER]: Processing file changes in outputs
[NX v22.5.4 Daemon Server] - 2026-03-16T04:17:51.000Z - [WATCHER]: 0 file(s) created or restored, 0 file(s) modified, 0 file(s) deleted
[NX v22.5.4 Daemon Server] - 2026-03-16T04:17:51.053Z - [WATCHER]: Processing file changes in outputs
[NX v22.5.4 Daemon Server] - 2026-03-16T04:17:51.053Z - [WATCHER]: 0 file(s) created or restored, 0 file(s) modified, 0 file(s) deleted
[NX v22.5.4 Daemon Server] - 2026-03-16T04:17:51.148Z - [REQUEST]: Updated workspace context based on watched changes, recomputing project graph...
[NX v22.5.4 Daemon Server] - 2026-03-16T04:17:51.148Z - [REQUEST]: 
[NX v22.5.4 Daemon Server] - 2026-03-16T04:17:51.148Z - [REQUEST]: 
[NX v22.5.4 Daemon Server] - 2026-03-16T04:17:51.154Z - Time taken for 'hash changed files from watcher' 0.5395410000346601ms
Time for 'plugin worker 14015 code loading' 4.665374999999999
Time for 'plugin worker 14016 code loading' 4.633375000000001
Time for 'plugin worker 14020 code loading' 3.6509579999999993
Time for 'plugin worker 14018 code loading' 4.663292
Time for 'plugin worker 14017 code loading' 4.714417000000001
Time for 'plugin worker 14019 code loading' 4.686958000000001
[NX v22.5.4 Daemon Server] - 2026-03-16T04:17:51.185Z - Time taken for 'start-plugin-worker:@nx/eslint/plugin' 35.23579200002132ms
Time for 'nx/core/package-json:createNodes' 2.2034170000000017
Time for 'nx/js/dependencies-and-lockfile:createNodes' 4.31087500000001
[NX v22.5.4 Daemon Server] - 2026-03-16T04:17:51.338Z - Established a connection. Number of open connections: 1
[NX v22.5.4 Daemon Server] - 2026-03-16T04:17:51.338Z - Closed a connection. Number of open connections: 0
[NX v22.5.4 Daemon Server] - 2026-03-16T04:17:51.338Z - Established a connection. Number of open connections: 1
[NX v22.5.4 Daemon Client] - 2026-03-16T04:17:51.338Z - [Messenger] Setting up socket listeners
[NX v22.5.4 Daemon Client] - 2026-03-16T04:17:51.339Z - [Messenger] listen() complete
[NX v22.5.4 Daemon Client] - 2026-03-16T04:17:51.339Z - [Messenger] Sending message type: HASH_MULTI_GLOB
[NX v22.5.4 Daemon Client] - 2026-03-16T04:17:51.339Z - [Messenger] Message sent
Time for 'daemon-message-serialization-HASH_MULTI_GLOB' 0.08570900000000847
[NX v22.5.4 Daemon Server] - 2026-03-16T04:17:51.346Z - Received raw message of length 50
[NX v22.5.4 Daemon Server] - 2026-03-16T04:17:51.346Z - Received json message of type HASH_MULTI_GLOB
[NX v22.5.4 Daemon Server] - 2026-03-16T04:17:51.346Z - Serializing response for HASH_GLOB message in json mode
[NX v22.5.4 Daemon Server] - 2026-03-16T04:17:51.346Z - Responding to HASH_GLOB message
[NX v22.5.4 Daemon Server] - 2026-03-16T04:17:51.346Z - [REQUEST]: Responding to the client. handleHashMultiGlob
[NX v22.5.4 Daemon Server] - 2026-03-16T04:17:51.346Z - Done responding to the client handleHashMultiGlob
[NX v22.5.4 Daemon Server] - 2026-03-16T04:17:51.346Z - Handled json message HASH_GLOB. Handling time: 0. Response time: 0.
[NX v22.5.4 Daemon Client] - 2026-03-16T04:17:51.346Z - [Messenger] Received message, length: 24
[NX v22.5.4 Daemon Server] - 2026-03-16T04:17:51.350Z - Closed a connection. Number of open connections: 0
[NX v22.5.4 Daemon Server] - 2026-03-16T04:17:51.361Z - Established a connection. Number of open connections: 1
[NX v22.5.4 Daemon Server] - 2026-03-16T04:17:51.362Z - Closed a connection. Number of open connections: 0
[NX v22.5.4 Daemon Server] - 2026-03-16T04:17:51.362Z - Established a connection. Number of open connections: 1
[NX v22.5.4 Daemon Client] - 2026-03-16T04:17:51.362Z - [Messenger] Setting up socket listeners
[NX v22.5.4 Daemon Client] - 2026-03-16T04:17:51.363Z - [Messenger] listen() complete
[NX v22.5.4 Daemon Client] - 2026-03-16T04:17:51.363Z - [Messenger] Sending message type: GLOB
[NX v22.5.4 Daemon Client] - 2026-03-16T04:17:51.363Z - [Messenger] Message sent
Time for 'daemon-message-serialization-GLOB' 0.07691700000000878
[NX v22.5.4 Daemon Server] - 2026-03-16T04:17:51.370Z - Received raw message of length 73
[NX v22.5.4 Daemon Server] - 2026-03-16T04:17:51.370Z - Received json message of type GLOB
[NX v22.5.4 Daemon Server] - 2026-03-16T04:17:51.370Z - Serializing response for GLOB message in json mode
[NX v22.5.4 Daemon Server] - 2026-03-16T04:17:51.370Z - Responding to GLOB message
[NX v22.5.4 Daemon Server] - 2026-03-16T04:17:51.370Z - [REQUEST]: Responding to the client. handleGlob
[NX v22.5.4 Daemon Server] - 2026-03-16T04:17:51.371Z - Done responding to the client handleGlob
[NX v22.5.4 Daemon Server] - 2026-03-16T04:17:51.371Z - Handled json message GLOB. Handling time: 0. Response time: 1.
[NX v22.5.4 Daemon Client] - 2026-03-16T04:17:51.371Z - [Messenger] Received message, length: 30900
[NX v22.5.4 Daemon Client] - 2026-03-16T04:17:51.371Z - [Messenger] Sending message type: HASH_MULTI_GLOB
[NX v22.5.4 Daemon Client] - 2026-03-16T04:17:51.371Z - [Messenger] Message sent
[NX v22.5.4 Daemon Server] - 2026-03-16T04:17:51.371Z - Received raw message of length 349
[NX v22.5.4 Daemon Server] - 2026-03-16T04:17:51.371Z - Received json message of type HASH_MULTI_GLOB
[NX v22.5.4 Daemon Server] - 2026-03-16T04:17:51.373Z - Serializing response for HASH_GLOB message in json mode
[NX v22.5.4 Daemon Server] - 2026-03-16T04:17:51.373Z - Responding to HASH_GLOB message
[NX v22.5.4 Daemon Server] - 2026-03-16T04:17:51.373Z - [REQUEST]: Responding to the client. handleHashMultiGlob
[NX v22.5.4 Daemon Server] - 2026-03-16T04:17:51.373Z - Done responding to the client handleHashMultiGlob
[NX v22.5.4 Daemon Server] - 2026-03-16T04:17:51.373Z - Handled json message HASH_GLOB. Handling time: 1. Response time: 0.
Time for 'GLOB round trip' 7.710458999999986
Time for 'deserialize daemon response - GLOB' 0.0745420000000081
Time for 'daemon-message-serialization-HASH_MULTI_GLOB' 0.008165999999988571
[NX v22.5.4 Daemon Client] - 2026-03-16T04:17:51.373Z - [Messenger] Received message, length: 114
[NX v22.5.4 Daemon Server] - 2026-03-16T04:17:51.462Z - Time taken for 'build-project-configs' 307.80683299998054ms
[NX v22.5.4 Daemon Server] - 2026-03-16T04:17:51.465Z - Closed a connection. Number of open connections: 0
Time for 'build typescript dependencies' 0.11658299999999144
[NX v22.5.4 Daemon Server] - 2026-03-16T04:17:51.475Z - [SYNC]: collect registered sync generators
[NX v22.5.4 Daemon Server] - 2026-03-16T04:17:51.475Z - [SYNC]: project graph hash is the same, not collecting task sync generators
[NX v22.5.4 Daemon Server] - 2026-03-16T04:17:51.475Z - [SYNC]: nx.json hash is the same, not collecting global sync generators
[NX v22.5.4 Daemon Server] - 2026-03-16T04:17:51.475Z - Time taken for 'total execution time for createProjectGraph()' 16.373291999974754ms
[NX v22.5.4 Daemon Server] - 2026-03-16T04:18:12.035Z - [WATCHER]: Processing file changes in outputs
[NX v22.5.4 Daemon Server] - 2026-03-16T04:18:12.035Z - [WATCHER]: 1 file(s) created or restored, 0 file(s) modified, 1 file(s) deleted
[NX v22.5.4 Daemon Server] - 2026-03-16T04:18:12.035Z - [SYNC]: clearing sync generators cache due to file changes
[NX v22.5.4 Daemon Server] - 2026-03-16T04:18:12.137Z - [REQUEST]: Updated workspace context based on watched changes, recomputing project graph...
[NX v22.5.4 Daemon Server] - 2026-03-16T04:18:12.138Z - [REQUEST]: functions/project.json
[NX v22.5.4 Daemon Server] - 2026-03-16T04:18:12.138Z - [REQUEST]: functions/project.json.tmp.93003.1773634691953
[NX v22.5.4 Daemon Server] - 2026-03-16T04:18:12.146Z - Time taken for 'hash changed files from watcher' 1.0498749999678694ms
Time for 'plugin worker 14215 code loading' 3.972417000000002
Time for 'plugin worker 14217 code loading' 3.865583000000001
Time for 'plugin worker 14218 code loading' 3.7906250000000004
Time for 'plugin worker 14213 code loading' 4.069540999999999
Time for 'plugin worker 14214 code loading' 4.096708
Time for 'plugin worker 14216 code loading' 3.9967500000000005
[NX v22.5.4 Daemon Server] - 2026-03-16T04:18:12.175Z - Time taken for 'start-plugin-worker:@nx/eslint/plugin' 34.334083000023384ms
[NX v22.5.4 Daemon Server] - 2026-03-16T04:18:12.177Z - Time taken for 'start-plugin-worker:nx/core/package-json' 32.429500000027474ms
Time for 'nx/core/package-json:createNodes' 2.20091699999999
Time for 'nx/js/dependencies-and-lockfile:createNodes' 3.3977079999999944
[NX v22.5.4 Daemon Server] - 2026-03-16T04:18:12.272Z - Established a connection. Number of open connections: 1
[NX v22.5.4 Daemon Server] - 2026-03-16T04:18:12.272Z - Closed a connection. Number of open connections: 0
[NX v22.5.4 Daemon Server] - 2026-03-16T04:18:12.273Z - Established a connection. Number of open connections: 1
[NX v22.5.4 Daemon Client] - 2026-03-16T04:18:12.273Z - [Messenger] Setting up socket listeners
[NX v22.5.4 Daemon Client] - 2026-03-16T04:18:12.273Z - [Messenger] listen() complete
[NX v22.5.4 Daemon Client] - 2026-03-16T04:18:12.273Z - [Messenger] Sending message type: HASH_MULTI_GLOB
[NX v22.5.4 Daemon Client] - 2026-03-16T04:18:12.273Z - [Messenger] Message sent
Time for 'daemon-message-serialization-HASH_MULTI_GLOB' 0.1014160000000004
[NX v22.5.4 Daemon Server] - 2026-03-16T04:18:12.280Z - Received raw message of length 50
[NX v22.5.4 Daemon Server] - 2026-03-16T04:18:12.280Z - Received json message of type HASH_MULTI_GLOB
[NX v22.5.4 Daemon Server] - 2026-03-16T04:18:12.281Z - Serializing response for HASH_GLOB message in json mode
[NX v22.5.4 Daemon Server] - 2026-03-16T04:18:12.281Z - Responding to HASH_GLOB message
[NX v22.5.4 Daemon Server] - 2026-03-16T04:18:12.281Z - [REQUEST]: Responding to the client. handleHashMultiGlob
[NX v22.5.4 Daemon Server] - 2026-03-16T04:18:12.281Z - Done responding to the client handleHashMultiGlob
[NX v22.5.4 Daemon Server] - 2026-03-16T04:18:12.281Z - Handled json message HASH_GLOB. Handling time: 1. Response time: 0.
[NX v22.5.4 Daemon Client] - 2026-03-16T04:18:12.281Z - [Messenger] Received message, length: 24
[NX v22.5.4 Daemon Server] - 2026-03-16T04:18:12.288Z - Established a connection. Number of open connections: 2
[NX v22.5.4 Daemon Server] - 2026-03-16T04:18:12.288Z - Closed a connection. Number of open connections: 1
[NX v22.5.4 Daemon Server] - 2026-03-16T04:18:12.288Z - Established a connection. Number of open connections: 2
[NX v22.5.4 Daemon Client] - 2026-03-16T04:18:12.288Z - [Messenger] Setting up socket listeners
[NX v22.5.4 Daemon Client] - 2026-03-16T04:18:12.289Z - [Messenger] listen() complete
[NX v22.5.4 Daemon Client] - 2026-03-16T04:18:12.289Z - [Messenger] Sending message type: GLOB
[NX v22.5.4 Daemon Client] - 2026-03-16T04:18:12.289Z - [Messenger] Message sent
Time for 'daemon-message-serialization-GLOB' 0.08741599999999039
[NX v22.5.4 Daemon Server] - 2026-03-16T04:18:12.297Z - Received raw message of length 73
[NX v22.5.4 Daemon Server] - 2026-03-16T04:18:12.297Z - Received json message of type GLOB
[NX v22.5.4 Daemon Server] - 2026-03-16T04:18:12.297Z - Serializing response for GLOB message in json mode
[NX v22.5.4 Daemon Server] - 2026-03-16T04:18:12.297Z - Responding to GLOB message
[NX v22.5.4 Daemon Server] - 2026-03-16T04:18:12.297Z - [REQUEST]: Responding to the client. handleGlob
[NX v22.5.4 Daemon Server] - 2026-03-16T04:18:12.298Z - Done responding to the client handleGlob
[NX v22.5.4 Daemon Server] - 2026-03-16T04:18:12.298Z - Handled json message GLOB. Handling time: 0. Response time: 1.
[NX v22.5.4 Daemon Client] - 2026-03-16T04:18:12.298Z - [Messenger] Received message, length: 30900
[NX v22.5.4 Daemon Client] - 2026-03-16T04:18:12.299Z - [Messenger] Sending message type: HASH_MULTI_GLOB
[NX v22.5.4 Daemon Client] - 2026-03-16T04:18:12.299Z - [Messenger] Message sent
[NX v22.5.4 Daemon Server] - 2026-03-16T04:18:12.299Z - Received raw message of length 349
[NX v22.5.4 Daemon Server] - 2026-03-16T04:18:12.299Z - Received json message of type HASH_MULTI_GLOB
[NX v22.5.4 Daemon Server] - 2026-03-16T04:18:12.300Z - Serializing response for HASH_GLOB message in json mode
[NX v22.5.4 Daemon Server] - 2026-03-16T04:18:12.300Z - Responding to HASH_GLOB message
[NX v22.5.4 Daemon Server] - 2026-03-16T04:18:12.300Z - [REQUEST]: Responding to the client. handleHashMultiGlob
[NX v22.5.4 Daemon Server] - 2026-03-16T04:18:12.300Z - Done responding to the client handleHashMultiGlob
[NX v22.5.4 Daemon Server] - 2026-03-16T04:18:12.300Z - Handled json message HASH_GLOB. Handling time: 1. Response time: 0.
[NX v22.5.4 Daemon Client] - 2026-03-16T04:18:12.300Z - [Messenger] Received message, length: 113
Time for 'GLOB round trip' 9.281374999999997
Time for 'deserialize daemon response - GLOB' 0.08849999999998204
Time for 'daemon-message-serialization-HASH_MULTI_GLOB' 0.00966700000000742
[NX v22.5.4 Daemon Server] - 2026-03-16T04:18:12.306Z - Closed a connection. Number of open connections: 1
Time for 'HASH_MULTI_GLOB round trip' 1.210916999999995
Time for 'deserialize daemon response - HASH_MULTI_GLOB' 0.010374999999982037
[baseline-browser-mapping] The data in this module is over two months old.  To ensure accurate Baseline data, please update: `npm i baseline-browser-mapping@latest -D`
[NX v22.5.4 Daemon Server] - 2026-03-16T04:18:12.751Z - Time taken for 'build-project-configs' 607.2775000000256ms
[NX v22.5.4 Daemon Server] - 2026-03-16T04:18:12.757Z - Closed a connection. Number of open connections: 0
Time for 'build typescript dependencies' 3.019207999999935
[NX v22.5.4 Daemon Server] - 2026-03-16T04:18:12.769Z - [SYNC]: collect registered sync generators
[NX v22.5.4 Daemon Server] - 2026-03-16T04:18:12.769Z - [SYNC]: nx.json hash is the same, not collecting global sync generators
[NX v22.5.4 Daemon Server] - 2026-03-16T04:18:12.769Z - Time taken for 'total execution time for createProjectGraph()' 19.84504200000083ms
[NX v22.5.4 Daemon Server] - 2026-03-16T04:18:15.706Z - Established a connection. Number of open connections: 1
[NX v22.5.4 Daemon Server] - 2026-03-16T04:18:15.707Z - Closed a connection. Number of open connections: 0
[NX v22.5.4 Daemon Server] - 2026-03-16T04:18:15.707Z - Established a connection. Number of open connections: 1
[NX v22.5.4 Daemon Server] - 2026-03-16T04:18:15.707Z - Closed a connection. Number of open connections: 0
[NX v22.5.4 Daemon Server] - 2026-03-16T04:18:15.707Z - Established a connection. Number of open connections: 1
[NX v22.5.4 Daemon Client] - 2026-03-16T04:18:15.707Z - [Messenger] Setting up socket listeners
[NX v22.5.4 Daemon Client] - 2026-03-16T04:18:15.708Z - [Messenger] listen() complete
[NX v22.5.4 Daemon Client] - 2026-03-16T04:18:15.708Z - [Messenger] Sending message type: GET_NX_CONSOLE_STATUS
[NX v22.5.4 Daemon Client] - 2026-03-16T04:18:15.708Z - [Messenger] Message sent
[NX v22.5.4 Daemon Server] - 2026-03-16T04:18:15.715Z - Received raw message of length 32
[NX v22.5.4 Daemon Server] - 2026-03-16T04:18:15.715Z - Received json message of type GET_NX_CONSOLE_STATUS
[NX v22.5.4 Daemon Server] - 2026-03-16T04:18:15.715Z - Serializing response for GET_NX_CONSOLE_STATUS message in json mode
[NX v22.5.4 Daemon Server] - 2026-03-16T04:18:15.715Z - Responding to GET_NX_CONSOLE_STATUS message
[NX v22.5.4 Daemon Server] - 2026-03-16T04:18:15.715Z - [REQUEST]: Responding to the client. handleGetNxConsoleStatus
[NX v22.5.4 Daemon Server] - 2026-03-16T04:18:15.715Z - Done responding to the client handleGetNxConsoleStatus
[NX v22.5.4 Daemon Server] - 2026-03-16T04:18:15.715Z - Handled json message GET_NX_CONSOLE_STATUS. Handling time: 0. Response time: 0.
[NX v22.5.4 Daemon Client] - 2026-03-16T04:18:15.715Z - [Messenger] Received message, length: 22
[NX v22.5.4 Daemon Client] - 2026-03-16T04:18:15.734Z - [Messenger] Sending message type: REQUEST_PROJECT_GRAPH
[NX v22.5.4 Daemon Client] - 2026-03-16T04:18:15.734Z - [Messenger] Message sent
[NX v22.5.4 Daemon Server] - 2026-03-16T04:18:15.735Z - Received raw message of length 32
[NX v22.5.4 Daemon Server] - 2026-03-16T04:18:15.735Z - Received json message of type REQUEST_PROJECT_GRAPH
[NX v22.5.4 Daemon Server] - 2026-03-16T04:18:15.735Z - [REQUEST]: Client Request for Project Graph Received
[NX v22.5.4 Daemon Server] - 2026-03-16T04:18:15.735Z - Reusing in-memory cached project graph because no files changed.
[NX v22.5.4 Daemon Server] - 2026-03-16T04:18:15.735Z - Serializing response for REQUEST_PROJECT_GRAPH message in json mode
[NX v22.5.4 Daemon Server] - 2026-03-16T04:18:15.735Z - Responding to REQUEST_PROJECT_GRAPH message
[NX v22.5.4 Daemon Server] - 2026-03-16T04:18:15.735Z - [REQUEST]: Responding to the client. project-graph
[NX v22.5.4 Daemon Server] - 2026-03-16T04:18:15.735Z - Time taken for 'total for creating and serializing project graph' 0.2581249999930151ms
[NX v22.5.4 Daemon Server] - 2026-03-16T04:18:15.738Z - Done responding to the client project-graph
[NX v22.5.4 Daemon Server] - 2026-03-16T04:18:15.738Z - Handled json message REQUEST_PROJECT_GRAPH. Handling time: 0. Response time: 3.
[NX v22.5.4 Daemon Client] - 2026-03-16T04:18:15.738Z - [Messenger] Received message, length: 1120199
[NX v22.5.4 Daemon Client] - 2026-03-16T04:18:15.741Z - [Messenger] Sending message type: PRE_TASKS_EXECUTION
[NX v22.5.4 Daemon Client] - 2026-03-16T04:18:15.742Z - [Messenger] Message sent
[NX v22.5.4 Daemon Server] - 2026-03-16T04:18:15.742Z - Received raw message of length 677
[NX v22.5.4 Daemon Server] - 2026-03-16T04:18:15.742Z - Received json message of type PRE_TASKS_EXECUTION
[NX v22.5.4 Daemon Server] - 2026-03-16T04:18:15.742Z - Serializing response for PRE_TASKS_EXECUTION message in json mode
[NX v22.5.4 Daemon Server] - 2026-03-16T04:18:15.742Z - Responding to PRE_TASKS_EXECUTION message
[NX v22.5.4 Daemon Server] - 2026-03-16T04:18:15.742Z - [REQUEST]: Responding to the client. handleRunPreTasksExecution
[NX v22.5.4 Daemon Server] - 2026-03-16T04:18:15.742Z - Done responding to the client handleRunPreTasksExecution
[NX v22.5.4 Daemon Server] - 2026-03-16T04:18:15.742Z - Handled json message PRE_TASKS_EXECUTION. Handling time: 0. Response time: 0.
[NX v22.5.4 Daemon Client] - 2026-03-16T04:18:15.742Z - [Messenger] Received message, length: 2
[NX v22.5.4 Daemon Server] - 2026-03-16T04:18:15.742Z - Time taken for 'preTasksExecution' 0.08045800001127645ms
[NX v22.5.4 Daemon Client] - 2026-03-16T04:18:15.764Z - [Messenger] Sending message type: HASH_TASKS
[NX v22.5.4 Daemon Client] - 2026-03-16T04:18:15.764Z - [Messenger] Message sent
[NX v22.5.4 Daemon Server] - 2026-03-16T04:18:15.764Z - Received raw message of length 5979
[NX v22.5.4 Daemon Server] - 2026-03-16T04:18:15.765Z - Received json message of type HASH_TASKS
[NX v22.5.4 Daemon Server] - 2026-03-16T04:18:15.765Z - Reusing in-memory cached project graph because no files changed.
DEBUG nx::native::tasks::hash_planner: get_plans_internal COMPLETED in 1.235417ms - processed 2 tasks (setup: 1.183875ms, parallel_planning: 51.375µs)
DEBUG nx::native::tasks::hashers::hash_workspace_files: Hashing workspace fileset with inputs: Adding "2189949021886064727" (".gitignore") to hash
DEBUG nx::native::tasks::hashers::hash_workspace_files: Hashing workspace fileset with inputs: Adding "2189949021886064727" (".gitignore") to hash
DEBUG nx::native::tasks::hashers::hash_workspace_files: Hashing workspace fileset with inputs: Adding "13467211139819667633" ("nx.json") to hash
DEBUG nx::native::tasks::hashers::hash_workspace_files: Hashing workspace fileset with inputs: Hash Value: "10970448857502704134"
DEBUG nx::native::tasks::hashers::hash_workspace_files: Hashing workspace fileset with inputs: Adding "13467211139819667633" ("nx.json") to hash
DEBUG nx::native::tasks::hashers::hash_workspace_files: Hashing workspace fileset with inputs: Hash Value: "10970448857502704134"
DEBUG nx::native::tasks::task_hasher: hash_plans COMPLETED in 1.32625ms - processed 2 plans (setup: 337.416µs, hashing: 988.625µs, assembly: 72.917µs)
[NX v22.5.4 Daemon Server] - 2026-03-16T04:18:15.773Z - Serializing response for HASH_TASKS message in json mode
[NX v22.5.4 Daemon Server] - 2026-03-16T04:18:15.773Z - Responding to HASH_TASKS message
[NX v22.5.4 Daemon Server] - 2026-03-16T04:18:15.773Z - [REQUEST]: Responding to the client. handleHashTasks
[NX v22.5.4 Daemon Server] - 2026-03-16T04:18:15.773Z - Done responding to the client handleHashTasks
[NX v22.5.4 Daemon Server] - 2026-03-16T04:18:15.773Z - Handled json message HASH_TASKS. Handling time: 8. Response time: 0.
[NX v22.5.4 Daemon Client] - 2026-03-16T04:18:15.773Z - [Messenger] Received message, length: 33033
[NX v22.5.4 Daemon Client] - 2026-03-16T04:18:15.798Z - [Messenger] Sending message type: GET_ESTIMATED_TASK_TIMINGS
[NX v22.5.4 Daemon Client] - 2026-03-16T04:18:15.798Z - [Messenger] Message sent
[NX v22.5.4 Daemon Server] - 2026-03-16T04:18:15.798Z - Received raw message of length 134
[NX v22.5.4 Daemon Server] - 2026-03-16T04:18:15.798Z - Received json message of type GET_ESTIMATED_TASK_TIMINGS
[NX v22.5.4 Daemon Server] - 2026-03-16T04:18:15.798Z - Serializing response for GET_ESTIMATED_TASK_TIMINGS message in json mode
[NX v22.5.4 Daemon Server] - 2026-03-16T04:18:15.798Z - Responding to GET_ESTIMATED_TASK_TIMINGS message
[NX v22.5.4 Daemon Server] - 2026-03-16T04:18:15.798Z - [REQUEST]: Responding to the client. handleGetEstimatedTaskTimings
[NX v22.5.4 Daemon Server] - 2026-03-16T04:18:15.798Z - Done responding to the client handleGetEstimatedTaskTimings
[NX v22.5.4 Daemon Server] - 2026-03-16T04:18:15.798Z - Handled json message GET_ESTIMATED_TASK_TIMINGS. Handling time: 0. Response time: 0.
[NX v22.5.4 Daemon Client] - 2026-03-16T04:18:15.798Z - [Messenger] Received message, length: 2
[NX v22.5.4 Daemon Client] - 2026-03-16T04:18:16.385Z - [Messenger] Sending message type: RECORD_OUTPUTS_HASH
[NX v22.5.4 Daemon Client] - 2026-03-16T04:18:16.385Z - [Messenger] Message sent
[NX v22.5.4 Daemon Server] - 2026-03-16T04:18:16.385Z - Received raw message of length 105
[NX v22.5.4 Daemon Server] - 2026-03-16T04:18:16.385Z - Received json message of type RECORD_OUTPUTS_HASH
[NX v22.5.4 Daemon Server] - 2026-03-16T04:18:16.388Z - Serializing response for RECORD_OUTPUTS_HASH message in json mode
[NX v22.5.4 Daemon Server] - 2026-03-16T04:18:16.389Z - Responding to RECORD_OUTPUTS_HASH message
[NX v22.5.4 Daemon Server] - 2026-03-16T04:18:16.389Z - [REQUEST]: Responding to the client. recordOutputsHash
[NX v22.5.4 Daemon Server] - 2026-03-16T04:18:16.389Z - Done responding to the client recordOutputsHash
[NX v22.5.4 Daemon Server] - 2026-03-16T04:18:16.389Z - Handled json message RECORD_OUTPUTS_HASH. Handling time: 3. Response time: 1.
[NX v22.5.4 Daemon Client] - 2026-03-16T04:18:16.389Z - [Messenger] Received message, length: 2
[NX v22.5.4 Daemon Server] - 2026-03-16T04:18:16.426Z - [WATCHER]: Processing file changes in outputs
[NX v22.5.4 Daemon Server] - 2026-03-16T04:18:17.927Z - [WATCHER]: Processing file changes in outputs
[NX v22.5.4 Daemon Server] - 2026-03-16T04:18:17.980Z - [WATCHER]: Processing file changes in outputs
[NX v22.5.4 Daemon Client] - 2026-03-16T04:18:18.032Z - [Messenger] Sending message type: RECORD_OUTPUTS_HASH
[NX v22.5.4 Daemon Client] - 2026-03-16T04:18:18.032Z - [Messenger] Message sent
[NX v22.5.4 Daemon Server] - 2026-03-16T04:18:18.032Z - Received raw message of length 152
[NX v22.5.4 Daemon Server] - 2026-03-16T04:18:18.032Z - Received json message of type RECORD_OUTPUTS_HASH
[NX v22.5.4 Daemon Server] - 2026-03-16T04:18:18.032Z - Serializing response for RECORD_OUTPUTS_HASH message in json mode
[NX v22.5.4 Daemon Server] - 2026-03-16T04:18:18.032Z - Responding to RECORD_OUTPUTS_HASH message
[NX v22.5.4 Daemon Server] - 2026-03-16T04:18:18.032Z - [REQUEST]: Responding to the client. recordOutputsHash
[NX v22.5.4 Daemon Server] - 2026-03-16T04:18:18.032Z - Done responding to the client recordOutputsHash
[NX v22.5.4 Daemon Server] - 2026-03-16T04:18:18.032Z - Handled json message RECORD_OUTPUTS_HASH. Handling time: 0. Response time: 0.
[NX v22.5.4 Daemon Client] - 2026-03-16T04:18:18.032Z - [Messenger] Received message, length: 2
[NX v22.5.4 Daemon Server] - 2026-03-16T04:18:18.034Z - [WATCHER]: Processing file changes in outputs
[NX v22.5.4 Daemon Client] - 2026-03-16T04:18:18.034Z - [Messenger] Sending message type: RECORD_TASK_RUNS
[NX v22.5.4 Daemon Client] - 2026-03-16T04:18:18.034Z - [Messenger] Message sent
[NX v22.5.4 Daemon Server] - 2026-03-16T04:18:18.034Z - Received raw message of length 382
[NX v22.5.4 Daemon Server] - 2026-03-16T04:18:18.034Z - Received json message of type RECORD_TASK_RUNS
[NX v22.5.4 Daemon Server] - 2026-03-16T04:18:18.034Z - Serializing response for RECORD_TASK_RUNS message in json mode
[NX v22.5.4 Daemon Server] - 2026-03-16T04:18:18.034Z - Responding to RECORD_TASK_RUNS message
[NX v22.5.4 Daemon Server] - 2026-03-16T04:18:18.034Z - [REQUEST]: Responding to the client. handleRecordTaskRuns
[NX v22.5.4 Daemon Server] - 2026-03-16T04:18:18.034Z - Done responding to the client handleRecordTaskRuns
[NX v22.5.4 Daemon Server] - 2026-03-16T04:18:18.034Z - Handled json message RECORD_TASK_RUNS. Handling time: 0. Response time: 0.
[NX v22.5.4 Daemon Client] - 2026-03-16T04:18:18.034Z - [Messenger] Received message, length: 4
[NX v22.5.4 Daemon Client] - 2026-03-16T04:18:18.035Z - [Messenger] Sending message type: POST_TASKS_EXECUTION
[NX v22.5.4 Daemon Client] - 2026-03-16T04:18:18.035Z - [Messenger] Message sent
[NX v22.5.4 Daemon Server] - 2026-03-16T04:18:18.035Z - Received raw message of length 10027
[NX v22.5.4 Daemon Server] - 2026-03-16T04:18:18.035Z - Received json message of type POST_TASKS_EXECUTION
[NX v22.5.4 Daemon Server] - 2026-03-16T04:18:18.035Z - Serializing response for POST_TASKS_EXECUTION message in json mode
[NX v22.5.4 Daemon Server] - 2026-03-16T04:18:18.035Z - Responding to POST_TASKS_EXECUTION message
[NX v22.5.4 Daemon Server] - 2026-03-16T04:18:18.035Z - [REQUEST]: Responding to the client. handleRunPostTasksExecution
[NX v22.5.4 Daemon Server] - 2026-03-16T04:18:18.035Z - Done responding to the client handleRunPostTasksExecution
[NX v22.5.4 Daemon Server] - 2026-03-16T04:18:18.035Z - Handled json message POST_TASKS_EXECUTION. Handling time: 0. Response time: 0.
[NX v22.5.4 Daemon Server] - 2026-03-16T04:18:18.035Z - Time taken for 'postTasksExecution' 0.07516699994448572ms
[NX v22.5.4 Daemon Client] - 2026-03-16T04:18:18.035Z - [Messenger] Received message, length: 4
[NX v22.5.4 Daemon Server] - 2026-03-16T04:18:18.039Z - Closed a connection. Number of open connections: 0
[NX v22.5.4 Daemon Server] - 2026-03-16T04:18:23.184Z - Established a connection. Number of open connections: 1
[NX v22.5.4 Daemon Server] - 2026-03-16T04:18:23.184Z - Closed a connection. Number of open connections: 0
[NX v22.5.4 Daemon Server] - 2026-03-16T04:18:23.185Z - Established a connection. Number of open connections: 1
[NX v22.5.4 Daemon Server] - 2026-03-16T04:18:23.185Z - Closed a connection. Number of open connections: 0
[NX v22.5.4 Daemon Server] - 2026-03-16T04:18:23.185Z - Established a connection. Number of open connections: 1
[NX v22.5.4 Daemon Client] - 2026-03-16T04:18:23.185Z - [Messenger] Setting up socket listeners
[NX v22.5.4 Daemon Client] - 2026-03-16T04:18:23.186Z - [Messenger] listen() complete
[NX v22.5.4 Daemon Client] - 2026-03-16T04:18:23.186Z - [Messenger] Sending message type: GET_NX_CONSOLE_STATUS
[NX v22.5.4 Daemon Client] - 2026-03-16T04:18:23.186Z - [Messenger] Message sent
[NX v22.5.4 Daemon Server] - 2026-03-16T04:18:23.192Z - Received raw message of length 32
[NX v22.5.4 Daemon Server] - 2026-03-16T04:18:23.192Z - Received json message of type GET_NX_CONSOLE_STATUS
[NX v22.5.4 Daemon Server] - 2026-03-16T04:18:23.192Z - Serializing response for GET_NX_CONSOLE_STATUS message in json mode
[NX v22.5.4 Daemon Server] - 2026-03-16T04:18:23.192Z - Responding to GET_NX_CONSOLE_STATUS message
[NX v22.5.4 Daemon Server] - 2026-03-16T04:18:23.192Z - [REQUEST]: Responding to the client. handleGetNxConsoleStatus
[NX v22.5.4 Daemon Server] - 2026-03-16T04:18:23.192Z - Done responding to the client handleGetNxConsoleStatus
[NX v22.5.4 Daemon Server] - 2026-03-16T04:18:23.192Z - Handled json message GET_NX_CONSOLE_STATUS. Handling time: 0. Response time: 0.
[NX v22.5.4 Daemon Client] - 2026-03-16T04:18:23.193Z - [Messenger] Received message, length: 22
[NX v22.5.4 Daemon Client] - 2026-03-16T04:18:23.207Z - [Messenger] Sending message type: REQUEST_PROJECT_GRAPH
[NX v22.5.4 Daemon Client] - 2026-03-16T04:18:23.207Z - [Messenger] Message sent
[NX v22.5.4 Daemon Server] - 2026-03-16T04:18:23.207Z - Received raw message of length 32
[NX v22.5.4 Daemon Server] - 2026-03-16T04:18:23.207Z - Received json message of type REQUEST_PROJECT_GRAPH
[NX v22.5.4 Daemon Server] - 2026-03-16T04:18:23.207Z - [REQUEST]: Client Request for Project Graph Received
[NX v22.5.4 Daemon Server] - 2026-03-16T04:18:23.207Z - Reusing in-memory cached project graph because no files changed.
[NX v22.5.4 Daemon Server] - 2026-03-16T04:18:23.207Z - Serializing response for REQUEST_PROJECT_GRAPH message in json mode
[NX v22.5.4 Daemon Server] - 2026-03-16T04:18:23.207Z - Responding to REQUEST_PROJECT_GRAPH message
[NX v22.5.4 Daemon Server] - 2026-03-16T04:18:23.207Z - [REQUEST]: Responding to the client. project-graph
[NX v22.5.4 Daemon Server] - 2026-03-16T04:18:23.208Z - Time taken for 'total for creating and serializing project graph' 0.3700420000241138ms
[NX v22.5.4 Daemon Server] - 2026-03-16T04:18:23.210Z - Done responding to the client project-graph
[NX v22.5.4 Daemon Server] - 2026-03-16T04:18:23.210Z - Handled json message REQUEST_PROJECT_GRAPH. Handling time: 0. Response time: 3.
[NX v22.5.4 Daemon Client] - 2026-03-16T04:18:23.211Z - [Messenger] Received message, length: 1120199
[NX v22.5.4 Daemon Client] - 2026-03-16T04:18:23.213Z - [Messenger] Sending message type: PRE_TASKS_EXECUTION
[NX v22.5.4 Daemon Client] - 2026-03-16T04:18:23.214Z - [Messenger] Message sent
[NX v22.5.4 Daemon Server] - 2026-03-16T04:18:23.214Z - Received raw message of length 676
[NX v22.5.4 Daemon Server] - 2026-03-16T04:18:23.214Z - Received json message of type PRE_TASKS_EXECUTION
[NX v22.5.4 Daemon Server] - 2026-03-16T04:18:23.214Z - Serializing response for PRE_TASKS_EXECUTION message in json mode
[NX v22.5.4 Daemon Server] - 2026-03-16T04:18:23.214Z - Responding to PRE_TASKS_EXECUTION message
[NX v22.5.4 Daemon Server] - 2026-03-16T04:18:23.214Z - [REQUEST]: Responding to the client. handleRunPreTasksExecution
[NX v22.5.4 Daemon Server] - 2026-03-16T04:18:23.214Z - Done responding to the client handleRunPreTasksExecution
[NX v22.5.4 Daemon Server] - 2026-03-16T04:18:23.214Z - Handled json message PRE_TASKS_EXECUTION. Handling time: 0. Response time: 0.
[NX v22.5.4 Daemon Server] - 2026-03-16T04:18:23.214Z - Time taken for 'preTasksExecution' 0.05154099996434525ms
[NX v22.5.4 Daemon Client] - 2026-03-16T04:18:23.214Z - [Messenger] Received message, length: 2
[NX v22.5.4 Daemon Client] - 2026-03-16T04:18:23.235Z - [Messenger] Sending message type: HASH_TASKS
[NX v22.5.4 Daemon Client] - 2026-03-16T04:18:23.235Z - [Messenger] Message sent
[NX v22.5.4 Daemon Server] - 2026-03-16T04:18:23.235Z - Received raw message of length 5387
[NX v22.5.4 Daemon Server] - 2026-03-16T04:18:23.235Z - Received json message of type HASH_TASKS
[NX v22.5.4 Daemon Server] - 2026-03-16T04:18:23.235Z - Reusing in-memory cached project graph because no files changed.
DEBUG nx::native::tasks::hash_planner: get_plans_internal COMPLETED in 1.09125ms - processed 1 tasks (setup: 1.065333ms, parallel_planning: 25.875µs)
DEBUG nx::native::tasks::hashers::hash_workspace_files: Hashing workspace fileset with inputs: Adding "2189949021886064727" (".gitignore") to hash
DEBUG nx::native::tasks::hashers::hash_workspace_files: Hashing workspace fileset with inputs: Adding "13467211139819667633" ("nx.json") to hash
DEBUG nx::native::tasks::hashers::hash_workspace_files: Hashing workspace fileset with inputs: Hash Value: "10970448857502704134"
DEBUG nx::native::tasks::task_hasher: hash_plans COMPLETED in 944.458µs - processed 1 plans (setup: 327.833µs, hashing: 616.5µs, assembly: 47.125µs)
[NX v22.5.4 Daemon Server] - 2026-03-16T04:18:23.238Z - Serializing response for HASH_TASKS message in json mode
[NX v22.5.4 Daemon Server] - 2026-03-16T04:18:23.238Z - Responding to HASH_TASKS message
[NX v22.5.4 Daemon Server] - 2026-03-16T04:18:23.238Z - [REQUEST]: Responding to the client. handleHashTasks
[NX v22.5.4 Daemon Server] - 2026-03-16T04:18:23.238Z - Done responding to the client handleHashTasks
[NX v22.5.4 Daemon Server] - 2026-03-16T04:18:23.238Z - Handled json message HASH_TASKS. Handling time: 3. Response time: 0.
[NX v22.5.4 Daemon Client] - 2026-03-16T04:18:23.238Z - [Messenger] Received message, length: 21772
[NX v22.5.4 Daemon Client] - 2026-03-16T04:18:23.264Z - [Messenger] Sending message type: GET_ESTIMATED_TASK_TIMINGS
[NX v22.5.4 Daemon Client] - 2026-03-16T04:18:23.264Z - [Messenger] Message sent
[NX v22.5.4 Daemon Server] - 2026-03-16T04:18:23.264Z - Received raw message of length 88
[NX v22.5.4 Daemon Server] - 2026-03-16T04:18:23.264Z - Received json message of type GET_ESTIMATED_TASK_TIMINGS
[NX v22.5.4 Daemon Server] - 2026-03-16T04:18:23.264Z - Serializing response for GET_ESTIMATED_TASK_TIMINGS message in json mode
[NX v22.5.4 Daemon Server] - 2026-03-16T04:18:23.264Z - Responding to GET_ESTIMATED_TASK_TIMINGS message
[NX v22.5.4 Daemon Server] - 2026-03-16T04:18:23.264Z - [REQUEST]: Responding to the client. handleGetEstimatedTaskTimings
[NX v22.5.4 Daemon Server] - 2026-03-16T04:18:23.264Z - Done responding to the client handleGetEstimatedTaskTimings
[NX v22.5.4 Daemon Server] - 2026-03-16T04:18:23.264Z - Handled json message GET_ESTIMATED_TASK_TIMINGS. Handling time: 0. Response time: 0.
[NX v22.5.4 Daemon Client] - 2026-03-16T04:18:23.264Z - [Messenger] Received message, length: 2
[NX v22.5.4 Daemon Server] - 2026-03-16T04:18:24.356Z - [WATCHER]: Processing file changes in outputs
[NX v22.5.4 Daemon Server] - 2026-03-16T04:18:25.165Z - [WATCHER]: Processing file changes in outputs
[NX v22.5.4 Daemon Server] - 2026-03-16T04:18:26.060Z - [WATCHER]: Processing file changes in outputs
[NX v22.5.4 Daemon Server] - 2026-03-16T04:18:26.361Z - [WATCHER]: Processing file changes in outputs
[NX v22.5.4 Daemon Client] - 2026-03-16T04:18:26.425Z - [Messenger] Sending message type: RECORD_OUTPUTS_HASH
[NX v22.5.4 Daemon Client] - 2026-03-16T04:18:26.425Z - [Messenger] Message sent
[NX v22.5.4 Daemon Server] - 2026-03-16T04:18:26.425Z - Received raw message of length 143
[NX v22.5.4 Daemon Server] - 2026-03-16T04:18:26.425Z - Received json message of type RECORD_OUTPUTS_HASH
[NX v22.5.4 Daemon Server] - 2026-03-16T04:18:26.429Z - Serializing response for RECORD_OUTPUTS_HASH message in json mode
[NX v22.5.4 Daemon Server] - 2026-03-16T04:18:26.429Z - Responding to RECORD_OUTPUTS_HASH message
[NX v22.5.4 Daemon Server] - 2026-03-16T04:18:26.429Z - [REQUEST]: Responding to the client. recordOutputsHash
[NX v22.5.4 Daemon Server] - 2026-03-16T04:18:26.429Z - Done responding to the client recordOutputsHash
[NX v22.5.4 Daemon Server] - 2026-03-16T04:18:26.429Z - Handled json message RECORD_OUTPUTS_HASH. Handling time: 4. Response time: 0.
[NX v22.5.4 Daemon Client] - 2026-03-16T04:18:26.429Z - [Messenger] Received message, length: 2
[NX v22.5.4 Daemon Client] - 2026-03-16T04:18:26.430Z - [Messenger] Sending message type: RECORD_TASK_RUNS
[NX v22.5.4 Daemon Client] - 2026-03-16T04:18:26.430Z - [Messenger] Message sent
[NX v22.5.4 Daemon Server] - 2026-03-16T04:18:26.430Z - Received raw message of length 207
[NX v22.5.4 Daemon Server] - 2026-03-16T04:18:26.430Z - Received json message of type RECORD_TASK_RUNS
[NX v22.5.4 Daemon Server] - 2026-03-16T04:18:26.430Z - Serializing response for RECORD_TASK_RUNS message in json mode
[NX v22.5.4 Daemon Server] - 2026-03-16T04:18:26.430Z - Responding to RECORD_TASK_RUNS message
[NX v22.5.4 Daemon Server] - 2026-03-16T04:18:26.430Z - [REQUEST]: Responding to the client. handleRecordTaskRuns
[NX v22.5.4 Daemon Server] - 2026-03-16T04:18:26.430Z - Done responding to the client handleRecordTaskRuns
[NX v22.5.4 Daemon Server] - 2026-03-16T04:18:26.430Z - Handled json message RECORD_TASK_RUNS. Handling time: 0. Response time: 0.
[NX v22.5.4 Daemon Client] - 2026-03-16T04:18:26.430Z - [Messenger] Received message, length: 4
[NX v22.5.4 Daemon Client] - 2026-03-16T04:18:26.431Z - [Messenger] Sending message type: POST_TASKS_EXECUTION
[NX v22.5.4 Daemon Client] - 2026-03-16T04:18:26.431Z - [Messenger] Message sent
[NX v22.5.4 Daemon Server] - 2026-03-16T04:18:26.431Z - Received raw message of length 14779
[NX v22.5.4 Daemon Server] - 2026-03-16T04:18:26.431Z - Received json message of type POST_TASKS_EXECUTION
[NX v22.5.4 Daemon Server] - 2026-03-16T04:18:26.432Z - Serializing response for POST_TASKS_EXECUTION message in json mode
[NX v22.5.4 Daemon Server] - 2026-03-16T04:18:26.432Z - Responding to POST_TASKS_EXECUTION message
[NX v22.5.4 Daemon Server] - 2026-03-16T04:18:26.432Z - [REQUEST]: Responding to the client. handleRunPostTasksExecution
[NX v22.5.4 Daemon Server] - 2026-03-16T04:18:26.432Z - Done responding to the client handleRunPostTasksExecution
[NX v22.5.4 Daemon Server] - 2026-03-16T04:18:26.432Z - Handled json message POST_TASKS_EXECUTION. Handling time: 1. Response time: 0.
[NX v22.5.4 Daemon Client] - 2026-03-16T04:18:26.432Z - [Messenger] Received message, length: 4
[NX v22.5.4 Daemon Server] - 2026-03-16T04:18:26.432Z - Time taken for 'postTasksExecution' 0.0857079999987036ms
[NX v22.5.4 Daemon Server] - 2026-03-16T04:18:26.436Z - Closed a connection. Number of open connections: 0
[NX v22.5.4 Daemon Server] - 2026-03-16T04:18:29.797Z - Established a connection. Number of open connections: 1
[NX v22.5.4 Daemon Server] - 2026-03-16T04:18:29.798Z - Closed a connection. Number of open connections: 0
[NX v22.5.4 Daemon Server] - 2026-03-16T04:18:29.798Z - Established a connection. Number of open connections: 1
[NX v22.5.4 Daemon Server] - 2026-03-16T04:18:29.798Z - Closed a connection. Number of open connections: 0
[NX v22.5.4 Daemon Server] - 2026-03-16T04:18:29.798Z - Established a connection. Number of open connections: 1
[NX v22.5.4 Daemon Client] - 2026-03-16T04:18:29.798Z - [Messenger] Setting up socket listeners
[NX v22.5.4 Daemon Client] - 2026-03-16T04:18:29.799Z - [Messenger] listen() complete
[NX v22.5.4 Daemon Client] - 2026-03-16T04:18:29.799Z - [Messenger] Sending message type: GET_NX_CONSOLE_STATUS
[NX v22.5.4 Daemon Client] - 2026-03-16T04:18:29.799Z - [Messenger] Message sent
[NX v22.5.4 Daemon Server] - 2026-03-16T04:18:29.805Z - Received raw message of length 32
[NX v22.5.4 Daemon Server] - 2026-03-16T04:18:29.805Z - Received json message of type GET_NX_CONSOLE_STATUS
[NX v22.5.4 Daemon Server] - 2026-03-16T04:18:29.805Z - Serializing response for GET_NX_CONSOLE_STATUS message in json mode
[NX v22.5.4 Daemon Server] - 2026-03-16T04:18:29.805Z - Responding to GET_NX_CONSOLE_STATUS message
[NX v22.5.4 Daemon Server] - 2026-03-16T04:18:29.805Z - [REQUEST]: Responding to the client. handleGetNxConsoleStatus
[NX v22.5.4 Daemon Server] - 2026-03-16T04:18:29.805Z - Done responding to the client handleGetNxConsoleStatus
[NX v22.5.4 Daemon Server] - 2026-03-16T04:18:29.805Z - Handled json message GET_NX_CONSOLE_STATUS. Handling time: 0. Response time: 0.
[NX v22.5.4 Daemon Client] - 2026-03-16T04:18:29.806Z - [Messenger] Received message, length: 22
[NX v22.5.4 Daemon Client] - 2026-03-16T04:18:29.820Z - [Messenger] Sending message type: REQUEST_PROJECT_GRAPH
[NX v22.5.4 Daemon Client] - 2026-03-16T04:18:29.820Z - [Messenger] Message sent
[NX v22.5.4 Daemon Server] - 2026-03-16T04:18:29.820Z - Received raw message of length 32
[NX v22.5.4 Daemon Server] - 2026-03-16T04:18:29.820Z - Received json message of type REQUEST_PROJECT_GRAPH
[NX v22.5.4 Daemon Server] - 2026-03-16T04:18:29.820Z - [REQUEST]: Client Request for Project Graph Received
[NX v22.5.4 Daemon Server] - 2026-03-16T04:18:29.820Z - Reusing in-memory cached project graph because no files changed.
[NX v22.5.4 Daemon Server] - 2026-03-16T04:18:29.820Z - Serializing response for REQUEST_PROJECT_GRAPH message in json mode
[NX v22.5.4 Daemon Server] - 2026-03-16T04:18:29.820Z - Responding to REQUEST_PROJECT_GRAPH message
[NX v22.5.4 Daemon Server] - 2026-03-16T04:18:29.820Z - [REQUEST]: Responding to the client. project-graph
[NX v22.5.4 Daemon Server] - 2026-03-16T04:18:29.820Z - Time taken for 'total for creating and serializing project graph' 0.13474999996833503ms
[NX v22.5.4 Daemon Server] - 2026-03-16T04:18:29.823Z - Done responding to the client project-graph
[NX v22.5.4 Daemon Server] - 2026-03-16T04:18:29.823Z - Handled json message REQUEST_PROJECT_GRAPH. Handling time: 0. Response time: 3.
[NX v22.5.4 Daemon Client] - 2026-03-16T04:18:29.824Z - [Messenger] Received message, length: 1120199
[NX v22.5.4 Daemon Client] - 2026-03-16T04:18:29.827Z - [Messenger] Sending message type: PRE_TASKS_EXECUTION
[NX v22.5.4 Daemon Client] - 2026-03-16T04:18:29.827Z - [Messenger] Message sent
[NX v22.5.4 Daemon Server] - 2026-03-16T04:18:29.827Z - Received raw message of length 672
[NX v22.5.4 Daemon Server] - 2026-03-16T04:18:29.827Z - Received json message of type PRE_TASKS_EXECUTION
[NX v22.5.4 Daemon Server] - 2026-03-16T04:18:29.827Z - Serializing response for PRE_TASKS_EXECUTION message in json mode
[NX v22.5.4 Daemon Server] - 2026-03-16T04:18:29.827Z - Responding to PRE_TASKS_EXECUTION message
[NX v22.5.4 Daemon Server] - 2026-03-16T04:18:29.827Z - [REQUEST]: Responding to the client. handleRunPreTasksExecution
[NX v22.5.4 Daemon Server] - 2026-03-16T04:18:29.827Z - Done responding to the client handleRunPreTasksExecution
[NX v22.5.4 Daemon Server] - 2026-03-16T04:18:29.827Z - Handled json message PRE_TASKS_EXECUTION. Handling time: 0. Response time: 0.
[NX v22.5.4 Daemon Server] - 2026-03-16T04:18:29.827Z - Time taken for 'preTasksExecution' 0.04870799998752773ms
[NX v22.5.4 Daemon Client] - 2026-03-16T04:18:29.827Z - [Messenger] Received message, length: 2
[NX v22.5.4 Daemon Client] - 2026-03-16T04:18:29.848Z - [Messenger] Sending message type: HASH_TASKS
[NX v22.5.4 Daemon Client] - 2026-03-16T04:18:29.848Z - [Messenger] Message sent
[NX v22.5.4 Daemon Server] - 2026-03-16T04:18:29.848Z - Received raw message of length 5333
[NX v22.5.4 Daemon Server] - 2026-03-16T04:18:29.848Z - Received json message of type HASH_TASKS
[NX v22.5.4 Daemon Server] - 2026-03-16T04:18:29.848Z - Reusing in-memory cached project graph because no files changed.
DEBUG nx::native::tasks::hash_planner: get_plans_internal COMPLETED in 1.096583ms - processed 1 tasks (setup: 1.088333ms, parallel_planning: 8.125µs)
DEBUG nx::native::tasks::hashers::hash_workspace_files: Hashing workspace fileset with inputs: Adding "2189949021886064727" (".gitignore") to hash
DEBUG nx::native::tasks::hashers::hash_workspace_files: Hashing workspace fileset with inputs: Adding "13467211139819667633" ("nx.json") to hash
DEBUG nx::native::tasks::hashers::hash_workspace_files: Hashing workspace fileset with inputs: Hash Value: "10970448857502704134"
DEBUG nx::native::tasks::task_hasher: hash_plans COMPLETED in 844.042µs - processed 1 plans (setup: 343.334µs, hashing: 500.583µs, assembly: 12.75µs)
[NX v22.5.4 Daemon Server] - 2026-03-16T04:18:29.850Z - Serializing response for HASH_TASKS message in json mode
[NX v22.5.4 Daemon Server] - 2026-03-16T04:18:29.850Z - Responding to HASH_TASKS message
[NX v22.5.4 Daemon Server] - 2026-03-16T04:18:29.850Z - [REQUEST]: Responding to the client. handleHashTasks
[NX v22.5.4 Daemon Server] - 2026-03-16T04:18:29.850Z - Done responding to the client handleHashTasks
[NX v22.5.4 Daemon Server] - 2026-03-16T04:18:29.850Z - Handled json message HASH_TASKS. Handling time: 2. Response time: 0.
[NX v22.5.4 Daemon Client] - 2026-03-16T04:18:29.850Z - [Messenger] Received message, length: 5173
[NX v22.5.4 Daemon Client] - 2026-03-16T04:18:29.876Z - [Messenger] Sending message type: GET_ESTIMATED_TASK_TIMINGS
[NX v22.5.4 Daemon Client] - 2026-03-16T04:18:29.876Z - [Messenger] Message sent
[NX v22.5.4 Daemon Server] - 2026-03-16T04:18:29.876Z - Received raw message of length 85
[NX v22.5.4 Daemon Server] - 2026-03-16T04:18:29.876Z - Received json message of type GET_ESTIMATED_TASK_TIMINGS
[NX v22.5.4 Daemon Server] - 2026-03-16T04:18:29.876Z - Serializing response for GET_ESTIMATED_TASK_TIMINGS message in json mode
[NX v22.5.4 Daemon Server] - 2026-03-16T04:18:29.877Z - Responding to GET_ESTIMATED_TASK_TIMINGS message
[NX v22.5.4 Daemon Server] - 2026-03-16T04:18:29.877Z - [REQUEST]: Responding to the client. handleGetEstimatedTaskTimings
[NX v22.5.4 Daemon Server] - 2026-03-16T04:18:29.877Z - Done responding to the client handleGetEstimatedTaskTimings
[NX v22.5.4 Daemon Server] - 2026-03-16T04:18:29.877Z - Handled json message GET_ESTIMATED_TASK_TIMINGS. Handling time: 0. Response time: 1.
[NX v22.5.4 Daemon Client] - 2026-03-16T04:18:29.877Z - [Messenger] Received message, length: 2
[NX v22.5.4 Daemon Server] - 2026-03-16T04:18:30.256Z - [WATCHER]: Processing file changes in outputs
[NX v22.5.4 Daemon Server] - 2026-03-16T04:20:35.671Z - Closed a connection. Number of open connections: 0
[NX v22.5.4 Daemon Server] - 2026-03-16T04:20:45.233Z - Established a connection. Number of open connections: 1
[NX v22.5.4 Daemon Server] - 2026-03-16T04:20:45.234Z - Closed a connection. Number of open connections: 0
[NX v22.5.4 Daemon Server] - 2026-03-16T04:20:45.235Z - Established a connection. Number of open connections: 1
[NX v22.5.4 Daemon Server] - 2026-03-16T04:20:45.235Z - Closed a connection. Number of open connections: 0
[NX v22.5.4 Daemon Server] - 2026-03-16T04:20:45.235Z - Established a connection. Number of open connections: 1
[NX v22.5.4 Daemon Client] - 2026-03-16T04:20:45.235Z - [Messenger] Setting up socket listeners
[NX v22.5.4 Daemon Client] - 2026-03-16T04:20:45.235Z - [Messenger] listen() complete
[NX v22.5.4 Daemon Client] - 2026-03-16T04:20:45.236Z - [Messenger] Sending message type: GET_NX_CONSOLE_STATUS
[NX v22.5.4 Daemon Client] - 2026-03-16T04:20:45.236Z - [Messenger] Message sent
[NX v22.5.4 Daemon Server] - 2026-03-16T04:20:45.241Z - Received raw message of length 32
[NX v22.5.4 Daemon Server] - 2026-03-16T04:20:45.241Z - Received json message of type GET_NX_CONSOLE_STATUS
[NX v22.5.4 Daemon Server] - 2026-03-16T04:20:45.241Z - Serializing response for GET_NX_CONSOLE_STATUS message in json mode
[NX v22.5.4 Daemon Server] - 2026-03-16T04:20:45.241Z - Responding to GET_NX_CONSOLE_STATUS message
[NX v22.5.4 Daemon Server] - 2026-03-16T04:20:45.241Z - [REQUEST]: Responding to the client. handleGetNxConsoleStatus
[NX v22.5.4 Daemon Server] - 2026-03-16T04:20:45.241Z - Done responding to the client handleGetNxConsoleStatus
[NX v22.5.4 Daemon Server] - 2026-03-16T04:20:45.241Z - Handled json message GET_NX_CONSOLE_STATUS. Handling time: 0. Response time: 0.
[NX v22.5.4 Daemon Client] - 2026-03-16T04:20:45.241Z - [Messenger] Received message, length: 22
[NX v22.5.4 Daemon Client] - 2026-03-16T04:20:45.259Z - [Messenger] Sending message type: REQUEST_PROJECT_GRAPH
[NX v22.5.4 Daemon Client] - 2026-03-16T04:20:45.260Z - [Messenger] Message sent
[NX v22.5.4 Daemon Server] - 2026-03-16T04:20:45.260Z - Received raw message of length 32
[NX v22.5.4 Daemon Server] - 2026-03-16T04:20:45.260Z - Received json message of type REQUEST_PROJECT_GRAPH
[NX v22.5.4 Daemon Server] - 2026-03-16T04:20:45.260Z - [REQUEST]: Client Request for Project Graph Received
[NX v22.5.4 Daemon Server] - 2026-03-16T04:20:45.260Z - Reusing in-memory cached project graph because no files changed.
[NX v22.5.4 Daemon Server] - 2026-03-16T04:20:45.260Z - Serializing response for REQUEST_PROJECT_GRAPH message in json mode
[NX v22.5.4 Daemon Server] - 2026-03-16T04:20:45.260Z - Responding to REQUEST_PROJECT_GRAPH message
[NX v22.5.4 Daemon Server] - 2026-03-16T04:20:45.260Z - [REQUEST]: Responding to the client. project-graph
[NX v22.5.4 Daemon Server] - 2026-03-16T04:20:45.260Z - Time taken for 'total for creating and serializing project graph' 0.1244169999845326ms
[NX v22.5.4 Daemon Server] - 2026-03-16T04:20:45.263Z - Done responding to the client project-graph
[NX v22.5.4 Daemon Server] - 2026-03-16T04:20:45.263Z - Handled json message REQUEST_PROJECT_GRAPH. Handling time: 0. Response time: 3.
[NX v22.5.4 Daemon Client] - 2026-03-16T04:20:45.264Z - [Messenger] Received message, length: 1120199
[NX v22.5.4 Daemon Server] - 2026-03-16T04:20:45.299Z - Closed a connection. Number of open connections: 0
[NX v22.5.4 Daemon Server] - 2026-03-16T04:20:55.672Z - Established a connection. Number of open connections: 1
[NX v22.5.4 Daemon Server] - 2026-03-16T04:20:55.673Z - Closed a connection. Number of open connections: 0
[NX v22.5.4 Daemon Server] - 2026-03-16T04:20:55.673Z - Established a connection. Number of open connections: 1
[NX v22.5.4 Daemon Server] - 2026-03-16T04:20:55.673Z - Closed a connection. Number of open connections: 0
[NX v22.5.4 Daemon Server] - 2026-03-16T04:20:55.673Z - Established a connection. Number of open connections: 1
[NX v22.5.4 Daemon Client] - 2026-03-16T04:20:55.673Z - [Messenger] Setting up socket listeners
[NX v22.5.4 Daemon Client] - 2026-03-16T04:20:55.674Z - [Messenger] listen() complete
[NX v22.5.4 Daemon Client] - 2026-03-16T04:20:55.674Z - [Messenger] Sending message type: GET_NX_CONSOLE_STATUS
[NX v22.5.4 Daemon Client] - 2026-03-16T04:20:55.674Z - [Messenger] Message sent
[NX v22.5.4 Daemon Server] - 2026-03-16T04:20:55.680Z - Received raw message of length 32
[NX v22.5.4 Daemon Server] - 2026-03-16T04:20:55.680Z - Received json message of type GET_NX_CONSOLE_STATUS
[NX v22.5.4 Daemon Server] - 2026-03-16T04:20:55.680Z - Serializing response for GET_NX_CONSOLE_STATUS message in json mode
[NX v22.5.4 Daemon Server] - 2026-03-16T04:20:55.680Z - Responding to GET_NX_CONSOLE_STATUS message
[NX v22.5.4 Daemon Server] - 2026-03-16T04:20:55.680Z - [REQUEST]: Responding to the client. handleGetNxConsoleStatus
[NX v22.5.4 Daemon Server] - 2026-03-16T04:20:55.680Z - Done responding to the client handleGetNxConsoleStatus
[NX v22.5.4 Daemon Server] - 2026-03-16T04:20:55.680Z - Handled json message GET_NX_CONSOLE_STATUS. Handling time: 0. Response time: 0.
[NX v22.5.4 Daemon Client] - 2026-03-16T04:20:55.680Z - [Messenger] Received message, length: 22
[NX v22.5.4 Daemon Client] - 2026-03-16T04:20:55.688Z - [Messenger] Sending message type: REQUEST_PROJECT_GRAPH
[NX v22.5.4 Daemon Client] - 2026-03-16T04:20:55.688Z - [Messenger] Message sent
[NX v22.5.4 Daemon Server] - 2026-03-16T04:20:55.688Z - Received raw message of length 32
[NX v22.5.4 Daemon Server] - 2026-03-16T04:20:55.688Z - Received json message of type REQUEST_PROJECT_GRAPH
[NX v22.5.4 Daemon Server] - 2026-03-16T04:20:55.688Z - [REQUEST]: Client Request for Project Graph Received
[NX v22.5.4 Daemon Server] - 2026-03-16T04:20:55.688Z - Reusing in-memory cached project graph because no files changed.
[NX v22.5.4 Daemon Server] - 2026-03-16T04:20:55.688Z - Serializing response for REQUEST_PROJECT_GRAPH message in json mode
[NX v22.5.4 Daemon Server] - 2026-03-16T04:20:55.688Z - Responding to REQUEST_PROJECT_GRAPH message
[NX v22.5.4 Daemon Server] - 2026-03-16T04:20:55.688Z - [REQUEST]: Responding to the client. project-graph
[NX v22.5.4 Daemon Server] - 2026-03-16T04:20:55.688Z - Time taken for 'total for creating and serializing project graph' 0.12391600001137704ms
[NX v22.5.4 Daemon Server] - 2026-03-16T04:20:55.691Z - Done responding to the client project-graph
[NX v22.5.4 Daemon Server] - 2026-03-16T04:20:55.691Z - Handled json message REQUEST_PROJECT_GRAPH. Handling time: 0. Response time: 3.
[NX v22.5.4 Daemon Client] - 2026-03-16T04:20:55.691Z - [Messenger] Received message, length: 1120199
[NX v22.5.4 Daemon Server] - 2026-03-16T04:20:55.716Z - Closed a connection. Number of open connections: 0
[NX v22.5.4 Daemon Server] - 2026-03-16T04:20:55.943Z - Established a connection. Number of open connections: 1
[NX v22.5.4 Daemon Server] - 2026-03-16T04:20:55.943Z - Closed a connection. Number of open connections: 0
[NX v22.5.4 Daemon Server] - 2026-03-16T04:20:55.943Z - Established a connection. Number of open connections: 1
[NX v22.5.4 Daemon Server] - 2026-03-16T04:20:55.943Z - Closed a connection. Number of open connections: 0
[NX v22.5.4 Daemon Server] - 2026-03-16T04:20:55.943Z - Established a connection. Number of open connections: 1
[NX v22.5.4 Daemon Client] - 2026-03-16T04:20:55.943Z - [Messenger] Setting up socket listeners
[NX v22.5.4 Daemon Client] - 2026-03-16T04:20:55.944Z - [Messenger] listen() complete
[NX v22.5.4 Daemon Client] - 2026-03-16T04:20:55.944Z - [Messenger] Sending message type: GET_NX_CONSOLE_STATUS
[NX v22.5.4 Daemon Client] - 2026-03-16T04:20:55.944Z - [Messenger] Message sent
[NX v22.5.4 Daemon Server] - 2026-03-16T04:20:55.949Z - Received raw message of length 32
[NX v22.5.4 Daemon Server] - 2026-03-16T04:20:55.950Z - Received json message of type GET_NX_CONSOLE_STATUS
[NX v22.5.4 Daemon Server] - 2026-03-16T04:20:55.950Z - Serializing response for GET_NX_CONSOLE_STATUS message in json mode
[NX v22.5.4 Daemon Server] - 2026-03-16T04:20:55.950Z - Responding to GET_NX_CONSOLE_STATUS message
[NX v22.5.4 Daemon Server] - 2026-03-16T04:20:55.950Z - [REQUEST]: Responding to the client. handleGetNxConsoleStatus
[NX v22.5.4 Daemon Server] - 2026-03-16T04:20:55.950Z - Done responding to the client handleGetNxConsoleStatus
[NX v22.5.4 Daemon Server] - 2026-03-16T04:20:55.950Z - Handled json message GET_NX_CONSOLE_STATUS. Handling time: 0. Response time: 0.
[NX v22.5.4 Daemon Client] - 2026-03-16T04:20:55.950Z - [Messenger] Received message, length: 22
[NX v22.5.4 Daemon Client] - 2026-03-16T04:20:55.964Z - [Messenger] Sending message type: REQUEST_PROJECT_GRAPH
[NX v22.5.4 Daemon Client] - 2026-03-16T04:20:55.964Z - [Messenger] Message sent
[NX v22.5.4 Daemon Server] - 2026-03-16T04:20:55.964Z - Received raw message of length 32
[NX v22.5.4 Daemon Server] - 2026-03-16T04:20:55.964Z - Received json message of type REQUEST_PROJECT_GRAPH
[NX v22.5.4 Daemon Server] - 2026-03-16T04:20:55.964Z - [REQUEST]: Client Request for Project Graph Received
[NX v22.5.4 Daemon Server] - 2026-03-16T04:20:55.964Z - Reusing in-memory cached project graph because no files changed.
[NX v22.5.4 Daemon Server] - 2026-03-16T04:20:55.964Z - Serializing response for REQUEST_PROJECT_GRAPH message in json mode
[NX v22.5.4 Daemon Server] - 2026-03-16T04:20:55.964Z - Responding to REQUEST_PROJECT_GRAPH message
[NX v22.5.4 Daemon Server] - 2026-03-16T04:20:55.964Z - [REQUEST]: Responding to the client. project-graph
[NX v22.5.4 Daemon Server] - 2026-03-16T04:20:55.964Z - Time taken for 'total for creating and serializing project graph' 0.11570800002664328ms
[NX v22.5.4 Daemon Server] - 2026-03-16T04:20:55.967Z - Done responding to the client project-graph
[NX v22.5.4 Daemon Server] - 2026-03-16T04:20:55.967Z - Handled json message REQUEST_PROJECT_GRAPH. Handling time: 0. Response time: 3.
[NX v22.5.4 Daemon Client] - 2026-03-16T04:20:55.967Z - [Messenger] Received message, length: 1120199
[NX v22.5.4 Daemon Client] - 2026-03-16T04:20:55.970Z - [Messenger] Sending message type: PRE_TASKS_EXECUTION
[NX v22.5.4 Daemon Client] - 2026-03-16T04:20:55.970Z - [Messenger] Message sent
[NX v22.5.4 Daemon Server] - 2026-03-16T04:20:55.970Z - Received raw message of length 678
[NX v22.5.4 Daemon Server] - 2026-03-16T04:20:55.970Z - Received json message of type PRE_TASKS_EXECUTION
[NX v22.5.4 Daemon Server] - 2026-03-16T04:20:55.970Z - Serializing response for PRE_TASKS_EXECUTION message in json mode
[NX v22.5.4 Daemon Server] - 2026-03-16T04:20:55.970Z - Responding to PRE_TASKS_EXECUTION message
[NX v22.5.4 Daemon Server] - 2026-03-16T04:20:55.970Z - [REQUEST]: Responding to the client. handleRunPreTasksExecution
[NX v22.5.4 Daemon Server] - 2026-03-16T04:20:55.970Z - Done responding to the client handleRunPreTasksExecution
[NX v22.5.4 Daemon Server] - 2026-03-16T04:20:55.970Z - Handled json message PRE_TASKS_EXECUTION. Handling time: 0. Response time: 0.
[NX v22.5.4 Daemon Server] - 2026-03-16T04:20:55.970Z - Time taken for 'preTasksExecution' 0.052875000052154064ms
[NX v22.5.4 Daemon Client] - 2026-03-16T04:20:55.970Z - [Messenger] Received message, length: 2
[NX v22.5.4 Daemon Client] - 2026-03-16T04:20:55.991Z - [Messenger] Sending message type: HASH_TASKS
[NX v22.5.4 Daemon Client] - 2026-03-16T04:20:55.991Z - [Messenger] Message sent
[NX v22.5.4 Daemon Server] - 2026-03-16T04:20:55.991Z - Received raw message of length 5979
[NX v22.5.4 Daemon Server] - 2026-03-16T04:20:55.991Z - Received json message of type HASH_TASKS
[NX v22.5.4 Daemon Server] - 2026-03-16T04:20:55.991Z - Reusing in-memory cached project graph because no files changed.
DEBUG nx::native::tasks::hash_planner: get_plans_internal COMPLETED in 1.135459ms - processed 2 tasks (setup: 1.084125ms, parallel_planning: 51.083µs)
DEBUG nx::native::tasks::hashers::hash_workspace_files: Hashing workspace fileset with inputs: Adding "2189949021886064727" (".gitignore") to hash
DEBUG nx::native::tasks::hashers::hash_workspace_files: Hashing workspace fileset with inputs: Adding "2189949021886064727" (".gitignore") to hash
DEBUG nx::native::tasks::hashers::hash_workspace_files: Hashing workspace fileset with inputs: Adding "13467211139819667633" ("nx.json") to hash
DEBUG nx::native::tasks::hashers::hash_workspace_files: Hashing workspace fileset with inputs: Hash Value: "10970448857502704134"
DEBUG nx::native::tasks::hashers::hash_workspace_files: Hashing workspace fileset with inputs: Adding "13467211139819667633" ("nx.json") to hash
DEBUG nx::native::tasks::hashers::hash_workspace_files: Hashing workspace fileset with inputs: Hash Value: "10970448857502704134"
DEBUG nx::native::tasks::task_hasher: hash_plans COMPLETED in 969.875µs - processed 2 plans (setup: 326.25µs, hashing: 643.542µs, assembly: 54.917µs)
[NX v22.5.4 Daemon Server] - 2026-03-16T04:20:55.993Z - Serializing response for HASH_TASKS message in json mode
[NX v22.5.4 Daemon Server] - 2026-03-16T04:20:55.993Z - Responding to HASH_TASKS message
[NX v22.5.4 Daemon Server] - 2026-03-16T04:20:55.993Z - [REQUEST]: Responding to the client. handleHashTasks
[NX v22.5.4 Daemon Server] - 2026-03-16T04:20:55.994Z - Done responding to the client handleHashTasks
[NX v22.5.4 Daemon Server] - 2026-03-16T04:20:55.994Z - Handled json message HASH_TASKS. Handling time: 2. Response time: 1.
[NX v22.5.4 Daemon Client] - 2026-03-16T04:20:55.994Z - [Messenger] Received message, length: 33033
[NX v22.5.4 Daemon Client] - 2026-03-16T04:20:56.017Z - [Messenger] Sending message type: GET_ESTIMATED_TASK_TIMINGS
[NX v22.5.4 Daemon Client] - 2026-03-16T04:20:56.017Z - [Messenger] Message sent
[NX v22.5.4 Daemon Server] - 2026-03-16T04:20:56.018Z - Received raw message of length 134
[NX v22.5.4 Daemon Server] - 2026-03-16T04:20:56.018Z - Received json message of type GET_ESTIMATED_TASK_TIMINGS
[NX v22.5.4 Daemon Server] - 2026-03-16T04:20:56.018Z - Serializing response for GET_ESTIMATED_TASK_TIMINGS message in json mode
[NX v22.5.4 Daemon Server] - 2026-03-16T04:20:56.018Z - Responding to GET_ESTIMATED_TASK_TIMINGS message
[NX v22.5.4 Daemon Server] - 2026-03-16T04:20:56.018Z - [REQUEST]: Responding to the client. handleGetEstimatedTaskTimings
[NX v22.5.4 Daemon Server] - 2026-03-16T04:20:56.018Z - Done responding to the client handleGetEstimatedTaskTimings
[NX v22.5.4 Daemon Server] - 2026-03-16T04:20:56.018Z - Handled json message GET_ESTIMATED_TASK_TIMINGS. Handling time: 0. Response time: 0.
[NX v22.5.4 Daemon Client] - 2026-03-16T04:20:56.018Z - [Messenger] Received message, length: 49
[NX v22.5.4 Daemon Server] - 2026-03-16T04:20:56.248Z - [WATCHER]: Processing file changes in outputs
[NX v22.5.4 Daemon Client] - 2026-03-16T04:20:56.562Z - [Messenger] Sending message type: RECORD_OUTPUTS_HASH
[NX v22.5.4 Daemon Client] - 2026-03-16T04:20:56.562Z - [Messenger] Message sent
[NX v22.5.4 Daemon Server] - 2026-03-16T04:20:56.562Z - Received raw message of length 105
[NX v22.5.4 Daemon Server] - 2026-03-16T04:20:56.562Z - Received json message of type RECORD_OUTPUTS_HASH
[NX v22.5.4 Daemon Server] - 2026-03-16T04:20:56.565Z - Serializing response for RECORD_OUTPUTS_HASH message in json mode
[NX v22.5.4 Daemon Server] - 2026-03-16T04:20:56.565Z - Responding to RECORD_OUTPUTS_HASH message
[NX v22.5.4 Daemon Server] - 2026-03-16T04:20:56.565Z - [REQUEST]: Responding to the client. recordOutputsHash
[NX v22.5.4 Daemon Server] - 2026-03-16T04:20:56.565Z - Done responding to the client recordOutputsHash
[NX v22.5.4 Daemon Server] - 2026-03-16T04:20:56.565Z - Handled json message RECORD_OUTPUTS_HASH. Handling time: 3. Response time: 0.
[NX v22.5.4 Daemon Client] - 2026-03-16T04:20:56.565Z - [Messenger] Received message, length: 2
[NX v22.5.4 Daemon Server] - 2026-03-16T04:20:56.606Z - [WATCHER]: Processing file changes in outputs
[NX v22.5.4 Daemon Server] - 2026-03-16T04:20:58.050Z - [WATCHER]: Processing file changes in outputs
[NX v22.5.4 Daemon Server] - 2026-03-16T04:20:58.102Z - [WATCHER]: Processing file changes in outputs
[NX v22.5.4 Daemon Client] - 2026-03-16T04:20:58.149Z - [Messenger] Sending message type: RECORD_OUTPUTS_HASH
[NX v22.5.4 Daemon Client] - 2026-03-16T04:20:58.149Z - [Messenger] Message sent
[NX v22.5.4 Daemon Server] - 2026-03-16T04:20:58.149Z - Received raw message of length 152
[NX v22.5.4 Daemon Server] - 2026-03-16T04:20:58.149Z - Received json message of type RECORD_OUTPUTS_HASH
[NX v22.5.4 Daemon Server] - 2026-03-16T04:20:58.150Z - Serializing response for RECORD_OUTPUTS_HASH message in json mode
[NX v22.5.4 Daemon Server] - 2026-03-16T04:20:58.150Z - Responding to RECORD_OUTPUTS_HASH message
[NX v22.5.4 Daemon Server] - 2026-03-16T04:20:58.150Z - [REQUEST]: Responding to the client. recordOutputsHash
[NX v22.5.4 Daemon Server] - 2026-03-16T04:20:58.150Z - Done responding to the client recordOutputsHash
[NX v22.5.4 Daemon Server] - 2026-03-16T04:20:58.150Z - Handled json message RECORD_OUTPUTS_HASH. Handling time: 1. Response time: 0.
[NX v22.5.4 Daemon Client] - 2026-03-16T04:20:58.150Z - [Messenger] Received message, length: 2
[NX v22.5.4 Daemon Client] - 2026-03-16T04:20:58.150Z - [Messenger] Sending message type: RECORD_TASK_RUNS
[NX v22.5.4 Daemon Client] - 2026-03-16T04:20:58.150Z - [Messenger] Message sent
[NX v22.5.4 Daemon Server] - 2026-03-16T04:20:58.150Z - Received raw message of length 382
[NX v22.5.4 Daemon Server] - 2026-03-16T04:20:58.150Z - Received json message of type RECORD_TASK_RUNS
[NX v22.5.4 Daemon Server] - 2026-03-16T04:20:58.150Z - Serializing response for RECORD_TASK_RUNS message in json mode
[NX v22.5.4 Daemon Server] - 2026-03-16T04:20:58.150Z - Responding to RECORD_TASK_RUNS message
[NX v22.5.4 Daemon Server] - 2026-03-16T04:20:58.150Z - [REQUEST]: Responding to the client. handleRecordTaskRuns
[NX v22.5.4 Daemon Server] - 2026-03-16T04:20:58.150Z - Done responding to the client handleRecordTaskRuns
[NX v22.5.4 Daemon Server] - 2026-03-16T04:20:58.150Z - Handled json message RECORD_TASK_RUNS. Handling time: 0. Response time: 0.
[NX v22.5.4 Daemon Client] - 2026-03-16T04:20:58.150Z - [Messenger] Received message, length: 4
[NX v22.5.4 Daemon Client] - 2026-03-16T04:20:58.151Z - [Messenger] Sending message type: POST_TASKS_EXECUTION
[NX v22.5.4 Daemon Client] - 2026-03-16T04:20:58.151Z - [Messenger] Message sent
[NX v22.5.4 Daemon Server] - 2026-03-16T04:20:58.151Z - Received raw message of length 10028
[NX v22.5.4 Daemon Server] - 2026-03-16T04:20:58.151Z - Received json message of type POST_TASKS_EXECUTION
[NX v22.5.4 Daemon Server] - 2026-03-16T04:20:58.151Z - Serializing response for POST_TASKS_EXECUTION message in json mode
[NX v22.5.4 Daemon Server] - 2026-03-16T04:20:58.151Z - Responding to POST_TASKS_EXECUTION message
[NX v22.5.4 Daemon Server] - 2026-03-16T04:20:58.151Z - [REQUEST]: Responding to the client. handleRunPostTasksExecution
[NX v22.5.4 Daemon Server] - 2026-03-16T04:20:58.151Z - Done responding to the client handleRunPostTasksExecution
[NX v22.5.4 Daemon Server] - 2026-03-16T04:20:58.151Z - Handled json message POST_TASKS_EXECUTION. Handling time: 0. Response time: 0.
[NX v22.5.4 Daemon Client] - 2026-03-16T04:20:58.151Z - [Messenger] Received message, length: 4
[NX v22.5.4 Daemon Server] - 2026-03-16T04:20:58.151Z - Time taken for 'postTasksExecution' 0.05987500003539026ms
[NX v22.5.4 Daemon Server] - 2026-03-16T04:20:58.154Z - [WATCHER]: Processing file changes in outputs
[NX v22.5.4 Daemon Server] - 2026-03-16T04:20:58.155Z - Closed a connection. Number of open connections: 0
[NX v22.5.4 Daemon Server] - 2026-03-16T04:20:58.385Z - Established a connection. Number of open connections: 1
[NX v22.5.4 Daemon Server] - 2026-03-16T04:20:58.385Z - Closed a connection. Number of open connections: 0
[NX v22.5.4 Daemon Server] - 2026-03-16T04:20:58.386Z - Established a connection. Number of open connections: 1
[NX v22.5.4 Daemon Server] - 2026-03-16T04:20:58.386Z - Closed a connection. Number of open connections: 0
[NX v22.5.4 Daemon Server] - 2026-03-16T04:20:58.386Z - Established a connection. Number of open connections: 1
[NX v22.5.4 Daemon Client] - 2026-03-16T04:20:58.386Z - [Messenger] Setting up socket listeners
[NX v22.5.4 Daemon Client] - 2026-03-16T04:20:58.387Z - [Messenger] listen() complete
[NX v22.5.4 Daemon Client] - 2026-03-16T04:20:58.387Z - [Messenger] Sending message type: GET_NX_CONSOLE_STATUS
[NX v22.5.4 Daemon Client] - 2026-03-16T04:20:58.387Z - [Messenger] Message sent
[NX v22.5.4 Daemon Server] - 2026-03-16T04:20:58.393Z - Received raw message of length 32
[NX v22.5.4 Daemon Server] - 2026-03-16T04:20:58.393Z - Received json message of type GET_NX_CONSOLE_STATUS
[NX v22.5.4 Daemon Server] - 2026-03-16T04:20:58.393Z - Serializing response for GET_NX_CONSOLE_STATUS message in json mode
[NX v22.5.4 Daemon Server] - 2026-03-16T04:20:58.393Z - Responding to GET_NX_CONSOLE_STATUS message
[NX v22.5.4 Daemon Server] - 2026-03-16T04:20:58.393Z - [REQUEST]: Responding to the client. handleGetNxConsoleStatus
[NX v22.5.4 Daemon Server] - 2026-03-16T04:20:58.393Z - Done responding to the client handleGetNxConsoleStatus
[NX v22.5.4 Daemon Server] - 2026-03-16T04:20:58.393Z - Handled json message GET_NX_CONSOLE_STATUS. Handling time: 0. Response time: 0.
[NX v22.5.4 Daemon Client] - 2026-03-16T04:20:58.393Z - [Messenger] Received message, length: 22
[NX v22.5.4 Daemon Client] - 2026-03-16T04:20:58.407Z - [Messenger] Sending message type: REQUEST_PROJECT_GRAPH
[NX v22.5.4 Daemon Client] - 2026-03-16T04:20:58.407Z - [Messenger] Message sent
[NX v22.5.4 Daemon Server] - 2026-03-16T04:20:58.407Z - Received raw message of length 32
[NX v22.5.4 Daemon Server] - 2026-03-16T04:20:58.407Z - Received json message of type REQUEST_PROJECT_GRAPH
[NX v22.5.4 Daemon Server] - 2026-03-16T04:20:58.407Z - [REQUEST]: Client Request for Project Graph Received
[NX v22.5.4 Daemon Server] - 2026-03-16T04:20:58.408Z - Reusing in-memory cached project graph because no files changed.
[NX v22.5.4 Daemon Server] - 2026-03-16T04:20:58.408Z - Serializing response for REQUEST_PROJECT_GRAPH message in json mode
[NX v22.5.4 Daemon Server] - 2026-03-16T04:20:58.408Z - Responding to REQUEST_PROJECT_GRAPH message
[NX v22.5.4 Daemon Server] - 2026-03-16T04:20:58.408Z - [REQUEST]: Responding to the client. project-graph
[NX v22.5.4 Daemon Server] - 2026-03-16T04:20:58.408Z - Time taken for 'total for creating and serializing project graph' 0.12158299994189292ms
[NX v22.5.4 Daemon Server] - 2026-03-16T04:20:58.411Z - Done responding to the client project-graph
[NX v22.5.4 Daemon Server] - 2026-03-16T04:20:58.411Z - Handled json message REQUEST_PROJECT_GRAPH. Handling time: 1. Response time: 3.
[NX v22.5.4 Daemon Client] - 2026-03-16T04:20:58.411Z - [Messenger] Received message, length: 1120199
[NX v22.5.4 Daemon Client] - 2026-03-16T04:20:58.414Z - [Messenger] Sending message type: PRE_TASKS_EXECUTION
[NX v22.5.4 Daemon Server] - 2026-03-16T04:20:58.414Z - Received raw message of length 675
[NX v22.5.4 Daemon Client] - 2026-03-16T04:20:58.414Z - [Messenger] Message sent
[NX v22.5.4 Daemon Server] - 2026-03-16T04:20:58.414Z - Received json message of type PRE_TASKS_EXECUTION
[NX v22.5.4 Daemon Server] - 2026-03-16T04:20:58.414Z - Serializing response for PRE_TASKS_EXECUTION message in json mode
[NX v22.5.4 Daemon Server] - 2026-03-16T04:20:58.414Z - Responding to PRE_TASKS_EXECUTION message
[NX v22.5.4 Daemon Server] - 2026-03-16T04:20:58.414Z - [REQUEST]: Responding to the client. handleRunPreTasksExecution
[NX v22.5.4 Daemon Server] - 2026-03-16T04:20:58.414Z - Done responding to the client handleRunPreTasksExecution
[NX v22.5.4 Daemon Server] - 2026-03-16T04:20:58.414Z - Handled json message PRE_TASKS_EXECUTION. Handling time: 0. Response time: 0.
[NX v22.5.4 Daemon Server] - 2026-03-16T04:20:58.414Z - Time taken for 'preTasksExecution' 0.07441699993796647ms
[NX v22.5.4 Daemon Client] - 2026-03-16T04:20:58.414Z - [Messenger] Received message, length: 2
[NX v22.5.4 Daemon Client] - 2026-03-16T04:20:58.433Z - [Messenger] Sending message type: HASH_TASKS
[NX v22.5.4 Daemon Client] - 2026-03-16T04:20:58.433Z - [Messenger] Message sent
[NX v22.5.4 Daemon Server] - 2026-03-16T04:20:58.433Z - Received raw message of length 5387
[NX v22.5.4 Daemon Server] - 2026-03-16T04:20:58.434Z - Received json message of type HASH_TASKS
[NX v22.5.4 Daemon Server] - 2026-03-16T04:20:58.434Z - Reusing in-memory cached project graph because no files changed.
DEBUG nx::native::tasks::hash_planner: get_plans_internal COMPLETED in 1.085125ms - processed 1 tasks (setup: 1.058167ms, parallel_planning: 26.917µs)
DEBUG nx::native::tasks::hashers::hash_workspace_files: Hashing workspace fileset with inputs: Adding "2189949021886064727" (".gitignore") to hash
DEBUG nx::native::tasks::hashers::hash_workspace_files: Hashing workspace fileset with inputs: Adding "13467211139819667633" ("nx.json") to hash
DEBUG nx::native::tasks::hashers::hash_workspace_files: Hashing workspace fileset with inputs: Hash Value: "10970448857502704134"
DEBUG nx::native::tasks::task_hasher: hash_plans COMPLETED in 888.416µs - processed 1 plans (setup: 330.583µs, hashing: 557.791µs, assembly: 45.584µs)
[NX v22.5.4 Daemon Server] - 2026-03-16T04:20:58.436Z - Serializing response for HASH_TASKS message in json mode
[NX v22.5.4 Daemon Server] - 2026-03-16T04:20:58.436Z - Responding to HASH_TASKS message
[NX v22.5.4 Daemon Server] - 2026-03-16T04:20:58.436Z - [REQUEST]: Responding to the client. handleHashTasks
[NX v22.5.4 Daemon Server] - 2026-03-16T04:20:58.436Z - Done responding to the client handleHashTasks
[NX v22.5.4 Daemon Server] - 2026-03-16T04:20:58.436Z - Handled json message HASH_TASKS. Handling time: 2. Response time: 0.
[NX v22.5.4 Daemon Client] - 2026-03-16T04:20:58.436Z - [Messenger] Received message, length: 21772
[NX v22.5.4 Daemon Client] - 2026-03-16T04:20:58.460Z - [Messenger] Sending message type: GET_ESTIMATED_TASK_TIMINGS
[NX v22.5.4 Daemon Client] - 2026-03-16T04:20:58.461Z - [Messenger] Message sent
[NX v22.5.4 Daemon Server] - 2026-03-16T04:20:58.461Z - Received raw message of length 88
[NX v22.5.4 Daemon Server] - 2026-03-16T04:20:58.461Z - Received json message of type GET_ESTIMATED_TASK_TIMINGS
[NX v22.5.4 Daemon Server] - 2026-03-16T04:20:58.461Z - Serializing response for GET_ESTIMATED_TASK_TIMINGS message in json mode
[NX v22.5.4 Daemon Server] - 2026-03-16T04:20:58.461Z - Responding to GET_ESTIMATED_TASK_TIMINGS message
[NX v22.5.4 Daemon Server] - 2026-03-16T04:20:58.461Z - [REQUEST]: Responding to the client. handleGetEstimatedTaskTimings
[NX v22.5.4 Daemon Server] - 2026-03-16T04:20:58.461Z - Done responding to the client handleGetEstimatedTaskTimings
[NX v22.5.4 Daemon Server] - 2026-03-16T04:20:58.461Z - Handled json message GET_ESTIMATED_TASK_TIMINGS. Handling time: 0. Response time: 0.
[NX v22.5.4 Daemon Client] - 2026-03-16T04:20:58.461Z - [Messenger] Received message, length: 22
[NX v22.5.4 Daemon Server] - 2026-03-16T04:20:59.538Z - [WATCHER]: Processing file changes in outputs
[NX v22.5.4 Daemon Server] - 2026-03-16T04:21:00.477Z - [WATCHER]: Processing file changes in outputs
[NX v22.5.4 Daemon Server] - 2026-03-16T04:21:00.748Z - [WATCHER]: Processing file changes in outputs
[NX v22.5.4 Daemon Client] - 2026-03-16T04:21:00.809Z - [Messenger] Sending message type: RECORD_OUTPUTS_HASH
[NX v22.5.4 Daemon Client] - 2026-03-16T04:21:00.809Z - [Messenger] Message sent
[NX v22.5.4 Daemon Server] - 2026-03-16T04:21:00.809Z - Received raw message of length 143
[NX v22.5.4 Daemon Server] - 2026-03-16T04:21:00.809Z - Received json message of type RECORD_OUTPUTS_HASH
[NX v22.5.4 Daemon Server] - 2026-03-16T04:21:00.816Z - Serializing response for RECORD_OUTPUTS_HASH message in json mode
[NX v22.5.4 Daemon Server] - 2026-03-16T04:21:00.816Z - Responding to RECORD_OUTPUTS_HASH message
[NX v22.5.4 Daemon Server] - 2026-03-16T04:21:00.816Z - [REQUEST]: Responding to the client. recordOutputsHash
[NX v22.5.4 Daemon Server] - 2026-03-16T04:21:00.816Z - Done responding to the client recordOutputsHash
[NX v22.5.4 Daemon Server] - 2026-03-16T04:21:00.816Z - Handled json message RECORD_OUTPUTS_HASH. Handling time: 6. Response time: 0.
[NX v22.5.4 Daemon Client] - 2026-03-16T04:21:00.816Z - [Messenger] Received message, length: 2
[NX v22.5.4 Daemon Client] - 2026-03-16T04:21:00.817Z - [Messenger] Sending message type: RECORD_TASK_RUNS
[NX v22.5.4 Daemon Client] - 2026-03-16T04:21:00.818Z - [Messenger] Message sent
[NX v22.5.4 Daemon Server] - 2026-03-16T04:21:00.818Z - Received raw message of length 207
[NX v22.5.4 Daemon Server] - 2026-03-16T04:21:00.818Z - Received json message of type RECORD_TASK_RUNS
[NX v22.5.4 Daemon Server] - 2026-03-16T04:21:00.818Z - Serializing response for RECORD_TASK_RUNS message in json mode
[NX v22.5.4 Daemon Server] - 2026-03-16T04:21:00.818Z - Responding to RECORD_TASK_RUNS message
[NX v22.5.4 Daemon Server] - 2026-03-16T04:21:00.818Z - [REQUEST]: Responding to the client. handleRecordTaskRuns
[NX v22.5.4 Daemon Server] - 2026-03-16T04:21:00.818Z - Done responding to the client handleRecordTaskRuns
[NX v22.5.4 Daemon Server] - 2026-03-16T04:21:00.818Z - Handled json message RECORD_TASK_RUNS. Handling time: 0. Response time: 0.
[NX v22.5.4 Daemon Client] - 2026-03-16T04:21:00.818Z - [Messenger] Received message, length: 4
[NX v22.5.4 Daemon Client] - 2026-03-16T04:21:00.819Z - [Messenger] Sending message type: POST_TASKS_EXECUTION
[NX v22.5.4 Daemon Client] - 2026-03-16T04:21:00.819Z - [Messenger] Message sent
[NX v22.5.4 Daemon Server] - 2026-03-16T04:21:00.819Z - Received raw message of length 14102
[NX v22.5.4 Daemon Server] - 2026-03-16T04:21:00.819Z - Received json message of type POST_TASKS_EXECUTION
[NX v22.5.4 Daemon Server] - 2026-03-16T04:21:00.819Z - Serializing response for POST_TASKS_EXECUTION message in json mode
[NX v22.5.4 Daemon Server] - 2026-03-16T04:21:00.819Z - Responding to POST_TASKS_EXECUTION message
[NX v22.5.4 Daemon Server] - 2026-03-16T04:21:00.819Z - [REQUEST]: Responding to the client. handleRunPostTasksExecution
[NX v22.5.4 Daemon Server] - 2026-03-16T04:21:00.819Z - Done responding to the client handleRunPostTasksExecution
[NX v22.5.4 Daemon Server] - 2026-03-16T04:21:00.819Z - Handled json message POST_TASKS_EXECUTION. Handling time: 0. Response time: 0.
[NX v22.5.4 Daemon Client] - 2026-03-16T04:21:00.819Z - [Messenger] Received message, length: 4
[NX v22.5.4 Daemon Server] - 2026-03-16T04:21:00.819Z - Time taken for 'postTasksExecution' 0.07762500003445894ms
[NX v22.5.4 Daemon Server] - 2026-03-16T04:21:00.823Z - Closed a connection. Number of open connections: 0
[NX v22.5.4 Daemon Server] - 2026-03-16T04:21:03.866Z - [WATCHER]: Processing file changes in outputs
[NX v22.5.4 Daemon Server] - 2026-03-16T04:21:08.258Z - [WATCHER]: Processing file changes in outputs
[NX v22.5.4 Daemon Server] - 2026-03-16T07:21:00.782Z - [WATCHER]: Stopping the watcher for /Users/mgoho/Github/doula-cooperative (sources)
[NX v22.5.4 Daemon Server] - 2026-03-16T07:21:00.783Z - [WATCHER]: Stopping the watcher for /Users/mgoho/Github/doula-cooperative (outputs)
[NX v22.5.4 Daemon Server] - 2026-03-16T07:21:00.786Z - [NX-CONSOLE]: Cleaning up latest Nx installation from /private/var/folders/0q/9skt2c_j7hq6m6s7w998dbmh0000gn/T/tmp-9396-zf3II9tTYEHK
[NX v22.5.4 Daemon Server] - 2026-03-16T07:21:00.787Z - Server stopped because: "10800000ms of inactivity"
[NX v22.5.4 Daemon Client] - 2026-03-16T13:53:22.791Z - [Client] Starting new daemon server in background
[NX v22.5.4 Daemon Client] - 2026-03-16T13:53:22.793Z - [Client] Waiting for server (max: 6000 attempts, 10ms interval)
[NX v22.5.4 Daemon Server] - 2026-03-16T13:53:22.875Z - New daemon starting from: /Users/mgoho/Github/doula-cooperative/node_modules/nx/src/daemon/server/server.js
[NX v22.5.4 Daemon Server] - 2026-03-16T13:53:22.876Z - New daemon __dirname: /Users/mgoho/Github/doula-cooperative/node_modules/nx/src/daemon/server
[NX v22.5.4 Daemon Server] - 2026-03-16T13:53:22.876Z - New daemon nxVersion: 22.5.4
[NX v22.5.4 Daemon Server] - 2026-03-16T13:53:22.876Z - New daemon getInstalledNxVersion(): 22.5.4
[NX v22.5.4 Daemon Server] - 2026-03-16T13:53:22.876Z - [Server] Starting outdated check interval (20ms)
[NX v22.5.4 Daemon Server] - 2026-03-16T13:53:22.877Z - Started listening on: /private/var/folders/0q/9skt2c_j7hq6m6s7w998dbmh0000gn/T/3af6c48d187d3a30fe56/d.sock
[NX v22.5.4 Daemon Server] - 2026-03-16T13:53:22.879Z - [WATCHER]: Subscribed to changes within: /Users/mgoho/Github/doula-cooperative (native)
[NX v22.5.4 Daemon Server] - 2026-03-16T13:53:22.879Z - [NX-CONSOLE]: Pulling latest Nx (latest) to check console status...
Fetching nx...
[NX v22.5.4 Daemon Client] - 2026-03-16T13:53:22.882Z - [Client] Server available after 8 attempts
[NX v22.5.4 Daemon Client] - 2026-03-16T13:53:22.882Z - [Client] Daemon server started, pid=53640
[NX v22.5.4 Daemon Client] - 2026-03-16T13:53:22.883Z - [Messenger] Setting up socket listeners
[NX v22.5.4 Daemon Client] - 2026-03-16T13:53:22.883Z - [Messenger] listen() complete
[NX v22.5.4 Daemon Client] - 2026-03-16T13:53:22.885Z - [Messenger] Sending message type: REQUEST_PROJECT_GRAPH
[NX v22.5.4 Daemon Client] - 2026-03-16T13:53:22.885Z - [Messenger] Message sent
[NX v22.5.4 Daemon Server] - 2026-03-16T13:53:22.903Z - Established a connection. Number of open connections: 1
[NX v22.5.4 Daemon Server] - 2026-03-16T13:53:22.903Z - Established a connection. Number of open connections: 2
[NX v22.5.4 Daemon Server] - 2026-03-16T13:53:22.904Z - Closed a connection. Number of open connections: 1
[NX v22.5.4 Daemon Server] - 2026-03-16T13:53:22.904Z - Received raw message of length 32
[NX v22.5.4 Daemon Server] - 2026-03-16T13:53:22.904Z - Received json message of type REQUEST_PROJECT_GRAPH
[NX v22.5.4 Daemon Server] - 2026-03-16T13:53:22.904Z - [REQUEST]: Client Request for Project Graph Received
Time for 'plugin worker 53644 code loading' 3.545083
Time for 'plugin worker 53643 code loading' 3.547374999999999
Time for 'plugin worker 53645 code loading' 3.361625
Time for 'plugin worker 53646 code loading' 3.578042
Time for 'plugin worker 53648 code loading' 3.302417
Time for 'plugin worker 53647 code loading' 4.005833000000001
[NX v22.5.4 Daemon Server] - 2026-03-16T13:53:22.940Z - Time taken for 'start-plugin-worker:/Users/mgoho/Github/doula-cooperative/node_modules/nx/src/plugins/js' 33.177834000000004ms
[NX v22.5.4 Daemon Server] - 2026-03-16T13:53:22.941Z - Time taken for 'start-plugin-worker:@nx/playwright/plugin' 31.680375000000012ms
[NX v22.5.4 Daemon Server] - 2026-03-16T13:53:23.018Z - Time taken for 'Load Nx Plugin: /Users/mgoho/Github/doula-cooperative/node_modules/nx/src/plugins/project-json/build-nodes/project-json' 113.283125ms
[NX v22.5.4 Daemon Server] - 2026-03-16T13:53:23.019Z - Time taken for 'Load Nx Plugin: /Users/mgoho/Github/doula-cooperative/node_modules/nx/src/plugins/package-json' 114.636ms
[NX v22.5.4 Daemon Server] - 2026-03-16T13:53:23.024Z - Time taken for 'loadDefaultNxPlugins' 119.87320799999999ms
[NX v22.5.4 Daemon Server] - 2026-03-16T13:53:23.053Z - Time taken for 'Load Nx Plugin: @nx/docker' 146.62175000000002ms
[NX v22.5.4 Daemon Server] - 2026-03-16T13:53:23.082Z - Time taken for 'Load Nx Plugin: @nx/eslint/plugin' 177.07091599999995ms
[NX v22.5.4 Daemon Server] - 2026-03-16T13:53:23.086Z - [REQUEST]: Updated workspace context based on watched changes, recomputing project graph...
[NX v22.5.4 Daemon Server] - 2026-03-16T13:53:23.086Z - [REQUEST]: 
[NX v22.5.4 Daemon Server] - 2026-03-16T13:53:23.086Z - [REQUEST]: 
[NX v22.5.4 Daemon Server] - 2026-03-16T13:53:23.088Z - No files changed, but no in-memory cached project graph found. Recomputing it...
[NX v22.5.4 Daemon Server] - 2026-03-16T13:53:23.092Z - Time taken for 'loadSpecifiedNxPlugins' 180.495792ms
[NX v22.5.4 Daemon Server] - 2026-03-16T13:53:23.093Z - Established a connection. Number of open connections: 2
[NX v22.5.4 Daemon Server] - 2026-03-16T13:53:23.093Z - Established a connection. Number of open connections: 3
[NX v22.5.4 Daemon Server] - 2026-03-16T13:53:23.093Z - Closed a connection. Number of open connections: 2
[NX v22.5.4 Daemon Server] - 2026-03-16T13:53:23.093Z - Closed a connection. Number of open connections: 1
[NX v22.5.4 Daemon Server] - 2026-03-16T13:53:23.093Z - Established a connection. Number of open connections: 2
[NX v22.5.4 Daemon Server] - 2026-03-16T13:53:23.093Z - Established a connection. Number of open connections: 3
[NX v22.5.4 Daemon Client] - 2026-03-16T13:53:23.093Z - [Messenger] Setting up socket listeners
[NX v22.5.4 Daemon Client] - 2026-03-16T13:53:23.093Z - [Messenger] Setting up socket listeners
[NX v22.5.4 Daemon Client] - 2026-03-16T13:53:23.094Z - [Messenger] listen() complete
[NX v22.5.4 Daemon Client] - 2026-03-16T13:53:23.094Z - [Messenger] listen() complete
[NX v22.5.4 Daemon Client] - 2026-03-16T13:53:23.094Z - [Messenger] Sending message type: HASH_MULTI_GLOB
Time for 'nx/core/package-json:createNodes' 2.5247500000000116
[NX v22.5.4 Daemon Client] - 2026-03-16T13:53:23.094Z - [Messenger] Sending message type: GLOB
[NX v22.5.4 Daemon Client] - 2026-03-16T13:53:23.094Z - [Messenger] Message sent
[NX v22.5.4 Daemon Client] - 2026-03-16T13:53:23.095Z - [Messenger] Message sent
Time for 'nx/js/dependencies-and-lockfile:createNodes' 5.066209000000015
Time for 'daemon-message-serialization-GLOB' 0.08687499999999204
Time for 'daemon-message-serialization-HASH_MULTI_GLOB' 0.10458299999999099
[NX v22.5.4 Daemon Server] - 2026-03-16T13:53:23.105Z - Received raw message of length 73
[NX v22.5.4 Daemon Server] - 2026-03-16T13:53:23.105Z - Received json message of type GLOB
[NX v22.5.4 Daemon Server] - 2026-03-16T13:53:23.106Z - Serializing response for GLOB message in json mode
[NX v22.5.4 Daemon Server] - 2026-03-16T13:53:23.106Z - Responding to GLOB message
[NX v22.5.4 Daemon Server] - 2026-03-16T13:53:23.106Z - [REQUEST]: Responding to the client. handleGlob
[NX v22.5.4 Daemon Server] - 2026-03-16T13:53:23.106Z - Received raw message of length 50
[NX v22.5.4 Daemon Server] - 2026-03-16T13:53:23.106Z - Received json message of type HASH_MULTI_GLOB
[NX v22.5.4 Daemon Server] - 2026-03-16T13:53:23.107Z - Serializing response for HASH_GLOB message in json mode
[NX v22.5.4 Daemon Server] - 2026-03-16T13:53:23.107Z - Responding to HASH_GLOB message
[NX v22.5.4 Daemon Server] - 2026-03-16T13:53:23.107Z - [REQUEST]: Responding to the client. handleHashMultiGlob
[NX v22.5.4 Daemon Server] - 2026-03-16T13:53:23.107Z - Done responding to the client handleHashMultiGlob
[NX v22.5.4 Daemon Server] - 2026-03-16T13:53:23.107Z - Handled json message HASH_GLOB. Handling time: 1. Response time: 0.
[NX v22.5.4 Daemon Client] - 2026-03-16T13:53:23.107Z - [Messenger] Received message, length: 23
[NX v22.5.4 Daemon Server] - 2026-03-16T13:53:23.107Z - Done responding to the client handleGlob
[NX v22.5.4 Daemon Server] - 2026-03-16T13:53:23.107Z - Handled json message GLOB. Handling time: 1. Response time: 1.
[NX v22.5.4 Daemon Client] - 2026-03-16T13:53:23.107Z - [Messenger] Received message, length: 30900
[NX v22.5.4 Daemon Client] - 2026-03-16T13:53:23.108Z - [Messenger] Sending message type: HASH_MULTI_GLOB
[NX v22.5.4 Daemon Client] - 2026-03-16T13:53:23.108Z - [Messenger] Message sent
[NX v22.5.4 Daemon Server] - 2026-03-16T13:53:23.108Z - Received raw message of length 349
[NX v22.5.4 Daemon Server] - 2026-03-16T13:53:23.109Z - Received json message of type HASH_MULTI_GLOB
[NX v22.5.4 Daemon Server] - 2026-03-16T13:53:23.110Z - Serializing response for HASH_GLOB message in json mode
[NX v22.5.4 Daemon Server] - 2026-03-16T13:53:23.110Z - Responding to HASH_GLOB message
[NX v22.5.4 Daemon Server] - 2026-03-16T13:53:23.110Z - [REQUEST]: Responding to the client. handleHashMultiGlob
[NX v22.5.4 Daemon Server] - 2026-03-16T13:53:23.110Z - Done responding to the client handleHashMultiGlob
[NX v22.5.4 Daemon Server] - 2026-03-16T13:53:23.110Z - Handled json message HASH_GLOB. Handling time: 1. Response time: 0.
Time for 'GLOB round trip' 13.101790999999992
Time for 'deserialize daemon response - GLOB' 0.11179099999998243
Time for 'daemon-message-serialization-HASH_MULTI_GLOB' 0.014707999999984622
[NX v22.5.4 Daemon Client] - 2026-03-16T13:53:23.111Z - [Messenger] Received message, length: 112
[NX v22.5.4 Daemon Server] - 2026-03-16T13:53:23.135Z - Closed a connection. Number of open connections: 2
Time for 'HASH_MULTI_GLOB round trip' 2.406000000000006
Time for 'deserialize daemon response - HASH_MULTI_GLOB' 0.01870800000000372
[baseline-browser-mapping] The data in this module is over two months old.  To ensure accurate Baseline data, please update: `npm i baseline-browser-mapping@latest -D`
[NX v22.5.4 Daemon Server] - 2026-03-16T13:53:23.523Z - [NX-CONSOLE]: Successfully pulled latest Nx to /private/var/folders/0q/9skt2c_j7hq6m6s7w998dbmh0000gn/T/tmp-53640-shmQEyVHP2Ob
[NX v22.5.4 Daemon Server] - 2026-03-16T13:53:23.606Z - [NX-CONSOLE]: Using local implementation (NX_USE_LOCAL=true or inner call)
DEBUG nx::native::ide::install: Detected editor: Unknown
[NX v22.5.4 Daemon Server] - 2026-03-16T13:53:23.606Z - [NX-CONSOLE]: Console status check completed, shouldPrompt: false
[NX v22.5.4 Daemon Server] - 2026-03-16T13:53:23.707Z - Time taken for 'build-project-configs' 605.497125ms
[NX v22.5.4 Daemon Server] - 2026-03-16T13:53:23.713Z - Closed a connection. Number of open connections: 1
Time for 'build typescript dependencies' 7.26704200000006
[NX v22.5.4 Daemon Server] - 2026-03-16T13:53:23.729Z - [SYNC]: collect registered sync generators
[NX v22.5.4 Daemon Server] - 2026-03-16T13:53:23.733Z - Wrote project graph cache to /Users/mgoho/Github/doula-cooperative/.nx/workspace-data/project-graph.json
[NX v22.5.4 Daemon Server] - 2026-03-16T13:53:23.733Z - Serializing response for REQUEST_PROJECT_GRAPH message in json mode
[NX v22.5.4 Daemon Server] - 2026-03-16T13:53:23.733Z - Responding to REQUEST_PROJECT_GRAPH message
[NX v22.5.4 Daemon Server] - 2026-03-16T13:53:23.733Z - [REQUEST]: Responding to the client. project-graph
[NX v22.5.4 Daemon Server] - 2026-03-16T13:53:23.733Z - Time taken for 'total for creating and serializing project graph' 828.7900000000001ms
[NX v22.5.4 Daemon Server] - 2026-03-16T13:53:23.735Z - Done responding to the client project-graph
[NX v22.5.4 Daemon Server] - 2026-03-16T13:53:23.735Z - Handled json message REQUEST_PROJECT_GRAPH. Handling time: 829. Response time: 2.
[NX v22.5.4 Daemon Client] - 2026-03-16T13:53:23.735Z - [Messenger] Received message, length: 1120231
[NX v22.5.4 Daemon Client] - 2026-03-16T13:53:23.739Z - [Messenger] Sending message type: PRE_TASKS_EXECUTION
[NX v22.5.4 Daemon Client] - 2026-03-16T13:53:23.739Z - [Messenger] Message sent
[NX v22.5.4 Daemon Server] - 2026-03-16T13:53:23.739Z - Received raw message of length 678
[NX v22.5.4 Daemon Server] - 2026-03-16T13:53:23.739Z - Received json message of type PRE_TASKS_EXECUTION
[NX v22.5.4 Daemon Server] - 2026-03-16T13:53:23.740Z - Serializing response for PRE_TASKS_EXECUTION message in json mode
[NX v22.5.4 Daemon Server] - 2026-03-16T13:53:23.740Z - Responding to PRE_TASKS_EXECUTION message
[NX v22.5.4 Daemon Server] - 2026-03-16T13:53:23.740Z - [REQUEST]: Responding to the client. handleRunPreTasksExecution
[NX v22.5.4 Daemon Server] - 2026-03-16T13:53:23.740Z - Done responding to the client handleRunPreTasksExecution
[NX v22.5.4 Daemon Server] - 2026-03-16T13:53:23.740Z - Handled json message PRE_TASKS_EXECUTION. Handling time: 1. Response time: 0.
[NX v22.5.4 Daemon Server] - 2026-03-16T13:53:23.740Z - Time taken for 'preTasksExecution' 0.37066699999991215ms
[NX v22.5.4 Daemon Client] - 2026-03-16T13:53:23.740Z - [Messenger] Received message, length: 2
[NX v22.5.4 Daemon Client] - 2026-03-16T13:53:23.767Z - [Messenger] Sending message type: HASH_TASKS
[NX v22.5.4 Daemon Client] - 2026-03-16T13:53:23.767Z - [Messenger] Message sent
[NX v22.5.4 Daemon Server] - 2026-03-16T13:53:23.767Z - Received raw message of length 5839
[NX v22.5.4 Daemon Server] - 2026-03-16T13:53:23.767Z - Received json message of type HASH_TASKS
[NX v22.5.4 Daemon Server] - 2026-03-16T13:53:23.767Z - Reusing in-memory cached project graph because no files changed.
DEBUG nx::native::tasks::hash_planner: get_plans_internal COMPLETED in 1.376916ms - processed 2 tasks (setup: 1.269416ms, parallel_planning: 107µs)
DEBUG nx::native::tasks::hashers::hash_workspace_files: Hashing workspace fileset with inputs: Adding "2189949021886064727" (".gitignore") to hash
DEBUG nx::native::tasks::hashers::hash_workspace_files: Hashing workspace fileset with inputs: Adding "13467211139819667633" ("nx.json") to hash
DEBUG nx::native::tasks::hashers::hash_workspace_files: Hashing workspace fileset with inputs: Hash Value: "10970448857502704134"
DEBUG nx::native::tasks::hashers::hash_workspace_files: Hashing workspace fileset with inputs: Adding "2189949021886064727" (".gitignore") to hash
DEBUG nx::native::tasks::hashers::hash_workspace_files: Hashing workspace fileset with inputs: Adding "13467211139819667633" ("nx.json") to hash
DEBUG nx::native::tasks::hashers::hash_workspace_files: Hashing workspace fileset with inputs: Hash Value: "10970448857502704134"
DEBUG nx::native::tasks::task_hasher: hash_plans COMPLETED in 1.600167ms - processed 2 plans (setup: 357.417µs, hashing: 1.24275ms, assembly: 246.666µs)
[NX v22.5.4 Daemon Server] - 2026-03-16T13:53:23.776Z - Serializing response for HASH_TASKS message in json mode
[NX v22.5.4 Daemon Server] - 2026-03-16T13:53:23.776Z - Responding to HASH_TASKS message
[NX v22.5.4 Daemon Server] - 2026-03-16T13:53:23.776Z - [REQUEST]: Responding to the client. handleHashTasks
[NX v22.5.4 Daemon Server] - 2026-03-16T13:53:23.776Z - Done responding to the client handleHashTasks
[NX v22.5.4 Daemon Server] - 2026-03-16T13:53:23.776Z - Handled json message HASH_TASKS. Handling time: 9. Response time: 0.
[NX v22.5.4 Daemon Client] - 2026-03-16T13:53:23.776Z - [Messenger] Received message, length: 33053
[NX v22.5.4 Daemon Client] - 2026-03-16T13:53:23.852Z - [Messenger] Sending message type: GET_ESTIMATED_TASK_TIMINGS
[NX v22.5.4 Daemon Client] - 2026-03-16T13:53:23.852Z - [Messenger] Message sent
[NX v22.5.4 Daemon Server] - 2026-03-16T13:53:23.852Z - Received raw message of length 134
[NX v22.5.4 Daemon Server] - 2026-03-16T13:53:23.852Z - Received json message of type GET_ESTIMATED_TASK_TIMINGS
[NX v22.5.4 Daemon Server] - 2026-03-16T13:53:23.868Z - Serializing response for GET_ESTIMATED_TASK_TIMINGS message in json mode
[NX v22.5.4 Daemon Server] - 2026-03-16T13:53:23.869Z - Responding to GET_ESTIMATED_TASK_TIMINGS message
[NX v22.5.4 Daemon Server] - 2026-03-16T13:53:23.869Z - [REQUEST]: Responding to the client. handleGetEstimatedTaskTimings
[NX v22.5.4 Daemon Server] - 2026-03-16T13:53:23.869Z - Done responding to the client handleGetEstimatedTaskTimings
[NX v22.5.4 Daemon Server] - 2026-03-16T13:53:23.869Z - Handled json message GET_ESTIMATED_TASK_TIMINGS. Handling time: 16. Response time: 1.
[NX v22.5.4 Daemon Client] - 2026-03-16T13:53:23.869Z - [Messenger] Received message, length: 51
[NX v22.5.4 Daemon Server] - 2026-03-16T13:53:24.124Z - [WATCHER]: Processing file changes in outputs
[NX v22.5.4 Daemon Client] - 2026-03-16T13:53:24.528Z - [Messenger] Sending message type: RECORD_OUTPUTS_HASH
[NX v22.5.4 Daemon Client] - 2026-03-16T13:53:24.528Z - [Messenger] Message sent
[NX v22.5.4 Daemon Server] - 2026-03-16T13:53:24.528Z - Received raw message of length 105
[NX v22.5.4 Daemon Server] - 2026-03-16T13:53:24.528Z - Received json message of type RECORD_OUTPUTS_HASH
[NX v22.5.4 Daemon Server] - 2026-03-16T13:53:24.531Z - Serializing response for RECORD_OUTPUTS_HASH message in json mode
[NX v22.5.4 Daemon Server] - 2026-03-16T13:53:24.531Z - Responding to RECORD_OUTPUTS_HASH message
[NX v22.5.4 Daemon Server] - 2026-03-16T13:53:24.531Z - [REQUEST]: Responding to the client. recordOutputsHash
[NX v22.5.4 Daemon Server] - 2026-03-16T13:53:24.531Z - Done responding to the client recordOutputsHash
[NX v22.5.4 Daemon Server] - 2026-03-16T13:53:24.531Z - Handled json message RECORD_OUTPUTS_HASH. Handling time: 3. Response time: 0.
[NX v22.5.4 Daemon Client] - 2026-03-16T13:53:24.531Z - [Messenger] Received message, length: 2
[NX v22.5.4 Daemon Server] - 2026-03-16T13:53:24.568Z - [WATCHER]: Processing file changes in outputs
[NX v22.5.4 Daemon Server] - 2026-03-16T13:53:26.505Z - [WATCHER]: Processing file changes in outputs
[NX v22.5.4 Daemon Server] - 2026-03-16T13:53:26.557Z - [WATCHER]: Processing file changes in outputs
[NX v22.5.4 Daemon Server] - 2026-03-16T13:53:26.609Z - [WATCHER]: Processing file changes in outputs
[NX v22.5.4 Daemon Server] - 2026-03-16T13:53:26.661Z - [WATCHER]: Processing file changes in outputs
[NX v22.5.4 Daemon Client] - 2026-03-16T13:53:27.050Z - [Messenger] Sending message type: RECORD_OUTPUTS_HASH
[NX v22.5.4 Daemon Client] - 2026-03-16T13:53:27.050Z - [Messenger] Message sent
[NX v22.5.4 Daemon Server] - 2026-03-16T13:53:27.050Z - Received raw message of length 151
[NX v22.5.4 Daemon Server] - 2026-03-16T13:53:27.050Z - Received json message of type RECORD_OUTPUTS_HASH
[NX v22.5.4 Daemon Server] - 2026-03-16T13:53:27.050Z - Serializing response for RECORD_OUTPUTS_HASH message in json mode
[NX v22.5.4 Daemon Server] - 2026-03-16T13:53:27.050Z - Responding to RECORD_OUTPUTS_HASH message
[NX v22.5.4 Daemon Server] - 2026-03-16T13:53:27.050Z - [REQUEST]: Responding to the client. recordOutputsHash
[NX v22.5.4 Daemon Server] - 2026-03-16T13:53:27.050Z - Done responding to the client recordOutputsHash
[NX v22.5.4 Daemon Server] - 2026-03-16T13:53:27.050Z - Handled json message RECORD_OUTPUTS_HASH. Handling time: 0. Response time: 0.
[NX v22.5.4 Daemon Client] - 2026-03-16T13:53:27.050Z - [Messenger] Received message, length: 2
[NX v22.5.4 Daemon Client] - 2026-03-16T13:53:27.051Z - [Messenger] Sending message type: RECORD_TASK_RUNS
[NX v22.5.4 Daemon Client] - 2026-03-16T13:53:27.051Z - [Messenger] Message sent
[NX v22.5.4 Daemon Server] - 2026-03-16T13:53:27.051Z - Received raw message of length 381
[NX v22.5.4 Daemon Server] - 2026-03-16T13:53:27.051Z - Received json message of type RECORD_TASK_RUNS
[NX v22.5.4 Daemon Server] - 2026-03-16T13:53:27.051Z - Serializing response for RECORD_TASK_RUNS message in json mode
[NX v22.5.4 Daemon Server] - 2026-03-16T13:53:27.051Z - Responding to RECORD_TASK_RUNS message
[NX v22.5.4 Daemon Server] - 2026-03-16T13:53:27.051Z - [REQUEST]: Responding to the client. handleRecordTaskRuns
[NX v22.5.4 Daemon Server] - 2026-03-16T13:53:27.051Z - Done responding to the client handleRecordTaskRuns
[NX v22.5.4 Daemon Server] - 2026-03-16T13:53:27.051Z - Handled json message RECORD_TASK_RUNS. Handling time: 0. Response time: 0.
[NX v22.5.4 Daemon Client] - 2026-03-16T13:53:27.051Z - [Messenger] Received message, length: 4
[NX v22.5.4 Daemon Client] - 2026-03-16T13:53:27.052Z - [Messenger] Sending message type: POST_TASKS_EXECUTION
[NX v22.5.4 Daemon Client] - 2026-03-16T13:53:27.052Z - [Messenger] Message sent
[NX v22.5.4 Daemon Server] - 2026-03-16T13:53:27.052Z - Received raw message of length 10040
[NX v22.5.4 Daemon Server] - 2026-03-16T13:53:27.053Z - Received json message of type POST_TASKS_EXECUTION
[NX v22.5.4 Daemon Server] - 2026-03-16T13:53:27.053Z - Serializing response for POST_TASKS_EXECUTION message in json mode
[NX v22.5.4 Daemon Server] - 2026-03-16T13:53:27.053Z - Responding to POST_TASKS_EXECUTION message
[NX v22.5.4 Daemon Server] - 2026-03-16T13:53:27.053Z - [REQUEST]: Responding to the client. handleRunPostTasksExecution
[NX v22.5.4 Daemon Server] - 2026-03-16T13:53:27.053Z - Done responding to the client handleRunPostTasksExecution
[NX v22.5.4 Daemon Server] - 2026-03-16T13:53:27.053Z - Handled json message POST_TASKS_EXECUTION. Handling time: 0. Response time: 0.
[NX v22.5.4 Daemon Server] - 2026-03-16T13:53:27.053Z - Time taken for 'postTasksExecution' 0.11645800000042072ms
[NX v22.5.4 Daemon Client] - 2026-03-16T13:53:27.053Z - [Messenger] Received message, length: 4
[NX v22.5.4 Daemon Server] - 2026-03-16T13:53:27.060Z - Closed a connection. Number of open connections: 0
[NX v22.5.4 Daemon Server] - 2026-03-16T13:53:27.094Z - [WATCHER]: Processing file changes in outputs
[NX v22.5.4 Daemon Server] - 2026-03-16T13:53:34.848Z - [WATCHER]: 1 file(s) created or restored, 0 file(s) modified, 1 file(s) deleted
[NX v22.5.4 Daemon Server] - 2026-03-16T13:53:34.848Z - [SYNC]: clearing sync generators cache due to file changes
[NX v22.5.4 Daemon Server] - 2026-03-16T13:53:34.848Z - [WATCHER]: Processing file changes in outputs
[NX v22.5.4 Daemon Server] - 2026-03-16T13:53:34.950Z - [REQUEST]: Updated workspace context based on watched changes, recomputing project graph...
[NX v22.5.4 Daemon Server] - 2026-03-16T13:53:34.950Z - [REQUEST]: libs/shared/types/src/lib/collections.ts
[NX v22.5.4 Daemon Server] - 2026-03-16T13:53:34.950Z - [REQUEST]: libs/shared/types/src/lib/collections.ts.tmp.93003.1773669214784
[NX v22.5.4 Daemon Server] - 2026-03-16T13:53:34.957Z - Time taken for 'hash changed files from watcher' 0.47862500000155705ms
Time for 'plugin worker 53811 code loading' 3.312958
Time for 'plugin worker 53810 code loading' 3.390500000000001
Time for 'plugin worker 53812 code loading' 3.0588750000000005
[NX v22.5.4 Daemon Server] - 2026-03-16T13:53:34.977Z - Time taken for 'start-plugin-worker:@nx/docker' 21.99066700000003ms
Time for 'plugin worker 53814 code loading' 2.8753340000000005
Time for 'plugin worker 53813 code loading' 2.998875
[NX v22.5.4 Daemon Server] - 2026-03-16T13:53:34.978Z - Time taken for 'start-plugin-worker:nx/core/project-json' 20.995082999999795ms
Time for 'plugin worker 53815 code loading' 3.181374999999999
[NX v22.5.4 Daemon Server] - 2026-03-16T13:53:34.987Z - Time taken for 'start-plugin-worker:@nx/eslint/plugin' 34.158542000001034ms
Time for 'nx/core/package-json:createNodes' 2.6995000000000005
Time for 'nx/js/dependencies-and-lockfile:createNodes' 3.5797079999999966
[NX v22.5.4 Daemon Server] - 2026-03-16T13:53:35.084Z - Established a connection. Number of open connections: 1
[NX v22.5.4 Daemon Server] - 2026-03-16T13:53:35.084Z - Closed a connection. Number of open connections: 0
[NX v22.5.4 Daemon Server] - 2026-03-16T13:53:35.084Z - Established a connection. Number of open connections: 1
[NX v22.5.4 Daemon Client] - 2026-03-16T13:53:35.084Z - [Messenger] Setting up socket listeners
[NX v22.5.4 Daemon Client] - 2026-03-16T13:53:35.085Z - [Messenger] listen() complete
[NX v22.5.4 Daemon Client] - 2026-03-16T13:53:35.085Z - [Messenger] Sending message type: HASH_MULTI_GLOB
[NX v22.5.4 Daemon Client] - 2026-03-16T13:53:35.085Z - [Messenger] Message sent
Time for 'daemon-message-serialization-HASH_MULTI_GLOB' 0.09816699999998946
[NX v22.5.4 Daemon Server] - 2026-03-16T13:53:35.092Z - Received raw message of length 50
[NX v22.5.4 Daemon Server] - 2026-03-16T13:53:35.092Z - Received json message of type HASH_MULTI_GLOB
[NX v22.5.4 Daemon Server] - 2026-03-16T13:53:35.092Z - Serializing response for HASH_GLOB message in json mode
[NX v22.5.4 Daemon Server] - 2026-03-16T13:53:35.092Z - Responding to HASH_GLOB message
[NX v22.5.4 Daemon Server] - 2026-03-16T13:53:35.092Z - [REQUEST]: Responding to the client. handleHashMultiGlob
[NX v22.5.4 Daemon Server] - 2026-03-16T13:53:35.092Z - Done responding to the client handleHashMultiGlob
[NX v22.5.4 Daemon Server] - 2026-03-16T13:53:35.092Z - Handled json message HASH_GLOB. Handling time: 0. Response time: 0.
[NX v22.5.4 Daemon Client] - 2026-03-16T13:53:35.092Z - [Messenger] Received message, length: 24
[NX v22.5.4 Daemon Server] - 2026-03-16T13:53:35.106Z - Established a connection. Number of open connections: 2
[NX v22.5.4 Daemon Server] - 2026-03-16T13:53:35.106Z - Closed a connection. Number of open connections: 1
[NX v22.5.4 Daemon Server] - 2026-03-16T13:53:35.106Z - Established a connection. Number of open connections: 2
[NX v22.5.4 Daemon Client] - 2026-03-16T13:53:35.106Z - [Messenger] Setting up socket listeners
[NX v22.5.4 Daemon Client] - 2026-03-16T13:53:35.107Z - [Messenger] listen() complete
[NX v22.5.4 Daemon Client] - 2026-03-16T13:53:35.107Z - [Messenger] Sending message type: GLOB
[NX v22.5.4 Daemon Client] - 2026-03-16T13:53:35.107Z - [Messenger] Message sent
Time for 'daemon-message-serialization-GLOB' 0.08099999999998886
[NX v22.5.4 Daemon Server] - 2026-03-16T13:53:35.115Z - Received raw message of length 73
[NX v22.5.4 Daemon Server] - 2026-03-16T13:53:35.115Z - Received json message of type GLOB
[NX v22.5.4 Daemon Server] - 2026-03-16T13:53:35.116Z - Serializing response for GLOB message in json mode
[NX v22.5.4 Daemon Server] - 2026-03-16T13:53:35.116Z - Responding to GLOB message
[NX v22.5.4 Daemon Server] - 2026-03-16T13:53:35.116Z - [REQUEST]: Responding to the client. handleGlob
[NX v22.5.4 Daemon Server] - 2026-03-16T13:53:35.116Z - Done responding to the client handleGlob
[NX v22.5.4 Daemon Server] - 2026-03-16T13:53:35.116Z - Handled json message GLOB. Handling time: 1. Response time: 0.
[NX v22.5.4 Daemon Client] - 2026-03-16T13:53:35.116Z - [Messenger] Received message, length: 30943
[NX v22.5.4 Daemon Client] - 2026-03-16T13:53:35.117Z - [Messenger] Sending message type: HASH_MULTI_GLOB
[NX v22.5.4 Daemon Client] - 2026-03-16T13:53:35.117Z - [Messenger] Message sent
[NX v22.5.4 Daemon Server] - 2026-03-16T13:53:35.117Z - Received raw message of length 349
[NX v22.5.4 Daemon Server] - 2026-03-16T13:53:35.117Z - Received json message of type HASH_MULTI_GLOB
[NX v22.5.4 Daemon Server] - 2026-03-16T13:53:35.118Z - Serializing response for HASH_GLOB message in json mode
[NX v22.5.4 Daemon Server] - 2026-03-16T13:53:35.118Z - Responding to HASH_GLOB message
[NX v22.5.4 Daemon Server] - 2026-03-16T13:53:35.118Z - [REQUEST]: Responding to the client. handleHashMultiGlob
[NX v22.5.4 Daemon Server] - 2026-03-16T13:53:35.118Z - Done responding to the client handleHashMultiGlob
[NX v22.5.4 Daemon Server] - 2026-03-16T13:53:35.118Z - Handled json message HASH_GLOB. Handling time: 1. Response time: 0.
Time for 'GLOB round trip' 9.506957999999997
Time for 'deserialize daemon response - GLOB' 0.10849999999999227
Time for 'daemon-message-serialization-HASH_MULTI_GLOB' 0.008417000000008557
[NX v22.5.4 Daemon Client] - 2026-03-16T13:53:35.118Z - [Messenger] Received message, length: 112
[NX v22.5.4 Daemon Server] - 2026-03-16T13:53:35.118Z - Closed a connection. Number of open connections: 1
Time for 'HASH_MULTI_GLOB round trip' 1.3787090000000148
Time for 'deserialize daemon response - HASH_MULTI_GLOB' 0.012000000000000455
[baseline-browser-mapping] The data in this module is over two months old.  To ensure accurate Baseline data, please update: `npm i baseline-browser-mapping@latest -D`
[NX v22.5.4 Daemon Server] - 2026-03-16T13:53:35.515Z - Time taken for 'build-project-configs' 558.2676250000004ms
[NX v22.5.4 Daemon Server] - 2026-03-16T13:53:35.521Z - Closed a connection. Number of open connections: 0
Time for 'build typescript dependencies' 3.8957499999999072
[NX v22.5.4 Daemon Server] - 2026-03-16T13:53:35.533Z - [SYNC]: collect registered sync generators
[NX v22.5.4 Daemon Server] - 2026-03-16T13:53:35.533Z - [SYNC]: project graph hash is the same, not collecting task sync generators
[NX v22.5.4 Daemon Server] - 2026-03-16T13:53:35.533Z - [SYNC]: nx.json hash is the same, not collecting global sync generators
[NX v22.5.4 Daemon Server] - 2026-03-16T13:53:35.533Z - Time taken for 'total execution time for createProjectGraph()' 20.91608300000007ms
[NX v22.5.4 Daemon Server] - 2026-03-16T13:53:50.041Z - [WATCHER]: 1 file(s) created or restored, 0 file(s) modified, 1 file(s) deleted
[NX v22.5.4 Daemon Server] - 2026-03-16T13:53:50.041Z - [SYNC]: clearing sync generators cache due to file changes
[NX v22.5.4 Daemon Server] - 2026-03-16T13:53:50.041Z - [WATCHER]: Processing file changes in outputs
[NX v22.5.4 Daemon Server] - 2026-03-16T13:53:50.142Z - [REQUEST]: Updated workspace context based on watched changes, recomputing project graph...
[NX v22.5.4 Daemon Server] - 2026-03-16T13:53:50.143Z - [REQUEST]: libs/shared/types/src/index.ts
[NX v22.5.4 Daemon Server] - 2026-03-16T13:53:50.143Z - [REQUEST]: libs/shared/types/src/index.ts.tmp.93003.1773669229981
[NX v22.5.4 Daemon Server] - 2026-03-16T13:53:50.147Z - Time taken for 'hash changed files from watcher' 0.43725000000267755ms
Time for 'plugin worker 53899 code loading' 3.4315409999999993
Time for 'plugin worker 53900 code loading' 3.3466250000000013
Time for 'plugin worker 53902 code loading' 3.5568340000000003
Time for 'plugin worker 53898 code loading' 3.386209000000001
Time for 'plugin worker 53903 code loading' 3.239167
Time for 'plugin worker 53901 code loading' 3.50525
[NX v22.5.4 Daemon Server] - 2026-03-16T13:53:50.179Z - Time taken for 'start-plugin-worker:@nx/eslint/plugin' 34.185459000000264ms
Time for 'nx/core/package-json:createNodes' 2.2754169999999903
Time for 'nx/js/dependencies-and-lockfile:createNodes' 3.738749999999996
[NX v22.5.4 Daemon Server] - 2026-03-16T13:53:50.286Z - Established a connection. Number of open connections: 1
[NX v22.5.4 Daemon Server] - 2026-03-16T13:53:50.286Z - Closed a connection. Number of open connections: 0
[NX v22.5.4 Daemon Server] - 2026-03-16T13:53:50.286Z - Established a connection. Number of open connections: 1
[NX v22.5.4 Daemon Client] - 2026-03-16T13:53:50.286Z - [Messenger] Setting up socket listeners
[NX v22.5.4 Daemon Client] - 2026-03-16T13:53:50.286Z - [Messenger] listen() complete
[NX v22.5.4 Daemon Client] - 2026-03-16T13:53:50.287Z - [Messenger] Sending message type: HASH_MULTI_GLOB
[NX v22.5.4 Daemon Client] - 2026-03-16T13:53:50.287Z - [Messenger] Message sent
Time for 'daemon-message-serialization-HASH_MULTI_GLOB' 0.10729100000000358
[NX v22.5.4 Daemon Server] - 2026-03-16T13:53:50.294Z - Received raw message of length 50
[NX v22.5.4 Daemon Server] - 2026-03-16T13:53:50.294Z - Received json message of type HASH_MULTI_GLOB
[NX v22.5.4 Daemon Server] - 2026-03-16T13:53:50.294Z - Serializing response for HASH_GLOB message in json mode
[NX v22.5.4 Daemon Server] - 2026-03-16T13:53:50.294Z - Responding to HASH_GLOB message
[NX v22.5.4 Daemon Server] - 2026-03-16T13:53:50.294Z - [REQUEST]: Responding to the client. handleHashMultiGlob
[NX v22.5.4 Daemon Server] - 2026-03-16T13:53:50.294Z - Done responding to the client handleHashMultiGlob
[NX v22.5.4 Daemon Server] - 2026-03-16T13:53:50.295Z - Handled json message HASH_GLOB. Handling time: 0. Response time: 1.
[NX v22.5.4 Daemon Client] - 2026-03-16T13:53:50.295Z - [Messenger] Received message, length: 23
[NX v22.5.4 Daemon Server] - 2026-03-16T13:53:50.303Z - Established a connection. Number of open connections: 2
[NX v22.5.4 Daemon Server] - 2026-03-16T13:53:50.303Z - Closed a connection. Number of open connections: 1
[NX v22.5.4 Daemon Server] - 2026-03-16T13:53:50.303Z - Established a connection. Number of open connections: 2
[NX v22.5.4 Daemon Client] - 2026-03-16T13:53:50.303Z - [Messenger] Setting up socket listeners
[NX v22.5.4 Daemon Client] - 2026-03-16T13:53:50.304Z - [Messenger] listen() complete
[NX v22.5.4 Daemon Client] - 2026-03-16T13:53:50.304Z - [Messenger] Sending message type: GLOB
[NX v22.5.4 Daemon Client] - 2026-03-16T13:53:50.304Z - [Messenger] Message sent
Time for 'daemon-message-serialization-GLOB' 0.09570899999999938
[NX v22.5.4 Daemon Server] - 2026-03-16T13:53:50.312Z - Received raw message of length 73
[NX v22.5.4 Daemon Server] - 2026-03-16T13:53:50.312Z - Received json message of type GLOB
[NX v22.5.4 Daemon Server] - 2026-03-16T13:53:50.312Z - Serializing response for GLOB message in json mode
[NX v22.5.4 Daemon Server] - 2026-03-16T13:53:50.312Z - Responding to GLOB message
[NX v22.5.4 Daemon Server] - 2026-03-16T13:53:50.312Z - [REQUEST]: Responding to the client. handleGlob
[NX v22.5.4 Daemon Server] - 2026-03-16T13:53:50.313Z - Done responding to the client handleGlob
[NX v22.5.4 Daemon Server] - 2026-03-16T13:53:50.313Z - Handled json message GLOB. Handling time: 0. Response time: 1.
[NX v22.5.4 Daemon Client] - 2026-03-16T13:53:50.313Z - [Messenger] Received message, length: 30943
[NX v22.5.4 Daemon Client] - 2026-03-16T13:53:50.314Z - [Messenger] Sending message type: HASH_MULTI_GLOB
[NX v22.5.4 Daemon Client] - 2026-03-16T13:53:50.314Z - [Messenger] Message sent
[NX v22.5.4 Daemon Server] - 2026-03-16T13:53:50.314Z - Received raw message of length 349
[NX v22.5.4 Daemon Server] - 2026-03-16T13:53:50.314Z - Received json message of type HASH_MULTI_GLOB
[NX v22.5.4 Daemon Server] - 2026-03-16T13:53:50.315Z - Serializing response for HASH_GLOB message in json mode
[NX v22.5.4 Daemon Server] - 2026-03-16T13:53:50.315Z - Responding to HASH_GLOB message
[NX v22.5.4 Daemon Server] - 2026-03-16T13:53:50.315Z - [REQUEST]: Responding to the client. handleHashMultiGlob
[NX v22.5.4 Daemon Server] - 2026-03-16T13:53:50.315Z - Done responding to the client handleHashMultiGlob
[NX v22.5.4 Daemon Server] - 2026-03-16T13:53:50.315Z - Handled json message HASH_GLOB. Handling time: 1. Response time: 0.
[NX v22.5.4 Daemon Client] - 2026-03-16T13:53:50.315Z - [Messenger] Received message, length: 112
Time for 'GLOB round trip' 9.237166000000002
Time for 'deserialize daemon response - GLOB' 0.08966599999999403
Time for 'daemon-message-serialization-HASH_MULTI_GLOB' 0.010209000000003243
[NX v22.5.4 Daemon Server] - 2026-03-16T13:53:50.319Z - Closed a connection. Number of open connections: 1
Time for 'HASH_MULTI_GLOB round trip' 1.3848749999999939
Time for 'deserialize daemon response - HASH_MULTI_GLOB' 0.006458000000009179
[baseline-browser-mapping] The data in this module is over two months old.  To ensure accurate Baseline data, please update: `npm i baseline-browser-mapping@latest -D`
[NX v22.5.4 Daemon Server] - 2026-03-16T13:53:50.710Z - Time taken for 'build-project-configs' 561.3600000000006ms
[NX v22.5.4 Daemon Server] - 2026-03-16T13:53:50.718Z - Closed a connection. Number of open connections: 0
Time for 'build typescript dependencies' 4.097791000000029
[NX v22.5.4 Daemon Server] - 2026-03-16T13:53:50.730Z - [SYNC]: collect registered sync generators
[NX v22.5.4 Daemon Server] - 2026-03-16T13:53:50.731Z - [SYNC]: project graph hash is the same, not collecting task sync generators
[NX v22.5.4 Daemon Server] - 2026-03-16T13:53:50.731Z - [SYNC]: nx.json hash is the same, not collecting global sync generators
[NX v22.5.4 Daemon Server] - 2026-03-16T13:53:50.731Z - Time taken for 'total execution time for createProjectGraph()' 23.57654199999888ms
[NX v22.5.4 Daemon Server] - 2026-03-16T13:54:05.187Z - [WATCHER]: Processing file changes in outputs
[NX v22.5.4 Daemon Server] - 2026-03-16T13:54:05.187Z - [WATCHER]: 1 file(s) created or restored, 0 file(s) modified, 1 file(s) deleted
[NX v22.5.4 Daemon Server] - 2026-03-16T13:54:05.187Z - [SYNC]: clearing sync generators cache due to file changes
[NX v22.5.4 Daemon Server] - 2026-03-16T13:54:05.226Z - Established a connection. Number of open connections: 1
[NX v22.5.4 Daemon Server] - 2026-03-16T13:54:05.226Z - Closed a connection. Number of open connections: 0
[NX v22.5.4 Daemon Server] - 2026-03-16T13:54:05.227Z - Established a connection. Number of open connections: 1
[NX v22.5.4 Daemon Server] - 2026-03-16T13:54:05.227Z - Closed a connection. Number of open connections: 0
[NX v22.5.4 Daemon Server] - 2026-03-16T13:54:05.227Z - Established a connection. Number of open connections: 1
[NX v22.5.4 Daemon Client] - 2026-03-16T13:54:05.227Z - [Messenger] Setting up socket listeners
[NX v22.5.4 Daemon Client] - 2026-03-16T13:54:05.227Z - [Messenger] listen() complete
[NX v22.5.4 Daemon Client] - 2026-03-16T13:54:05.228Z - [Messenger] Sending message type: GET_NX_CONSOLE_STATUS
[NX v22.5.4 Daemon Client] - 2026-03-16T13:54:05.228Z - [Messenger] Message sent
[NX v22.5.4 Daemon Server] - 2026-03-16T13:54:05.234Z - Received raw message of length 32
[NX v22.5.4 Daemon Server] - 2026-03-16T13:54:05.234Z - Received json message of type GET_NX_CONSOLE_STATUS
[NX v22.5.4 Daemon Server] - 2026-03-16T13:54:05.235Z - Serializing response for GET_NX_CONSOLE_STATUS message in json mode
[NX v22.5.4 Daemon Server] - 2026-03-16T13:54:05.235Z - Responding to GET_NX_CONSOLE_STATUS message
[NX v22.5.4 Daemon Server] - 2026-03-16T13:54:05.235Z - [REQUEST]: Responding to the client. handleGetNxConsoleStatus
[NX v22.5.4 Daemon Server] - 2026-03-16T13:54:05.235Z - Done responding to the client handleGetNxConsoleStatus
[NX v22.5.4 Daemon Server] - 2026-03-16T13:54:05.235Z - Handled json message GET_NX_CONSOLE_STATUS. Handling time: 0. Response time: 0.
[NX v22.5.4 Daemon Client] - 2026-03-16T13:54:05.235Z - [Messenger] Received message, length: 22
[NX v22.5.4 Daemon Client] - 2026-03-16T13:54:05.254Z - [Messenger] Sending message type: REQUEST_PROJECT_GRAPH
[NX v22.5.4 Daemon Client] - 2026-03-16T13:54:05.254Z - [Messenger] Message sent
[NX v22.5.4 Daemon Server] - 2026-03-16T13:54:05.254Z - Received raw message of length 32
[NX v22.5.4 Daemon Server] - 2026-03-16T13:54:05.254Z - Received json message of type REQUEST_PROJECT_GRAPH
[NX v22.5.4 Daemon Server] - 2026-03-16T13:54:05.254Z - [REQUEST]: Client Request for Project Graph Received
[NX v22.5.4 Daemon Server] - 2026-03-16T13:54:05.254Z - Recomputing project graph because of 1 updated and 1 deleted files.
[NX v22.5.4 Daemon Server] - 2026-03-16T13:54:05.255Z - [REQUEST]: Updated workspace context based on watched changes, recomputing project graph...
[NX v22.5.4 Daemon Server] - 2026-03-16T13:54:05.255Z - [REQUEST]: functions/src/collections/members.ts
[NX v22.5.4 Daemon Server] - 2026-03-16T13:54:05.255Z - [REQUEST]: functions/src/collections/members.ts.tmp.93003.1773669245099
[NX v22.5.4 Daemon Server] - 2026-03-16T13:54:05.260Z - Time taken for 'hash changed files from watcher' 0.506042000000889ms
Time for 'plugin worker 53977 code loading' 2.9774580000000004
Time for 'plugin worker 53976 code loading' 3.1328329999999998
Time for 'plugin worker 53978 code loading' 3.3255
Time for 'plugin worker 53979 code loading' 3.2520830000000007
Time for 'plugin worker 53981 code loading' 2.8370409999999993
Time for 'plugin worker 53980 code loading' 3.0280000000000005
[NX v22.5.4 Daemon Server] - 2026-03-16T13:54:05.290Z - Time taken for 'start-plugin-worker:@nx/eslint/plugin' 33.32533400000102ms
[NX v22.5.4 Daemon Server] - 2026-03-16T13:54:05.292Z - Time taken for 'start-plugin-worker:nx/core/project-json' 32.348541999999725ms
Time for 'nx/core/package-json:createNodes' 2.2127080000000063
Time for 'nx/js/dependencies-and-lockfile:createNodes' 3.5946249999999935
[NX v22.5.4 Daemon Server] - 2026-03-16T13:54:05.390Z - Established a connection. Number of open connections: 2
[NX v22.5.4 Daemon Server] - 2026-03-16T13:54:05.391Z - Closed a connection. Number of open connections: 1
[NX v22.5.4 Daemon Server] - 2026-03-16T13:54:05.391Z - Established a connection. Number of open connections: 2
[NX v22.5.4 Daemon Client] - 2026-03-16T13:54:05.391Z - [Messenger] Setting up socket listeners
[NX v22.5.4 Daemon Client] - 2026-03-16T13:54:05.391Z - [Messenger] listen() complete
[NX v22.5.4 Daemon Client] - 2026-03-16T13:54:05.391Z - [Messenger] Sending message type: HASH_MULTI_GLOB
[NX v22.5.4 Daemon Client] - 2026-03-16T13:54:05.392Z - [Messenger] Message sent
Time for 'daemon-message-serialization-HASH_MULTI_GLOB' 0.100166999999999
[NX v22.5.4 Daemon Server] - 2026-03-16T13:54:05.398Z - Received raw message of length 50
[NX v22.5.4 Daemon Server] - 2026-03-16T13:54:05.398Z - Received json message of type HASH_MULTI_GLOB
[NX v22.5.4 Daemon Server] - 2026-03-16T13:54:05.399Z - Serializing response for HASH_GLOB message in json mode
[NX v22.5.4 Daemon Server] - 2026-03-16T13:54:05.399Z - Responding to HASH_GLOB message
[NX v22.5.4 Daemon Server] - 2026-03-16T13:54:05.399Z - [REQUEST]: Responding to the client. handleHashMultiGlob
[NX v22.5.4 Daemon Server] - 2026-03-16T13:54:05.399Z - Done responding to the client handleHashMultiGlob
[NX v22.5.4 Daemon Server] - 2026-03-16T13:54:05.399Z - Handled json message HASH_GLOB. Handling time: 1. Response time: 0.
[NX v22.5.4 Daemon Client] - 2026-03-16T13:54:05.399Z - [Messenger] Received message, length: 23
[NX v22.5.4 Daemon Server] - 2026-03-16T13:54:05.407Z - Established a connection. Number of open connections: 3
[NX v22.5.4 Daemon Server] - 2026-03-16T13:54:05.407Z - Closed a connection. Number of open connections: 2
[NX v22.5.4 Daemon Server] - 2026-03-16T13:54:05.407Z - Established a connection. Number of open connections: 3
[NX v22.5.4 Daemon Client] - 2026-03-16T13:54:05.407Z - [Messenger] Setting up socket listeners
[NX v22.5.4 Daemon Client] - 2026-03-16T13:54:05.408Z - [Messenger] listen() complete
[NX v22.5.4 Daemon Client] - 2026-03-16T13:54:05.408Z - [Messenger] Sending message type: GLOB
[NX v22.5.4 Daemon Client] - 2026-03-16T13:54:05.408Z - [Messenger] Message sent
Time for 'daemon-message-serialization-GLOB' 0.08608300000000213
[NX v22.5.4 Daemon Server] - 2026-03-16T13:54:05.416Z - Received raw message of length 73
[NX v22.5.4 Daemon Server] - 2026-03-16T13:54:05.416Z - Received json message of type GLOB
[NX v22.5.4 Daemon Server] - 2026-03-16T13:54:05.417Z - Serializing response for GLOB message in json mode
[NX v22.5.4 Daemon Server] - 2026-03-16T13:54:05.417Z - Responding to GLOB message
[NX v22.5.4 Daemon Server] - 2026-03-16T13:54:05.417Z - [REQUEST]: Responding to the client. handleGlob
[NX v22.5.4 Daemon Server] - 2026-03-16T13:54:05.417Z - Done responding to the client handleGlob
[NX v22.5.4 Daemon Server] - 2026-03-16T13:54:05.418Z - Handled json message GLOB. Handling time: 1. Response time: 1.
[NX v22.5.4 Daemon Client] - 2026-03-16T13:54:05.418Z - [Messenger] Received message, length: 30943
[NX v22.5.4 Daemon Client] - 2026-03-16T13:54:05.418Z - [Messenger] Sending message type: HASH_MULTI_GLOB
[NX v22.5.4 Daemon Client] - 2026-03-16T13:54:05.419Z - [Messenger] Message sent
[NX v22.5.4 Daemon Server] - 2026-03-16T13:54:05.419Z - Received raw message of length 349
[NX v22.5.4 Daemon Server] - 2026-03-16T13:54:05.419Z - Received json message of type HASH_MULTI_GLOB
[NX v22.5.4 Daemon Server] - 2026-03-16T13:54:05.420Z - Serializing response for HASH_GLOB message in json mode
[NX v22.5.4 Daemon Server] - 2026-03-16T13:54:05.420Z - Responding to HASH_GLOB message
[NX v22.5.4 Daemon Server] - 2026-03-16T13:54:05.420Z - [REQUEST]: Responding to the client. handleHashMultiGlob
[NX v22.5.4 Daemon Server] - 2026-03-16T13:54:05.420Z - Done responding to the client handleHashMultiGlob
[NX v22.5.4 Daemon Server] - 2026-03-16T13:54:05.420Z - Handled json message HASH_GLOB. Handling time: 1. Response time: 0.
Time for 'GLOB round trip' 9.889332999999993
Time for 'deserialize daemon response - GLOB' 0.09708299999999781
Time for 'daemon-message-serialization-HASH_MULTI_GLOB' 0.014707999999984622
[NX v22.5.4 Daemon Client] - 2026-03-16T13:54:05.420Z - [Messenger] Received message, length: 112
[NX v22.5.4 Daemon Server] - 2026-03-16T13:54:05.425Z - Closed a connection. Number of open connections: 2
Time for 'HASH_MULTI_GLOB round trip' 1.7040829999999971
Time for 'deserialize daemon response - HASH_MULTI_GLOB' 0.0105829999999969
[baseline-browser-mapping] The data in this module is over two months old.  To ensure accurate Baseline data, please update: `npm i baseline-browser-mapping@latest -D`
[NX v22.5.4 Daemon Server] - 2026-03-16T13:54:05.799Z - Time taken for 'build-project-configs' 537.947500000002ms
[NX v22.5.4 Daemon Server] - 2026-03-16T13:54:05.805Z - Closed a connection. Number of open connections: 1
Time for 'build typescript dependencies' 3.869542000000024
[NX v22.5.4 Daemon Server] - 2026-03-16T13:54:05.815Z - [SYNC]: collect registered sync generators
[NX v22.5.4 Daemon Server] - 2026-03-16T13:54:05.815Z - [SYNC]: project graph hash is the same, not collecting task sync generators
[NX v22.5.4 Daemon Server] - 2026-03-16T13:54:05.815Z - [SYNC]: nx.json hash is the same, not collecting global sync generators
[NX v22.5.4 Daemon Server] - 2026-03-16T13:54:05.819Z - Wrote project graph cache to /Users/mgoho/Github/doula-cooperative/.nx/workspace-data/project-graph.json
[NX v22.5.4 Daemon Server] - 2026-03-16T13:54:05.819Z - Serializing response for REQUEST_PROJECT_GRAPH message in json mode
[NX v22.5.4 Daemon Server] - 2026-03-16T13:54:05.819Z - Responding to REQUEST_PROJECT_GRAPH message
[NX v22.5.4 Daemon Server] - 2026-03-16T13:54:05.819Z - [REQUEST]: Responding to the client. project-graph
[NX v22.5.4 Daemon Server] - 2026-03-16T13:54:05.819Z - Time taken for 'total for creating and serializing project graph' 564.463708000003ms
[NX v22.5.4 Daemon Server] - 2026-03-16T13:54:05.821Z - Done responding to the client project-graph
[NX v22.5.4 Daemon Server] - 2026-03-16T13:54:05.821Z - Handled json message REQUEST_PROJECT_GRAPH. Handling time: 565. Response time: 2.
[NX v22.5.4 Daemon Client] - 2026-03-16T13:54:05.821Z - [Messenger] Received message, length: 1120231
[NX v22.5.4 Daemon Client] - 2026-03-16T13:54:05.825Z - [Messenger] Sending message type: PRE_TASKS_EXECUTION
[NX v22.5.4 Daemon Client] - 2026-03-16T13:54:05.825Z - [Messenger] Message sent
[NX v22.5.4 Daemon Server] - 2026-03-16T13:54:05.825Z - Received raw message of length 664
[NX v22.5.4 Daemon Server] - 2026-03-16T13:54:05.825Z - Received json message of type PRE_TASKS_EXECUTION
[NX v22.5.4 Daemon Server] - 2026-03-16T13:54:05.825Z - Serializing response for PRE_TASKS_EXECUTION message in json mode
[NX v22.5.4 Daemon Server] - 2026-03-16T13:54:05.825Z - Responding to PRE_TASKS_EXECUTION message
[NX v22.5.4 Daemon Server] - 2026-03-16T13:54:05.825Z - [REQUEST]: Responding to the client. handleRunPreTasksExecution
[NX v22.5.4 Daemon Server] - 2026-03-16T13:54:05.825Z - Done responding to the client handleRunPreTasksExecution
[NX v22.5.4 Daemon Server] - 2026-03-16T13:54:05.825Z - Handled json message PRE_TASKS_EXECUTION. Handling time: 0. Response time: 0.
[NX v22.5.4 Daemon Server] - 2026-03-16T13:54:05.826Z - Time taken for 'preTasksExecution' 0.10266599999886239ms
[NX v22.5.4 Daemon Client] - 2026-03-16T13:54:05.825Z - [Messenger] Received message, length: 2
[NX v22.5.4 Daemon Client] - 2026-03-16T13:54:05.849Z - [Messenger] Sending message type: HASH_TASKS
[NX v22.5.4 Daemon Client] - 2026-03-16T13:54:05.849Z - [Messenger] Message sent
[NX v22.5.4 Daemon Server] - 2026-03-16T13:54:05.849Z - Received raw message of length 4466
[NX v22.5.4 Daemon Server] - 2026-03-16T13:54:05.849Z - Received json message of type HASH_TASKS
[NX v22.5.4 Daemon Server] - 2026-03-16T13:54:05.849Z - Reusing in-memory cached project graph because no files changed.
DEBUG nx::native::tasks::hash_planner: get_plans_internal COMPLETED in 1.133208ms - processed 1 tasks (setup: 1.100916ms, parallel_planning: 32.167µs)
DEBUG nx::native::tasks::hashers::hash_workspace_files: Hashing workspace fileset with inputs: Adding "2189949021886064727" (".gitignore") to hash
DEBUG nx::native::tasks::hashers::hash_workspace_files: Hashing workspace fileset with inputs: Adding "13467211139819667633" ("nx.json") to hash
DEBUG nx::native::tasks::hashers::hash_workspace_files: Hashing workspace fileset with inputs: Hash Value: "10970448857502704134"
DEBUG nx::native::tasks::hashers::hash_workspace_files: Hashing workspace fileset with inputs: Adding "2303076269699780965" ("eslint.config.js") to hash
DEBUG nx::native::tasks::hashers::hash_workspace_files: Hashing workspace fileset with inputs: Hash Value: "565173536905671646"
DEBUG nx::native::tasks::task_hasher: hash_plans COMPLETED in 766.625µs - processed 1 plans (setup: 347.583µs, hashing: 418.958µs, assembly: 56.833µs)
[NX v22.5.4 Daemon Server] - 2026-03-16T13:54:05.855Z - Serializing response for HASH_TASKS message in json mode
[NX v22.5.4 Daemon Server] - 2026-03-16T13:54:05.855Z - Responding to HASH_TASKS message
[NX v22.5.4 Daemon Server] - 2026-03-16T13:54:05.855Z - [REQUEST]: Responding to the client. handleHashTasks
[NX v22.5.4 Daemon Server] - 2026-03-16T13:54:05.856Z - Done responding to the client handleHashTasks
[NX v22.5.4 Daemon Server] - 2026-03-16T13:54:05.856Z - Handled json message HASH_TASKS. Handling time: 6. Response time: 1.
[NX v22.5.4 Daemon Client] - 2026-03-16T13:54:05.856Z - [Messenger] Received message, length: 32257
[NX v22.5.4 Daemon Client] - 2026-03-16T13:54:05.930Z - [Messenger] Sending message type: GET_ESTIMATED_TASK_TIMINGS
[NX v22.5.4 Daemon Client] - 2026-03-16T13:54:05.930Z - [Messenger] Message sent
[NX v22.5.4 Daemon Server] - 2026-03-16T13:54:05.930Z - Received raw message of length 89
[NX v22.5.4 Daemon Server] - 2026-03-16T13:54:05.930Z - Received json message of type GET_ESTIMATED_TASK_TIMINGS
[NX v22.5.4 Daemon Server] - 2026-03-16T13:54:05.931Z - Serializing response for GET_ESTIMATED_TASK_TIMINGS message in json mode
[NX v22.5.4 Daemon Server] - 2026-03-16T13:54:05.931Z - Responding to GET_ESTIMATED_TASK_TIMINGS message
[NX v22.5.4 Daemon Server] - 2026-03-16T13:54:05.931Z - [REQUEST]: Responding to the client. handleGetEstimatedTaskTimings
[NX v22.5.4 Daemon Server] - 2026-03-16T13:54:05.931Z - Done responding to the client handleGetEstimatedTaskTimings
[NX v22.5.4 Daemon Server] - 2026-03-16T13:54:05.931Z - Handled json message GET_ESTIMATED_TASK_TIMINGS. Handling time: 0. Response time: 0.
[NX v22.5.4 Daemon Client] - 2026-03-16T13:54:05.931Z - [Messenger] Received message, length: 2
[NX v22.5.4 Daemon Client] - 2026-03-16T13:54:13.364Z - [Messenger] Sending message type: RECORD_OUTPUTS_HASH
[NX v22.5.4 Daemon Client] - 2026-03-16T13:54:13.364Z - [Messenger] Message sent
[NX v22.5.4 Daemon Server] - 2026-03-16T13:54:13.364Z - Received raw message of length 81
[NX v22.5.4 Daemon Server] - 2026-03-16T13:54:13.365Z - Received json message of type RECORD_OUTPUTS_HASH
[NX v22.5.4 Daemon Server] - 2026-03-16T13:54:13.365Z - Serializing response for RECORD_OUTPUTS_HASH message in json mode
[NX v22.5.4 Daemon Server] - 2026-03-16T13:54:13.365Z - Responding to RECORD_OUTPUTS_HASH message
[NX v22.5.4 Daemon Server] - 2026-03-16T13:54:13.365Z - [REQUEST]: Responding to the client. recordOutputsHash
[NX v22.5.4 Daemon Server] - 2026-03-16T13:54:13.365Z - Done responding to the client recordOutputsHash
[NX v22.5.4 Daemon Server] - 2026-03-16T13:54:13.365Z - Handled json message RECORD_OUTPUTS_HASH. Handling time: 0. Response time: 0.
[NX v22.5.4 Daemon Client] - 2026-03-16T13:54:13.365Z - [Messenger] Received message, length: 2
[NX v22.5.4 Daemon Client] - 2026-03-16T13:54:13.366Z - [Messenger] Sending message type: RECORD_TASK_RUNS
[NX v22.5.4 Daemon Client] - 2026-03-16T13:54:13.366Z - [Messenger] Message sent
[NX v22.5.4 Daemon Server] - 2026-03-16T13:54:13.366Z - Received raw message of length 207
[NX v22.5.4 Daemon Server] - 2026-03-16T13:54:13.366Z - Received json message of type RECORD_TASK_RUNS
[NX v22.5.4 Daemon Server] - 2026-03-16T13:54:13.366Z - Serializing response for RECORD_TASK_RUNS message in json mode
[NX v22.5.4 Daemon Server] - 2026-03-16T13:54:13.366Z - Responding to RECORD_TASK_RUNS message
[NX v22.5.4 Daemon Server] - 2026-03-16T13:54:13.366Z - [REQUEST]: Responding to the client. handleRecordTaskRuns
[NX v22.5.4 Daemon Server] - 2026-03-16T13:54:13.366Z - Done responding to the client handleRecordTaskRuns
[NX v22.5.4 Daemon Server] - 2026-03-16T13:54:13.366Z - Handled json message RECORD_TASK_RUNS. Handling time: 0. Response time: 0.
[NX v22.5.4 Daemon Client] - 2026-03-16T13:54:13.366Z - [Messenger] Received message, length: 4
[NX v22.5.4 Daemon Client] - 2026-03-16T13:54:13.366Z - [Messenger] Sending message type: GET_FLAKY_TASKS
[NX v22.5.4 Daemon Client] - 2026-03-16T13:54:13.366Z - [Messenger] Message sent
[NX v22.5.4 Daemon Server] - 2026-03-16T13:54:13.366Z - Received raw message of length 59
[NX v22.5.4 Daemon Server] - 2026-03-16T13:54:13.366Z - Received json message of type GET_FLAKY_TASKS
[NX v22.5.4 Daemon Server] - 2026-03-16T13:54:13.366Z - Serializing response for GET_FLAKY_TASKS message in json mode
[NX v22.5.4 Daemon Server] - 2026-03-16T13:54:13.366Z - Responding to GET_FLAKY_TASKS message
[NX v22.5.4 Daemon Server] - 2026-03-16T13:54:13.366Z - [REQUEST]: Responding to the client. handleGetFlakyTasks
[NX v22.5.4 Daemon Server] - 2026-03-16T13:54:13.366Z - Done responding to the client handleGetFlakyTasks
[NX v22.5.4 Daemon Server] - 2026-03-16T13:54:13.366Z - Handled json message GET_FLAKY_TASKS. Handling time: 0. Response time: 0.
[NX v22.5.4 Daemon Client] - 2026-03-16T13:54:13.366Z - [Messenger] Received message, length: 2
[NX v22.5.4 Daemon Client] - 2026-03-16T13:54:13.367Z - [Messenger] Sending message type: POST_TASKS_EXECUTION
[NX v22.5.4 Daemon Client] - 2026-03-16T13:54:13.368Z - [Messenger] Message sent
[NX v22.5.4 Daemon Server] - 2026-03-16T13:54:13.368Z - Received raw message of length 9961
[NX v22.5.4 Daemon Server] - 2026-03-16T13:54:13.368Z - Received json message of type POST_TASKS_EXECUTION
[NX v22.5.4 Daemon Server] - 2026-03-16T13:54:13.368Z - Serializing response for POST_TASKS_EXECUTION message in json mode
[NX v22.5.4 Daemon Server] - 2026-03-16T13:54:13.368Z - Responding to POST_TASKS_EXECUTION message
[NX v22.5.4 Daemon Server] - 2026-03-16T13:54:13.368Z - [REQUEST]: Responding to the client. handleRunPostTasksExecution
[NX v22.5.4 Daemon Server] - 2026-03-16T13:54:13.368Z - Done responding to the client handleRunPostTasksExecution
[NX v22.5.4 Daemon Server] - 2026-03-16T13:54:13.368Z - Handled json message POST_TASKS_EXECUTION. Handling time: 0. Response time: 0.
[NX v22.5.4 Daemon Client] - 2026-03-16T13:54:13.368Z - [Messenger] Received message, length: 4
[NX v22.5.4 Daemon Server] - 2026-03-16T13:54:13.368Z - Time taken for 'postTasksExecution' 0.14787500000238651ms
[NX v22.5.4 Daemon Server] - 2026-03-16T13:54:13.373Z - Closed a connection. Number of open connections: 0
[NX v22.5.4 Daemon Server] - 2026-03-16T13:54:17.357Z - Established a connection. Number of open connections: 1
[NX v22.5.4 Daemon Server] - 2026-03-16T13:54:17.358Z - Closed a connection. Number of open connections: 0
[NX v22.5.4 Daemon Server] - 2026-03-16T13:54:17.358Z - Established a connection. Number of open connections: 1
[NX v22.5.4 Daemon Server] - 2026-03-16T13:54:17.358Z - Closed a connection. Number of open connections: 0
[NX v22.5.4 Daemon Server] - 2026-03-16T13:54:17.358Z - Established a connection. Number of open connections: 1
[NX v22.5.4 Daemon Client] - 2026-03-16T13:54:17.358Z - [Messenger] Setting up socket listeners
[NX v22.5.4 Daemon Client] - 2026-03-16T13:54:17.359Z - [Messenger] listen() complete
[NX v22.5.4 Daemon Client] - 2026-03-16T13:54:17.359Z - [Messenger] Sending message type: GET_NX_CONSOLE_STATUS
[NX v22.5.4 Daemon Client] - 2026-03-16T13:54:17.359Z - [Messenger] Message sent
[NX v22.5.4 Daemon Server] - 2026-03-16T13:54:17.366Z - Received raw message of length 32
[NX v22.5.4 Daemon Server] - 2026-03-16T13:54:17.366Z - Received json message of type GET_NX_CONSOLE_STATUS
[NX v22.5.4 Daemon Server] - 2026-03-16T13:54:17.366Z - Serializing response for GET_NX_CONSOLE_STATUS message in json mode
[NX v22.5.4 Daemon Server] - 2026-03-16T13:54:17.366Z - Responding to GET_NX_CONSOLE_STATUS message
[NX v22.5.4 Daemon Server] - 2026-03-16T13:54:17.366Z - [REQUEST]: Responding to the client. handleGetNxConsoleStatus
[NX v22.5.4 Daemon Server] - 2026-03-16T13:54:17.366Z - Done responding to the client handleGetNxConsoleStatus
[NX v22.5.4 Daemon Server] - 2026-03-16T13:54:17.366Z - Handled json message GET_NX_CONSOLE_STATUS. Handling time: 0. Response time: 0.
[NX v22.5.4 Daemon Client] - 2026-03-16T13:54:17.366Z - [Messenger] Received message, length: 22
[NX v22.5.4 Daemon Client] - 2026-03-16T13:54:17.381Z - [Messenger] Sending message type: REQUEST_PROJECT_GRAPH
[NX v22.5.4 Daemon Client] - 2026-03-16T13:54:17.381Z - [Messenger] Message sent
[NX v22.5.4 Daemon Server] - 2026-03-16T13:54:17.381Z - Received raw message of length 32
[NX v22.5.4 Daemon Server] - 2026-03-16T13:54:17.381Z - Received json message of type REQUEST_PROJECT_GRAPH
[NX v22.5.4 Daemon Server] - 2026-03-16T13:54:17.381Z - [REQUEST]: Client Request for Project Graph Received
[NX v22.5.4 Daemon Server] - 2026-03-16T13:54:17.381Z - Reusing in-memory cached project graph because no files changed.
[NX v22.5.4 Daemon Server] - 2026-03-16T13:54:17.381Z - Serializing response for REQUEST_PROJECT_GRAPH message in json mode
[NX v22.5.4 Daemon Server] - 2026-03-16T13:54:17.381Z - Responding to REQUEST_PROJECT_GRAPH message
[NX v22.5.4 Daemon Server] - 2026-03-16T13:54:17.381Z - [REQUEST]: Responding to the client. project-graph
[NX v22.5.4 Daemon Server] - 2026-03-16T13:54:17.382Z - Time taken for 'total for creating and serializing project graph' 0.1358749999999418ms
[NX v22.5.4 Daemon Server] - 2026-03-16T13:54:17.385Z - Done responding to the client project-graph
[NX v22.5.4 Daemon Server] - 2026-03-16T13:54:17.385Z - Handled json message REQUEST_PROJECT_GRAPH. Handling time: 0. Response time: 4.
[NX v22.5.4 Daemon Client] - 2026-03-16T13:54:17.385Z - [Messenger] Received message, length: 1120231
[NX v22.5.4 Daemon Client] - 2026-03-16T13:54:17.388Z - [Messenger] Sending message type: PRE_TASKS_EXECUTION
[NX v22.5.4 Daemon Client] - 2026-03-16T13:54:17.388Z - [Messenger] Message sent
[NX v22.5.4 Daemon Server] - 2026-03-16T13:54:17.388Z - Received raw message of length 677
[NX v22.5.4 Daemon Server] - 2026-03-16T13:54:17.388Z - Received json message of type PRE_TASKS_EXECUTION
[NX v22.5.4 Daemon Server] - 2026-03-16T13:54:17.388Z - Serializing response for PRE_TASKS_EXECUTION message in json mode
[NX v22.5.4 Daemon Server] - 2026-03-16T13:54:17.388Z - Responding to PRE_TASKS_EXECUTION message
[NX v22.5.4 Daemon Server] - 2026-03-16T13:54:17.388Z - [REQUEST]: Responding to the client. handleRunPreTasksExecution
[NX v22.5.4 Daemon Server] - 2026-03-16T13:54:17.388Z - Done responding to the client handleRunPreTasksExecution
[NX v22.5.4 Daemon Server] - 2026-03-16T13:54:17.388Z - Handled json message PRE_TASKS_EXECUTION. Handling time: 0. Response time: 0.
[NX v22.5.4 Daemon Server] - 2026-03-16T13:54:17.388Z - Time taken for 'preTasksExecution' 0.0801659999997355ms
[NX v22.5.4 Daemon Client] - 2026-03-16T13:54:17.388Z - [Messenger] Received message, length: 2
[NX v22.5.4 Daemon Client] - 2026-03-16T13:54:17.412Z - [Messenger] Sending message type: HASH_TASKS
[NX v22.5.4 Daemon Client] - 2026-03-16T13:54:17.412Z - [Messenger] Message sent
[NX v22.5.4 Daemon Server] - 2026-03-16T13:54:17.412Z - Received raw message of length 5839
[NX v22.5.4 Daemon Server] - 2026-03-16T13:54:17.412Z - Received json message of type HASH_TASKS
[NX v22.5.4 Daemon Server] - 2026-03-16T13:54:17.412Z - Reusing in-memory cached project graph because no files changed.
DEBUG nx::native::tasks::hash_planner: get_plans_internal COMPLETED in 1.217833ms - processed 2 tasks (setup: 1.156125ms, parallel_planning: 61.5µs)
DEBUG nx::native::tasks::hashers::hash_workspace_files: Hashing workspace fileset with inputs: Adding "2189949021886064727" (".gitignore") to hash
DEBUG nx::native::tasks::hashers::hash_workspace_files: Hashing workspace fileset with inputs: Adding "13467211139819667633" ("nx.json") to hash
DEBUG nx::native::tasks::hashers::hash_workspace_files: Hashing workspace fileset with inputs: Hash Value: "10970448857502704134"
DEBUG nx::native::tasks::hashers::hash_workspace_files: Hashing workspace fileset with inputs: Adding "2189949021886064727" (".gitignore") to hash
DEBUG nx::native::tasks::hashers::hash_workspace_files: Hashing workspace fileset with inputs: Adding "13467211139819667633" ("nx.json") to hash
DEBUG nx::native::tasks::hashers::hash_workspace_files: Hashing workspace fileset with inputs: Hash Value: "10970448857502704134"
DEBUG nx::native::tasks::task_hasher: hash_plans COMPLETED in 1.374958ms - processed 2 plans (setup: 345.917µs, hashing: 1.028917ms, assembly: 95.167µs)
[NX v22.5.4 Daemon Server] - 2026-03-16T13:54:17.415Z - Serializing response for HASH_TASKS message in json mode
[NX v22.5.4 Daemon Server] - 2026-03-16T13:54:17.415Z - Responding to HASH_TASKS message
[NX v22.5.4 Daemon Server] - 2026-03-16T13:54:17.415Z - [REQUEST]: Responding to the client. handleHashTasks
[NX v22.5.4 Daemon Server] - 2026-03-16T13:54:17.416Z - Done responding to the client handleHashTasks
[NX v22.5.4 Daemon Server] - 2026-03-16T13:54:17.416Z - Handled json message HASH_TASKS. Handling time: 3. Response time: 1.
[NX v22.5.4 Daemon Client] - 2026-03-16T13:54:17.416Z - [Messenger] Received message, length: 33139
[NX v22.5.4 Daemon Client] - 2026-03-16T13:54:17.440Z - [Messenger] Sending message type: GET_ESTIMATED_TASK_TIMINGS
[NX v22.5.4 Daemon Client] - 2026-03-16T13:54:17.440Z - [Messenger] Message sent
[NX v22.5.4 Daemon Server] - 2026-03-16T13:54:17.440Z - Received raw message of length 134
[NX v22.5.4 Daemon Server] - 2026-03-16T13:54:17.440Z - Received json message of type GET_ESTIMATED_TASK_TIMINGS
[NX v22.5.4 Daemon Server] - 2026-03-16T13:54:17.441Z - Serializing response for GET_ESTIMATED_TASK_TIMINGS message in json mode
[NX v22.5.4 Daemon Server] - 2026-03-16T13:54:17.441Z - Responding to GET_ESTIMATED_TASK_TIMINGS message
[NX v22.5.4 Daemon Server] - 2026-03-16T13:54:17.441Z - [REQUEST]: Responding to the client. handleGetEstimatedTaskTimings
[NX v22.5.4 Daemon Server] - 2026-03-16T13:54:17.441Z - Done responding to the client handleGetEstimatedTaskTimings
[NX v22.5.4 Daemon Server] - 2026-03-16T13:54:17.441Z - Handled json message GET_ESTIMATED_TASK_TIMINGS. Handling time: 1. Response time: 0.
[NX v22.5.4 Daemon Client] - 2026-03-16T13:54:17.441Z - [Messenger] Received message, length: 77
[NX v22.5.4 Daemon Server] - 2026-03-16T13:54:17.691Z - [WATCHER]: Processing file changes in outputs
[NX v22.5.4 Daemon Client] - 2026-03-16T13:54:18.017Z - [Messenger] Sending message type: RECORD_OUTPUTS_HASH
[NX v22.5.4 Daemon Client] - 2026-03-16T13:54:18.017Z - [Messenger] Message sent
[NX v22.5.4 Daemon Server] - 2026-03-16T13:54:18.017Z - Received raw message of length 105
[NX v22.5.4 Daemon Server] - 2026-03-16T13:54:18.017Z - Received json message of type RECORD_OUTPUTS_HASH
[NX v22.5.4 Daemon Server] - 2026-03-16T13:54:18.020Z - Serializing response for RECORD_OUTPUTS_HASH message in json mode
[NX v22.5.4 Daemon Server] - 2026-03-16T13:54:18.020Z - Responding to RECORD_OUTPUTS_HASH message
[NX v22.5.4 Daemon Server] - 2026-03-16T13:54:18.020Z - [REQUEST]: Responding to the client. recordOutputsHash
[NX v22.5.4 Daemon Server] - 2026-03-16T13:54:18.020Z - Done responding to the client recordOutputsHash
[NX v22.5.4 Daemon Server] - 2026-03-16T13:54:18.020Z - Handled json message RECORD_OUTPUTS_HASH. Handling time: 3. Response time: 0.
[NX v22.5.4 Daemon Client] - 2026-03-16T13:54:18.020Z - [Messenger] Received message, length: 2
[NX v22.5.4 Daemon Server] - 2026-03-16T13:54:18.057Z - [WATCHER]: Processing file changes in outputs
[NX v22.5.4 Daemon Server] - 2026-03-16T13:54:19.638Z - [WATCHER]: Processing file changes in outputs
[NX v22.5.4 Daemon Server] - 2026-03-16T13:54:19.693Z - [WATCHER]: Processing file changes in outputs
[NX v22.5.4 Daemon Server] - 2026-03-16T13:54:19.745Z - [WATCHER]: Processing file changes in outputs
[NX v22.5.4 Daemon Server] - 2026-03-16T13:54:19.797Z - [WATCHER]: Processing file changes in outputs
[NX v22.5.4 Daemon Client] - 2026-03-16T13:54:19.882Z - [Messenger] Sending message type: RECORD_OUTPUTS_HASH
[NX v22.5.4 Daemon Client] - 2026-03-16T13:54:19.882Z - [Messenger] Message sent
[NX v22.5.4 Daemon Server] - 2026-03-16T13:54:19.882Z - Received raw message of length 152
[NX v22.5.4 Daemon Server] - 2026-03-16T13:54:19.882Z - Received json message of type RECORD_OUTPUTS_HASH
[NX v22.5.4 Daemon Server] - 2026-03-16T13:54:19.882Z - Serializing response for RECORD_OUTPUTS_HASH message in json mode
[NX v22.5.4 Daemon Server] - 2026-03-16T13:54:19.882Z - Responding to RECORD_OUTPUTS_HASH message
[NX v22.5.4 Daemon Server] - 2026-03-16T13:54:19.882Z - [REQUEST]: Responding to the client. recordOutputsHash
[NX v22.5.4 Daemon Server] - 2026-03-16T13:54:19.882Z - Done responding to the client recordOutputsHash
[NX v22.5.4 Daemon Server] - 2026-03-16T13:54:19.882Z - Handled json message RECORD_OUTPUTS_HASH. Handling time: 0. Response time: 0.
[NX v22.5.4 Daemon Client] - 2026-03-16T13:54:19.882Z - [Messenger] Received message, length: 2
[NX v22.5.4 Daemon Client] - 2026-03-16T13:54:19.883Z - [Messenger] Sending message type: RECORD_TASK_RUNS
[NX v22.5.4 Daemon Server] - 2026-03-16T13:54:19.883Z - Received raw message of length 382
[NX v22.5.4 Daemon Client] - 2026-03-16T13:54:19.883Z - [Messenger] Message sent
[NX v22.5.4 Daemon Server] - 2026-03-16T13:54:19.883Z - Received json message of type RECORD_TASK_RUNS
[NX v22.5.4 Daemon Server] - 2026-03-16T13:54:19.883Z - Serializing response for RECORD_TASK_RUNS message in json mode
[NX v22.5.4 Daemon Server] - 2026-03-16T13:54:19.883Z - Responding to RECORD_TASK_RUNS message
[NX v22.5.4 Daemon Server] - 2026-03-16T13:54:19.883Z - [REQUEST]: Responding to the client. handleRecordTaskRuns
[NX v22.5.4 Daemon Server] - 2026-03-16T13:54:19.883Z - Done responding to the client handleRecordTaskRuns
[NX v22.5.4 Daemon Server] - 2026-03-16T13:54:19.883Z - Handled json message RECORD_TASK_RUNS. Handling time: 0. Response time: 0.
[NX v22.5.4 Daemon Client] - 2026-03-16T13:54:19.883Z - [Messenger] Received message, length: 4
[NX v22.5.4 Daemon Client] - 2026-03-16T13:54:19.884Z - [Messenger] Sending message type: POST_TASKS_EXECUTION
[NX v22.5.4 Daemon Client] - 2026-03-16T13:54:19.884Z - [Messenger] Message sent
[NX v22.5.4 Daemon Server] - 2026-03-16T13:54:19.884Z - Received raw message of length 10039
[NX v22.5.4 Daemon Server] - 2026-03-16T13:54:19.884Z - Received json message of type POST_TASKS_EXECUTION
[NX v22.5.4 Daemon Server] - 2026-03-16T13:54:19.884Z - Serializing response for POST_TASKS_EXECUTION message in json mode
[NX v22.5.4 Daemon Server] - 2026-03-16T13:54:19.884Z - Responding to POST_TASKS_EXECUTION message
[NX v22.5.4 Daemon Server] - 2026-03-16T13:54:19.884Z - [REQUEST]: Responding to the client. handleRunPostTasksExecution
[NX v22.5.4 Daemon Server] - 2026-03-16T13:54:19.884Z - Done responding to the client handleRunPostTasksExecution
[NX v22.5.4 Daemon Server] - 2026-03-16T13:54:19.884Z - Handled json message POST_TASKS_EXECUTION. Handling time: 0. Response time: 0.
[NX v22.5.4 Daemon Client] - 2026-03-16T13:54:19.884Z - [Messenger] Received message, length: 4
[NX v22.5.4 Daemon Server] - 2026-03-16T13:54:19.884Z - Time taken for 'postTasksExecution' 0.06991600000037579ms
[NX v22.5.4 Daemon Server] - 2026-03-16T13:54:19.888Z - Closed a connection. Number of open connections: 0
[NX v22.5.4 Daemon Server] - 2026-03-16T13:54:19.930Z - [WATCHER]: Processing file changes in outputs
[NX v22.5.4 Daemon Server] - 2026-03-16T13:54:53.848Z - [WATCHER]: Processing file changes in outputs
[NX v22.5.4 Daemon Server] - 2026-03-16T13:54:53.902Z - [WATCHER]: Processing file changes in outputs
[NX v22.5.4 Daemon Server] - 2026-03-16T13:54:53.956Z - [WATCHER]: Processing file changes in outputs
[NX v22.5.4 Daemon Server] - 2026-03-16T13:54:54.008Z - [WATCHER]: Processing file changes in outputs
[NX v22.5.4 Daemon Server] - 2026-03-16T13:55:05.272Z - [WATCHER]: Processing file changes in outputs
[NX v22.5.4 Daemon Server] - 2026-03-16T13:55:05.329Z - [WATCHER]: Processing file changes in outputs
[NX v22.5.4 Daemon Server] - 2026-03-16T13:55:05.382Z - [WATCHER]: Processing file changes in outputs
[NX v22.5.4 Daemon Server] - 2026-03-16T13:55:07.162Z - [WATCHER]: 0 file(s) created or restored, 0 file(s) modified, 0 file(s) deleted
[NX v22.5.4 Daemon Server] - 2026-03-16T13:55:07.163Z - [WATCHER]: Processing file changes in outputs
[NX v22.5.4 Daemon Server] - 2026-03-16T13:55:07.213Z - [WATCHER]: 0 file(s) created or restored, 0 file(s) modified, 0 file(s) deleted
[NX v22.5.4 Daemon Server] - 2026-03-16T13:55:07.215Z - [WATCHER]: Processing file changes in outputs
[NX v22.5.4 Daemon Server] - 2026-03-16T13:55:07.264Z - [WATCHER]: 0 file(s) created or restored, 0 file(s) modified, 0 file(s) deleted
[NX v22.5.4 Daemon Server] - 2026-03-16T13:55:07.265Z - [REQUEST]: Updated workspace context based on watched changes, recomputing project graph...
[NX v22.5.4 Daemon Server] - 2026-03-16T13:55:07.265Z - [REQUEST]: 
[NX v22.5.4 Daemon Server] - 2026-03-16T13:55:07.265Z - [REQUEST]: 
[NX v22.5.4 Daemon Server] - 2026-03-16T13:55:07.271Z - [WATCHER]: Processing file changes in outputs
[NX v22.5.4 Daemon Server] - 2026-03-16T13:55:07.272Z - Time taken for 'hash changed files from watcher' 0.4229579999955604ms
Time for 'plugin worker 54780 code loading' 3.4347090000000016
Time for 'plugin worker 54779 code loading' 3.2786669999999987
Time for 'plugin worker 54777 code loading' 3.5253750000000004
[NX v22.5.4 Daemon Server] - 2026-03-16T13:55:07.292Z - Time taken for 'start-plugin-worker:nx/core/package-json' 22.267041999992216ms
Time for 'plugin worker 54778 code loading' 3.39475
Time for 'plugin worker 54781 code loading' 3.180834000000001
Time for 'plugin worker 54782 code loading' 3.0936249999999994
[NX v22.5.4 Daemon Server] - 2026-03-16T13:55:07.300Z - Time taken for 'start-plugin-worker:@nx/eslint/plugin' 33.68549999999232ms
[NX v22.5.4 Daemon Server] - 2026-03-16T13:55:07.303Z - Time taken for 'start-plugin-worker:nx/core/project-json' 32.05945899999642ms
Time for 'nx/core/package-json:createNodes' 2.6234170000000034
Time for 'nx/js/dependencies-and-lockfile:createNodes' 3.2906250000000057
[NX v22.5.4 Daemon Server] - 2026-03-16T13:55:07.400Z - Established a connection. Number of open connections: 1
[NX v22.5.4 Daemon Server] - 2026-03-16T13:55:07.400Z - Closed a connection. Number of open connections: 0
[NX v22.5.4 Daemon Server] - 2026-03-16T13:55:07.400Z - Established a connection. Number of open connections: 1
[NX v22.5.4 Daemon Client] - 2026-03-16T13:55:07.400Z - [Messenger] Setting up socket listeners
[NX v22.5.4 Daemon Client] - 2026-03-16T13:55:07.401Z - [Messenger] listen() complete
[NX v22.5.4 Daemon Client] - 2026-03-16T13:55:07.401Z - [Messenger] Sending message type: HASH_MULTI_GLOB
[NX v22.5.4 Daemon Client] - 2026-03-16T13:55:07.401Z - [Messenger] Message sent
Time for 'daemon-message-serialization-HASH_MULTI_GLOB' 0.09049999999999159
[NX v22.5.4 Daemon Server] - 2026-03-16T13:55:07.408Z - Received raw message of length 50
[NX v22.5.4 Daemon Server] - 2026-03-16T13:55:07.408Z - Received json message of type HASH_MULTI_GLOB
[NX v22.5.4 Daemon Server] - 2026-03-16T13:55:07.408Z - Serializing response for HASH_GLOB message in json mode
[NX v22.5.4 Daemon Server] - 2026-03-16T13:55:07.408Z - Responding to HASH_GLOB message
[NX v22.5.4 Daemon Server] - 2026-03-16T13:55:07.408Z - [REQUEST]: Responding to the client. handleHashMultiGlob
[NX v22.5.4 Daemon Server] - 2026-03-16T13:55:07.408Z - Done responding to the client handleHashMultiGlob
[NX v22.5.4 Daemon Server] - 2026-03-16T13:55:07.408Z - Handled json message HASH_GLOB. Handling time: 0. Response time: 0.
[NX v22.5.4 Daemon Client] - 2026-03-16T13:55:07.409Z - [Messenger] Received message, length: 23
[NX v22.5.4 Daemon Server] - 2026-03-16T13:55:07.412Z - Closed a connection. Number of open connections: 0
[NX v22.5.4 Daemon Server] - 2026-03-16T13:55:07.416Z - Established a connection. Number of open connections: 1
[NX v22.5.4 Daemon Server] - 2026-03-16T13:55:07.416Z - Closed a connection. Number of open connections: 0
[NX v22.5.4 Daemon Server] - 2026-03-16T13:55:07.416Z - Established a connection. Number of open connections: 1
[NX v22.5.4 Daemon Client] - 2026-03-16T13:55:07.416Z - [Messenger] Setting up socket listeners
[NX v22.5.4 Daemon Client] - 2026-03-16T13:55:07.417Z - [Messenger] listen() complete
[NX v22.5.4 Daemon Client] - 2026-03-16T13:55:07.417Z - [Messenger] Sending message type: GLOB
[NX v22.5.4 Daemon Client] - 2026-03-16T13:55:07.417Z - [Messenger] Message sent
Time for 'daemon-message-serialization-GLOB' 0.08208400000000893
[NX v22.5.4 Daemon Server] - 2026-03-16T13:55:07.423Z - Received raw message of length 73
[NX v22.5.4 Daemon Server] - 2026-03-16T13:55:07.423Z - Received json message of type GLOB
[NX v22.5.4 Daemon Server] - 2026-03-16T13:55:07.424Z - Serializing response for GLOB message in json mode
[NX v22.5.4 Daemon Server] - 2026-03-16T13:55:07.424Z - Responding to GLOB message
[NX v22.5.4 Daemon Server] - 2026-03-16T13:55:07.424Z - [REQUEST]: Responding to the client. handleGlob
[NX v22.5.4 Daemon Server] - 2026-03-16T13:55:07.425Z - Done responding to the client handleGlob
[NX v22.5.4 Daemon Client] - 2026-03-16T13:55:07.425Z - [Messenger] Received message, length: 30943
[NX v22.5.4 Daemon Server] - 2026-03-16T13:55:07.425Z - Handled json message GLOB. Handling time: 1. Response time: 1.
[NX v22.5.4 Daemon Client] - 2026-03-16T13:55:07.426Z - [Messenger] Sending message type: HASH_MULTI_GLOB
[NX v22.5.4 Daemon Client] - 2026-03-16T13:55:07.426Z - [Messenger] Message sent
[NX v22.5.4 Daemon Server] - 2026-03-16T13:55:07.426Z - Received raw message of length 349
[NX v22.5.4 Daemon Server] - 2026-03-16T13:55:07.426Z - Received json message of type HASH_MULTI_GLOB
[NX v22.5.4 Daemon Server] - 2026-03-16T13:55:07.427Z - Serializing response for HASH_GLOB message in json mode
[NX v22.5.4 Daemon Server] - 2026-03-16T13:55:07.427Z - Responding to HASH_GLOB message
[NX v22.5.4 Daemon Server] - 2026-03-16T13:55:07.427Z - [REQUEST]: Responding to the client. handleHashMultiGlob
[NX v22.5.4 Daemon Server] - 2026-03-16T13:55:07.427Z - Done responding to the client handleHashMultiGlob
[NX v22.5.4 Daemon Server] - 2026-03-16T13:55:07.427Z - Handled json message HASH_GLOB. Handling time: 1. Response time: 0.
Time for 'GLOB round trip' 8.103250000000003
Time for 'deserialize daemon response - GLOB' 0.09720800000002328
Time for 'daemon-message-serialization-HASH_MULTI_GLOB' 0.014541999999977406
[NX v22.5.4 Daemon Client] - 2026-03-16T13:55:07.427Z - [Messenger] Received message, length: 112
[NX v22.5.4 Daemon Server] - 2026-03-16T13:55:07.481Z - Time taken for 'build-project-configs' 209.53512499999488ms
[NX v22.5.4 Daemon Server] - 2026-03-16T13:55:07.484Z - Closed a connection. Number of open connections: 0
Time for 'build typescript dependencies' 0.09762499999999363
[NX v22.5.4 Daemon Server] - 2026-03-16T13:55:07.493Z - [SYNC]: collect registered sync generators
[NX v22.5.4 Daemon Server] - 2026-03-16T13:55:07.493Z - [SYNC]: project graph hash is the same, not collecting task sync generators
[NX v22.5.4 Daemon Server] - 2026-03-16T13:55:07.493Z - [SYNC]: nx.json hash is the same, not collecting global sync generators
[NX v22.5.4 Daemon Server] - 2026-03-16T13:55:07.493Z - Time taken for 'total execution time for createProjectGraph()' 15.45158399999491ms
[NX v22.5.4 Daemon Server] - 2026-03-16T13:55:10.477Z - [WATCHER]: 0 file(s) created or restored, 0 file(s) modified, 77 file(s) deleted
[NX v22.5.4 Daemon Server] - 2026-03-16T13:55:10.478Z - [SYNC]: clearing sync generators cache due to file changes
[NX v22.5.4 Daemon Server] - 2026-03-16T13:55:10.478Z - [WATCHER]: Processing file changes in outputs
[NX v22.5.4 Daemon Server] - 2026-03-16T13:55:10.530Z - [WATCHER]: 0 file(s) created or restored, 0 file(s) modified, 19 file(s) deleted
[NX v22.5.4 Daemon Server] - 2026-03-16T13:55:10.530Z - [SYNC]: clearing sync generators cache due to file changes
[NX v22.5.4 Daemon Server] - 2026-03-16T13:55:10.530Z - [WATCHER]: Processing file changes in outputs
[NX v22.5.4 Daemon Server] - 2026-03-16T13:55:10.680Z - [REQUEST]: Updated workspace context based on watched changes, recomputing project graph...
[NX v22.5.4 Daemon Server] - 2026-03-16T13:55:10.680Z - [REQUEST]: 
[NX v22.5.4 Daemon Server] - 2026-03-16T13:55:10.680Z - [REQUEST]: functions/lib/functions/src/profile-webhook-api/test-utils,functions/lib/functions/src/test-utils,functions/lib/functions/src/members-api/types,functions/lib/functions/src/admin-messages-api/schemas,functions/lib/functions/src/admin-unclaimed-profiles-api/types,functions/lib/functions/src/profiles-api/services/profile-store,functions/lib/functions/src/profile-webhook-api/routes,functions/lib/functions/src/profiles-api/services/imagekit,functions/lib/functions/src/admin-members-api/test-utils,functions/lib/functions/src/members-api,functions/lib/functions/src/stripe-webhook-api/schemas,functions/lib/functions/src/stripe-webhook-api/routes,functions/lib/functions/src/admin-members-api/types,functions/lib/functions/src/constants,functions/lib/functions/src/profiles-api,functions/lib/functions/src/stripe-webhook-api/types,functions/lib/functions/src/profiles-api/types,functions/lib/functions/src/shared-api/services/email,functions/lib/functions/src/profiles-api/services/firestore,functions/lib/functions/src/shared-api/errors,functions/lib/functions/src/admin-members-api/plugins,functions/lib/functions/src/shared-api,functions/lib/functions/src/stripe-webhook-api/services,functions/lib/functions/src/admin-unclaimed-profiles-api/routes,functions/lib/functions/src/admin-unclaimed-profiles-api,functions/lib/functions/src/admin-members-api/services,functions/lib/functions/src/admin-unclaimed-profiles-api/test-utils,functions/lib/functions/src/profiles-api/services/auth-update,functions/lib/libs,functions/lib/functions/src/admin-members-api,functions/lib/functions/src/members-api/test-utils,functions/lib/functions/src/members-api/services/member,functions/lib/functions/src/admin-messages-api/routes,functions/lib/functions/src/profile-webhook-api/plugins,functions/lib/functions/src/profiles-api/utils,functions/lib/functions/src/admin-messages-api,functions/lib/functions/src/members-api/schemas,functions/lib/functions/src/members-api/services/verify-email,functions/lib/functions/src/members-api/plugins,functions/lib/functions/src/admin-unclaimed-profiles-api/services,functions/lib/functions/src/profiles-api/services/member,functions/lib/functions/src/profiles-api/services,functions/lib/functions/src/admin-unclaimed-profiles-api/schemas,functions/lib/functions/src/admin-members-api/schemas,functions/lib/functions/src/shared-api/types,functions/lib/functions/src/members-api/routes,functions/lib/functions/src/stripe-webhook-api/plugins,functions/lib/functions/src/profiles-api/routes,functions/lib/functions/src/profile-webhook-api/types,functions/lib/functions/src/scripts,functions/lib/functions/src/profiles-api/test-utils,functions/lib/libs/shared/types/src,functions/lib/functions/src/types,functions/lib/functions/src/shared-api/services/auth,functions/lib/functions/src/admin-messages-api/services,functions/lib/functions/src/profiles-api/plugins,functions/lib/functions/src/shared-api/utils,functions/lib/functions/src/stripe-webhook-api/utils,functions/lib/functions/src/profile-webhook-api/services,functions/lib/functions/src/stripe-webhook-api,functions/lib/functions/src/profiles-api/schemas,functions/lib/functions/src/admin-unclaimed-profiles-api/plugins,functions/lib/functions/src/admin-messages-api/types,functions/lib/functions/src/members-api/services/newsletter,functions/lib/functions/src/profile-webhook-api,functions/lib/libs/shared/types/src/lib,functions/lib/functions/src/shared-api/services/member-firestore,functions/lib/functions/src/admin-messages-api/test-utils,functions/lib/libs/shared,functions/lib/libs/shared/types,functions/lib/functions/src/stripe-webhook-api/test-utils,functions/lib/functions/src/members-api/services,functions/lib/functions/src/admin-messages-api/plugins,functions/lib/functions/src/profile-webhook-api/schemas,functions/lib/functions/src/admin-members-api/routes,functions/lib/functions/src/forms-api/test-utils,functions/lib/functions/src/shared-api/services,functions/lib,functions/lib/functions/src/admin-match-requests-api/plugins,functions/lib/functions/src/admin-match-requests-api/test-utils,functions/lib/functions/src/forms-api/schemas,functions/lib/functions/src/forms-api/services/form-storage,functions/lib/functions/src/admin-match-requests-api/schemas,functions/lib/functions/src/forms-api/plugins,functions/lib/functions/src/admin-match-requests-api/routes,functions/lib/functions/src/collections,functions/lib/functions/src/admin-match-requests-api/types,functions/lib/functions/src/forms-api/routes,functions/lib/functions/src/forms-api/types,functions/lib/functions/src/forms-api/services/recaptcha,functions/lib/functions/src/forms-api/services,functions/lib/functions/src/admin-match-requests-api/services,functions/lib/functions/src/forms-api,functions/lib/functions/src/admin-match-requests-api,functions/lib/functions,functions/lib/functions/src
[NX v22.5.4 Daemon Server] - 2026-03-16T13:55:10.685Z - Time taken for 'hash changed files from watcher' 2.433415999999852ms
[NX v22.5.4 Daemon Server] - 2026-03-16T13:55:10.706Z - Time taken for 'start-plugin-worker:nx/js/dependencies-and-lockfile' 22.259833999996772ms
Time for 'plugin worker 54812 code loading' 3.2418329999999997
Time for 'plugin worker 54813 code loading' 3.518625
Time for 'plugin worker 54814 code loading' 3.148791000000001
Time for 'plugin worker 54811 code loading' 3.833375
Time for 'plugin worker 54810 code loading' 3.3969579999999997
Time for 'plugin worker 54815 code loading' 4.375209
[NX v22.5.4 Daemon Server] - 2026-03-16T13:55:10.716Z - Time taken for 'start-plugin-worker:@nx/eslint/plugin' 34.054332999992766ms
Time for 'nx/js/dependencies-and-lockfile:createNodes' 3.8379580000000004
[NX v22.5.4 Daemon Server] - 2026-03-16T13:55:10.827Z - Established a connection. Number of open connections: 1
[NX v22.5.4 Daemon Server] - 2026-03-16T13:55:10.827Z - Closed a connection. Number of open connections: 0
[NX v22.5.4 Daemon Server] - 2026-03-16T13:55:10.827Z - Established a connection. Number of open connections: 1
[NX v22.5.4 Daemon Client] - 2026-03-16T13:55:10.827Z - [Messenger] Setting up socket listeners
[NX v22.5.4 Daemon Client] - 2026-03-16T13:55:10.828Z - [Messenger] listen() complete
[NX v22.5.4 Daemon Client] - 2026-03-16T13:55:10.828Z - [Messenger] Sending message type: HASH_MULTI_GLOB
[NX v22.5.4 Daemon Client] - 2026-03-16T13:55:10.829Z - [Messenger] Message sent
Time for 'daemon-message-serialization-HASH_MULTI_GLOB' 0.13591700000000628
[NX v22.5.4 Daemon Server] - 2026-03-16T13:55:10.836Z - Received raw message of length 50
[NX v22.5.4 Daemon Server] - 2026-03-16T13:55:10.836Z - Received json message of type HASH_MULTI_GLOB
[NX v22.5.4 Daemon Server] - 2026-03-16T13:55:10.837Z - Serializing response for HASH_GLOB message in json mode
[NX v22.5.4 Daemon Server] - 2026-03-16T13:55:10.837Z - Responding to HASH_GLOB message
[NX v22.5.4 Daemon Server] - 2026-03-16T13:55:10.837Z - [REQUEST]: Responding to the client. handleHashMultiGlob
[NX v22.5.4 Daemon Server] - 2026-03-16T13:55:10.837Z - Done responding to the client handleHashMultiGlob
[NX v22.5.4 Daemon Server] - 2026-03-16T13:55:10.837Z - Handled json message HASH_GLOB. Handling time: 1. Response time: 0.
[NX v22.5.4 Daemon Client] - 2026-03-16T13:55:10.837Z - [Messenger] Received message, length: 23
[NX v22.5.4 Daemon Server] - 2026-03-16T13:55:10.841Z - Closed a connection. Number of open connections: 0
[NX v22.5.4 Daemon Server] - 2026-03-16T13:55:10.847Z - Established a connection. Number of open connections: 1
[NX v22.5.4 Daemon Server] - 2026-03-16T13:55:10.847Z - Closed a connection. Number of open connections: 0
[NX v22.5.4 Daemon Server] - 2026-03-16T13:55:10.847Z - Established a connection. Number of open connections: 1
[NX v22.5.4 Daemon Client] - 2026-03-16T13:55:10.848Z - [Messenger] Setting up socket listeners
[NX v22.5.4 Daemon Client] - 2026-03-16T13:55:10.848Z - [Messenger] listen() complete
[NX v22.5.4 Daemon Client] - 2026-03-16T13:55:10.848Z - [Messenger] Sending message type: GLOB
[NX v22.5.4 Daemon Client] - 2026-03-16T13:55:10.848Z - [Messenger] Message sent
Time for 'daemon-message-serialization-GLOB' 0.08600000000001273
[NX v22.5.4 Daemon Server] - 2026-03-16T13:55:10.855Z - Received raw message of length 73
[NX v22.5.4 Daemon Server] - 2026-03-16T13:55:10.855Z - Received json message of type GLOB
[NX v22.5.4 Daemon Server] - 2026-03-16T13:55:10.856Z - Serializing response for GLOB message in json mode
[NX v22.5.4 Daemon Server] - 2026-03-16T13:55:10.856Z - Responding to GLOB message
[NX v22.5.4 Daemon Server] - 2026-03-16T13:55:10.856Z - [REQUEST]: Responding to the client. handleGlob
[NX v22.5.4 Daemon Server] - 2026-03-16T13:55:10.856Z - Done responding to the client handleGlob
[NX v22.5.4 Daemon Server] - 2026-03-16T13:55:10.856Z - Handled json message GLOB. Handling time: 1. Response time: 0.
[NX v22.5.4 Daemon Client] - 2026-03-16T13:55:10.856Z - [Messenger] Received message, length: 30943
[NX v22.5.4 Daemon Client] - 2026-03-16T13:55:10.857Z - [Messenger] Sending message type: HASH_MULTI_GLOB
[NX v22.5.4 Daemon Client] - 2026-03-16T13:55:10.857Z - [Messenger] Message sent
[NX v22.5.4 Daemon Server] - 2026-03-16T13:55:10.857Z - Received raw message of length 349
[NX v22.5.4 Daemon Server] - 2026-03-16T13:55:10.857Z - Received json message of type HASH_MULTI_GLOB
[NX v22.5.4 Daemon Server] - 2026-03-16T13:55:10.858Z - Serializing response for HASH_GLOB message in json mode
[NX v22.5.4 Daemon Server] - 2026-03-16T13:55:10.858Z - Responding to HASH_GLOB message
[NX v22.5.4 Daemon Server] - 2026-03-16T13:55:10.858Z - [REQUEST]: Responding to the client. handleHashMultiGlob
[NX v22.5.4 Daemon Server] - 2026-03-16T13:55:10.858Z - Done responding to the client handleHashMultiGlob
[NX v22.5.4 Daemon Server] - 2026-03-16T13:55:10.858Z - Handled json message HASH_GLOB. Handling time: 1. Response time: 0.
Time for 'GLOB round trip' 8.374791000000016
Time for 'deserialize daemon response - GLOB' 0.09104099999998994
Time for 'daemon-message-serialization-HASH_MULTI_GLOB' 0.010499999999979082
[NX v22.5.4 Daemon Client] - 2026-03-16T13:55:10.858Z - [Messenger] Received message, length: 112
[NX v22.5.4 Daemon Server] - 2026-03-16T13:55:10.918Z - Time taken for 'build-project-configs' 231.79491699999198ms
[NX v22.5.4 Daemon Server] - 2026-03-16T13:55:10.922Z - Closed a connection. Number of open connections: 0
Time for 'build typescript dependencies' 0.12308299999997985
[NX v22.5.4 Daemon Server] - 2026-03-16T13:55:10.932Z - [SYNC]: collect registered sync generators
[NX v22.5.4 Daemon Server] - 2026-03-16T13:55:10.932Z - [SYNC]: project graph hash is the same, not collecting task sync generators
[NX v22.5.4 Daemon Server] - 2026-03-16T13:55:10.932Z - [SYNC]: nx.json hash is the same, not collecting global sync generators
[NX v22.5.4 Daemon Server] - 2026-03-16T13:55:10.933Z - Time taken for 'total execution time for createProjectGraph()' 16.425749999994878ms
[NX v22.5.4 Daemon Server] - 2026-03-16T13:55:12.259Z - [WATCHER]: 0 file(s) created or restored, 0 file(s) modified, 0 file(s) deleted
[NX v22.5.4 Daemon Server] - 2026-03-16T13:55:12.260Z - [WATCHER]: Processing file changes in outputs
[NX v22.5.4 Daemon Server] - 2026-03-16T13:55:12.312Z - [WATCHER]: 0 file(s) created or restored, 0 file(s) modified, 0 file(s) deleted
[NX v22.5.4 Daemon Server] - 2026-03-16T13:55:12.312Z - [WATCHER]: Processing file changes in outputs
[NX v22.5.4 Daemon Server] - 2026-03-16T13:55:12.365Z - [WATCHER]: Processing file changes in outputs
[NX v22.5.4 Daemon Server] - 2026-03-16T13:55:12.367Z - [WATCHER]: 0 file(s) created or restored, 0 file(s) modified, 0 file(s) deleted
[NX v22.5.4 Daemon Server] - 2026-03-16T13:55:12.419Z - [WATCHER]: Processing file changes in outputs
[NX v22.5.4 Daemon Server] - 2026-03-16T13:55:12.663Z - [REQUEST]: Updated workspace context based on watched changes, recomputing project graph...
[NX v22.5.4 Daemon Server] - 2026-03-16T13:55:12.663Z - [REQUEST]: 
[NX v22.5.4 Daemon Server] - 2026-03-16T13:55:12.663Z - [REQUEST]: 
[NX v22.5.4 Daemon Server] - 2026-03-16T13:55:12.747Z - Time taken for 'hash changed files from watcher' 1.1944169999915175ms
Time for 'plugin worker 54870 code loading' 4.5945
Time for 'plugin worker 54869 code loading' 4.614999999999998
Time for 'plugin worker 54868 code loading' 4.596708999999999
Time for 'plugin worker 54867 code loading' 4.612958000000001
[NX v22.5.4 Daemon Server] - 2026-03-16T13:55:12.779Z - Time taken for 'start-plugin-worker:nx/core/package-json' 32.834791999994195ms
Time for 'plugin worker 54872 code loading' 4.625624999999999
Time for 'plugin worker 54871 code loading' 4.6583749999999995
[NX v22.5.4 Daemon Server] - 2026-03-16T13:55:12.788Z - Time taken for 'start-plugin-worker:@nx/eslint/plugin' 45.15058300000965ms
Time for 'nx/core/package-json:createNodes' 2.0410420000000045
Time for 'nx/js/dependencies-and-lockfile:createNodes' 3.4200830000000053
[NX v22.5.4 Daemon Server] - 2026-03-16T13:55:12.887Z - Established a connection. Number of open connections: 1
[NX v22.5.4 Daemon Server] - 2026-03-16T13:55:12.887Z - Closed a connection. Number of open connections: 0
[NX v22.5.4 Daemon Server] - 2026-03-16T13:55:12.887Z - Established a connection. Number of open connections: 1
[NX v22.5.4 Daemon Client] - 2026-03-16T13:55:12.887Z - [Messenger] Setting up socket listeners
[NX v22.5.4 Daemon Client] - 2026-03-16T13:55:12.888Z - [Messenger] listen() complete
[NX v22.5.4 Daemon Client] - 2026-03-16T13:55:12.888Z - [Messenger] Sending message type: HASH_MULTI_GLOB
[NX v22.5.4 Daemon Client] - 2026-03-16T13:55:12.888Z - [Messenger] Message sent
Time for 'daemon-message-serialization-HASH_MULTI_GLOB' 0.09716699999998468
[NX v22.5.4 Daemon Server] - 2026-03-16T13:55:12.895Z - Received raw message of length 50
[NX v22.5.4 Daemon Server] - 2026-03-16T13:55:12.895Z - Received json message of type HASH_MULTI_GLOB
[NX v22.5.4 Daemon Server] - 2026-03-16T13:55:12.895Z - Serializing response for HASH_GLOB message in json mode
[NX v22.5.4 Daemon Server] - 2026-03-16T13:55:12.895Z - Responding to HASH_GLOB message
[NX v22.5.4 Daemon Server] - 2026-03-16T13:55:12.895Z - [REQUEST]: Responding to the client. handleHashMultiGlob
[NX v22.5.4 Daemon Server] - 2026-03-16T13:55:12.895Z - Done responding to the client handleHashMultiGlob
[NX v22.5.4 Daemon Server] - 2026-03-16T13:55:12.896Z - Handled json message HASH_GLOB. Handling time: 0. Response time: 1.
[NX v22.5.4 Daemon Client] - 2026-03-16T13:55:12.896Z - [Messenger] Received message, length: 23
[NX v22.5.4 Daemon Server] - 2026-03-16T13:55:12.899Z - Closed a connection. Number of open connections: 0
[NX v22.5.4 Daemon Server] - 2026-03-16T13:55:12.903Z - Established a connection. Number of open connections: 1
[NX v22.5.4 Daemon Server] - 2026-03-16T13:55:12.903Z - Closed a connection. Number of open connections: 0
[NX v22.5.4 Daemon Server] - 2026-03-16T13:55:12.903Z - Established a connection. Number of open connections: 1
[NX v22.5.4 Daemon Client] - 2026-03-16T13:55:12.903Z - [Messenger] Setting up socket listeners
[NX v22.5.4 Daemon Client] - 2026-03-16T13:55:12.903Z - [Messenger] listen() complete
[NX v22.5.4 Daemon Client] - 2026-03-16T13:55:12.904Z - [Messenger] Sending message type: GLOB
[NX v22.5.4 Daemon Client] - 2026-03-16T13:55:12.904Z - [Messenger] Message sent
Time for 'daemon-message-serialization-GLOB' 0.07895800000000008
[NX v22.5.4 Daemon Server] - 2026-03-16T13:55:12.910Z - Received raw message of length 73
[NX v22.5.4 Daemon Server] - 2026-03-16T13:55:12.910Z - Received json message of type GLOB
[NX v22.5.4 Daemon Server] - 2026-03-16T13:55:12.911Z - Serializing response for GLOB message in json mode
[NX v22.5.4 Daemon Server] - 2026-03-16T13:55:12.911Z - Responding to GLOB message
[NX v22.5.4 Daemon Server] - 2026-03-16T13:55:12.911Z - [REQUEST]: Responding to the client. handleGlob
[NX v22.5.4 Daemon Server] - 2026-03-16T13:55:12.911Z - Done responding to the client handleGlob
[NX v22.5.4 Daemon Server] - 2026-03-16T13:55:12.911Z - Handled json message GLOB. Handling time: 1. Response time: 0.
[NX v22.5.4 Daemon Client] - 2026-03-16T13:55:12.911Z - [Messenger] Received message, length: 30943
[NX v22.5.4 Daemon Client] - 2026-03-16T13:55:12.912Z - [Messenger] Sending message type: HASH_MULTI_GLOB
[NX v22.5.4 Daemon Client] - 2026-03-16T13:55:12.912Z - [Messenger] Message sent
[NX v22.5.4 Daemon Server] - 2026-03-16T13:55:12.912Z - Received raw message of length 349
[NX v22.5.4 Daemon Server] - 2026-03-16T13:55:12.912Z - Received json message of type HASH_MULTI_GLOB
[NX v22.5.4 Daemon Server] - 2026-03-16T13:55:12.913Z - Serializing response for HASH_GLOB message in json mode
[NX v22.5.4 Daemon Server] - 2026-03-16T13:55:12.913Z - Responding to HASH_GLOB message
[NX v22.5.4 Daemon Server] - 2026-03-16T13:55:12.913Z - [REQUEST]: Responding to the client. handleHashMultiGlob
[NX v22.5.4 Daemon Server] - 2026-03-16T13:55:12.913Z - Done responding to the client handleHashMultiGlob
[NX v22.5.4 Daemon Server] - 2026-03-16T13:55:12.913Z - Handled json message HASH_GLOB. Handling time: 1. Response time: 0.
Time for 'GLOB round trip' 7.94987500000002
Time for 'deserialize daemon response - GLOB' 0.09391600000000722
Time for 'daemon-message-serialization-HASH_MULTI_GLOB' 0.010333000000002812
[NX v22.5.4 Daemon Client] - 2026-03-16T13:55:12.913Z - [Messenger] Received message, length: 112
[NX v22.5.4 Daemon Server] - 2026-03-16T13:55:12.966Z - Time taken for 'build-project-configs' 219.81620799998927ms
[NX v22.5.4 Daemon Server] - 2026-03-16T13:55:12.969Z - Closed a connection. Number of open connections: 0
Time for 'build typescript dependencies' 0.11270799999999781
[NX v22.5.4 Daemon Server] - 2026-03-16T13:55:12.977Z - [SYNC]: collect registered sync generators
[NX v22.5.4 Daemon Server] - 2026-03-16T13:55:12.977Z - [SYNC]: project graph hash is the same, not collecting task sync generators
[NX v22.5.4 Daemon Server] - 2026-03-16T13:55:12.977Z - [SYNC]: nx.json hash is the same, not collecting global sync generators
[NX v22.5.4 Daemon Server] - 2026-03-16T13:55:12.977Z - Time taken for 'total execution time for createProjectGraph()' 13.56600000000617ms
[NX v22.5.4 Daemon Server] - 2026-03-16T13:55:15.287Z - [WATCHER]: 0 file(s) created or restored, 0 file(s) modified, 81 file(s) deleted
[NX v22.5.4 Daemon Server] - 2026-03-16T13:55:15.287Z - [SYNC]: clearing sync generators cache due to file changes
[NX v22.5.4 Daemon Server] - 2026-03-16T13:55:15.288Z - [WATCHER]: Processing file changes in outputs
[NX v22.5.4 Daemon Server] - 2026-03-16T13:55:15.339Z - [WATCHER]: 0 file(s) created or restored, 0 file(s) modified, 15 file(s) deleted
[NX v22.5.4 Daemon Server] - 2026-03-16T13:55:15.340Z - [SYNC]: clearing sync generators cache due to file changes
[NX v22.5.4 Daemon Server] - 2026-03-16T13:55:15.340Z - [WATCHER]: Processing file changes in outputs
[NX v22.5.4 Daemon Server] - 2026-03-16T13:55:16.090Z - [REQUEST]: Updated workspace context based on watched changes, recomputing project graph...
[NX v22.5.4 Daemon Server] - 2026-03-16T13:55:16.091Z - [REQUEST]: 
[NX v22.5.4 Daemon Server] - 2026-03-16T13:55:16.091Z - [REQUEST]: functions/lib/functions/src/shared-api/utils,functions/lib/functions/src/admin-messages-api/plugins,functions/lib/functions/src/profiles-api/types,functions/lib/functions/src/profiles-api/services/firestore,functions/lib/functions/src/members-api/routes,functions/lib/functions/src/stripe-webhook-api/utils,functions/lib/functions/src/profile-webhook-api/types,functions/lib/functions/src/admin-members-api/services,functions/lib/libs/shared/types/src,functions/lib/libs,functions/lib/functions/src/members-api/test-utils,functions/lib/functions/src/profile-webhook-api/services,functions/lib/functions/src/shared-api/types,functions/lib/functions/src/admin-messages-api,functions/lib/functions/src/profile-webhook-api/schemas,functions/lib/functions/src/members-api/schemas,functions/lib/functions/src/admin-messages-api/services,functions/lib/functions/src/shared-api,functions/lib/functions/src/shared-api/services/email,functions/lib/functions/src/admin-messages-api/types,functions/lib/functions/src/stripe-webhook-api/routes,functions/lib/functions/src/forms-api/types,functions/lib/functions/src/profiles-api/services/auth-update,functions/lib/functions/src/profile-webhook-api/routes,functions/lib/functions/src/admin-unclaimed-profiles-api/services,functions/lib/functions/src/test-utils,functions/lib/functions/src/members-api/services/member,functions/lib/functions/src/admin-unclaimed-profiles-api/plugins,functions/lib/functions/src/profiles-api/plugins,functions/lib/functions/src/members-api/services/verify-email,functions/lib/functions/src/profiles-api/services/member,functions/lib/functions/src/shared-api/services,functions/lib/functions/src/scripts,functions/lib/functions/src/forms-api/plugins,functions/lib/functions/src/profiles-api/services/imagekit,functions/lib/functions/src/members-api,functions/lib/functions/src/admin-members-api/test-utils,functions/lib/functions/src/members-api/services/newsletter,functions/lib/functions/src/admin-unclaimed-profiles-api,functions/lib/functions/src/shared-api/services/auth,functions/lib/functions/src/stripe-webhook-api,functions/lib/functions/src/members-api/services,functions/lib/functions/src/admin-unclaimed-profiles-api/schemas,functions/lib/functions/src/admin-members-api/routes,functions/lib/functions/src/admin-members-api,functions/lib/functions/src/shared-api/services/member-firestore,functions/lib/functions/src/admin-unclaimed-profiles-api/test-utils,functions/lib/functions/src/profiles-api/services/profile-store,functions/lib/functions/src/profiles-api/services,functions/lib/libs/shared/types,functions/lib/functions/src/profiles-api/schemas,functions/lib/functions/src/shared-api/errors,functions/lib/functions/src/constants,functions/lib/functions/src/admin-unclaimed-profiles-api/types,functions/lib/functions/src/stripe-webhook-api/plugins,functions/lib/functions/src/profiles-api/utils,functions/lib/functions/src/profiles-api,functions/lib/functions/src/admin-messages-api/test-utils,functions/lib/functions/src/forms-api/routes,functions/lib/functions/src/profile-webhook-api,functions/lib/functions/src/stripe-webhook-api/types,functions/lib/functions/src/forms-api/test-utils,functions/lib/functions/src/admin-messages-api/routes,functions/lib/libs/shared,functions/lib/functions/src/members-api/types,functions/lib/functions/src/members-api/plugins,functions/lib/functions/src/stripe-webhook-api/services,functions/lib/functions/src/forms-api/schemas,functions/lib/functions/src/admin-messages-api/schemas,functions/lib/functions/src/profiles-api/routes,functions/lib/functions/src/admin-members-api/plugins,functions/lib/functions/src/admin-members-api/schemas,functions/lib/functions/src/stripe-webhook-api/schemas,functions/lib/functions/src/profiles-api/test-utils,functions/lib/functions/src/stripe-webhook-api/test-utils,functions/lib/functions/src/admin-unclaimed-profiles-api/routes,functions/lib/functions/src/profile-webhook-api/test-utils,functions/lib/functions/src/profile-webhook-api/plugins,functions/lib/functions/src/admin-members-api/types,functions/lib/libs/shared/types/src/lib,functions/lib/functions/src/types,functions/lib/functions/src/admin-match-requests-api/schemas,functions/lib/functions/src/admin-match-requests-api,functions/lib/functions/src/admin-match-requests-api/services,functions/lib,functions/lib/functions,functions/lib/functions/src/admin-match-requests-api/test-utils,functions/lib/functions/src/forms-api/services,functions/lib/functions/src/forms-api/services/form-storage,functions/lib/functions/src/forms-api,functions/lib/functions/src,functions/lib/functions/src/admin-match-requests-api/routes,functions/lib/functions/src/admin-match-requests-api/plugins,functions/lib/functions/src/admin-match-requests-api/types,functions/lib/functions/src/forms-api/services/recaptcha,functions/lib/functions/src/collections
[NX v22.5.4 Daemon Server] - 2026-03-16T13:55:16.095Z - Time taken for 'hash changed files from watcher' 2.6414999999979045ms
Time for 'plugin worker 54967 code loading' 3.398249999999999
Time for 'plugin worker 54968 code loading' 3.308167000000001
Time for 'plugin worker 54964 code loading' 3.4387500000000006
Time for 'plugin worker 54966 code loading' 3.506417000000001
Time for 'plugin worker 54965 code loading' 3.114917
Time for 'plugin worker 54963 code loading' 3.569167
[NX v22.5.4 Daemon Server] - 2026-03-16T13:55:16.125Z - Time taken for 'start-plugin-worker:@nx/eslint/plugin' 32.824041999992914ms
[NX v22.5.4 Daemon Server] - 2026-03-16T13:55:16.126Z - Time taken for 'start-plugin-worker:nx/core/package-json' 32.20208299999649ms
Time for 'nx/core/package-json:createNodes' 2.268375000000006
Time for 'nx/js/dependencies-and-lockfile:createNodes' 3.6680000000000064
[NX v22.5.4 Daemon Server] - 2026-03-16T13:55:16.229Z - Established a connection. Number of open connections: 1
[NX v22.5.4 Daemon Server] - 2026-03-16T13:55:16.230Z - Closed a connection. Number of open connections: 0
[NX v22.5.4 Daemon Server] - 2026-03-16T13:55:16.230Z - Established a connection. Number of open connections: 1
[NX v22.5.4 Daemon Client] - 2026-03-16T13:55:16.230Z - [Messenger] Setting up socket listeners
[NX v22.5.4 Daemon Client] - 2026-03-16T13:55:16.230Z - [Messenger] listen() complete
[NX v22.5.4 Daemon Client] - 2026-03-16T13:55:16.230Z - [Messenger] Sending message type: HASH_MULTI_GLOB
[NX v22.5.4 Daemon Client] - 2026-03-16T13:55:16.231Z - [Messenger] Message sent
Time for 'daemon-message-serialization-HASH_MULTI_GLOB' 0.09637499999999477
[NX v22.5.4 Daemon Server] - 2026-03-16T13:55:16.237Z - Received raw message of length 50
[NX v22.5.4 Daemon Server] - 2026-03-16T13:55:16.237Z - Received json message of type HASH_MULTI_GLOB
[NX v22.5.4 Daemon Server] - 2026-03-16T13:55:16.238Z - Serializing response for HASH_GLOB message in json mode
[NX v22.5.4 Daemon Server] - 2026-03-16T13:55:16.238Z - Responding to HASH_GLOB message
[NX v22.5.4 Daemon Server] - 2026-03-16T13:55:16.238Z - [REQUEST]: Responding to the client. handleHashMultiGlob
[NX v22.5.4 Daemon Server] - 2026-03-16T13:55:16.238Z - Done responding to the client handleHashMultiGlob
[NX v22.5.4 Daemon Server] - 2026-03-16T13:55:16.238Z - Handled json message HASH_GLOB. Handling time: 1. Response time: 0.
[NX v22.5.4 Daemon Client] - 2026-03-16T13:55:16.238Z - [Messenger] Received message, length: 23
[NX v22.5.4 Daemon Server] - 2026-03-16T13:55:16.242Z - Closed a connection. Number of open connections: 0
[NX v22.5.4 Daemon Server] - 2026-03-16T13:55:16.247Z - Established a connection. Number of open connections: 1
[NX v22.5.4 Daemon Server] - 2026-03-16T13:55:16.247Z - Closed a connection. Number of open connections: 0
[NX v22.5.4 Daemon Server] - 2026-03-16T13:55:16.247Z - Established a connection. Number of open connections: 1
[NX v22.5.4 Daemon Client] - 2026-03-16T13:55:16.247Z - [Messenger] Setting up socket listeners
[NX v22.5.4 Daemon Client] - 2026-03-16T13:55:16.248Z - [Messenger] listen() complete
[NX v22.5.4 Daemon Client] - 2026-03-16T13:55:16.248Z - [Messenger] Sending message type: GLOB
[NX v22.5.4 Daemon Client] - 2026-03-16T13:55:16.248Z - [Messenger] Message sent
Time for 'daemon-message-serialization-GLOB' 0.0912919999999815
[NX v22.5.4 Daemon Server] - 2026-03-16T13:55:16.255Z - Received raw message of length 73
[NX v22.5.4 Daemon Server] - 2026-03-16T13:55:16.255Z - Received json message of type GLOB
[NX v22.5.4 Daemon Server] - 2026-03-16T13:55:16.256Z - Serializing response for GLOB message in json mode
[NX v22.5.4 Daemon Server] - 2026-03-16T13:55:16.256Z - Responding to GLOB message
[NX v22.5.4 Daemon Server] - 2026-03-16T13:55:16.256Z - [REQUEST]: Responding to the client. handleGlob
[NX v22.5.4 Daemon Server] - 2026-03-16T13:55:16.257Z - Done responding to the client handleGlob
[NX v22.5.4 Daemon Server] - 2026-03-16T13:55:16.257Z - Handled json message GLOB. Handling time: 1. Response time: 1.
[NX v22.5.4 Daemon Client] - 2026-03-16T13:55:16.257Z - [Messenger] Received message, length: 30943
[NX v22.5.4 Daemon Client] - 2026-03-16T13:55:16.258Z - [Messenger] Sending message type: HASH_MULTI_GLOB
[NX v22.5.4 Daemon Client] - 2026-03-16T13:55:16.258Z - [Messenger] Message sent
[NX v22.5.4 Daemon Server] - 2026-03-16T13:55:16.258Z - Received raw message of length 349
[NX v22.5.4 Daemon Server] - 2026-03-16T13:55:16.258Z - Received json message of type HASH_MULTI_GLOB
[NX v22.5.4 Daemon Server] - 2026-03-16T13:55:16.259Z - Serializing response for HASH_GLOB message in json mode
[NX v22.5.4 Daemon Server] - 2026-03-16T13:55:16.259Z - Responding to HASH_GLOB message
[NX v22.5.4 Daemon Server] - 2026-03-16T13:55:16.259Z - [REQUEST]: Responding to the client. handleHashMultiGlob
[NX v22.5.4 Daemon Server] - 2026-03-16T13:55:16.259Z - Done responding to the client handleHashMultiGlob
[NX v22.5.4 Daemon Server] - 2026-03-16T13:55:16.259Z - Handled json message HASH_GLOB. Handling time: 1. Response time: 0.
Time for 'GLOB round trip' 9.272500000000008
Time for 'deserialize daemon response - GLOB' 0.12412499999999227
Time for 'daemon-message-serialization-HASH_MULTI_GLOB' 0.016291999999992868
[NX v22.5.4 Daemon Client] - 2026-03-16T13:55:16.259Z - [Messenger] Received message, length: 112
[NX v22.5.4 Daemon Server] - 2026-03-16T13:55:16.316Z - Time taken for 'build-project-configs' 218.64291700000467ms
[NX v22.5.4 Daemon Server] - 2026-03-16T13:55:16.319Z - Closed a connection. Number of open connections: 0
Time for 'build typescript dependencies' 0.10941699999997923
[NX v22.5.4 Daemon Server] - 2026-03-16T13:55:16.328Z - [SYNC]: collect registered sync generators
[NX v22.5.4 Daemon Server] - 2026-03-16T13:55:16.328Z - [SYNC]: project graph hash is the same, not collecting task sync generators
[NX v22.5.4 Daemon Server] - 2026-03-16T13:55:16.328Z - [SYNC]: nx.json hash is the same, not collecting global sync generators
[NX v22.5.4 Daemon Server] - 2026-03-16T13:55:16.328Z - Time taken for 'total execution time for createProjectGraph()' 15.63833300000988ms
[NX v22.5.4 Daemon Server] - 2026-03-16T13:55:17.062Z - [WATCHER]: 0 file(s) created or restored, 0 file(s) modified, 0 file(s) deleted
[NX v22.5.4 Daemon Server] - 2026-03-16T13:55:17.062Z - [WATCHER]: Processing file changes in outputs
[NX v22.5.4 Daemon Server] - 2026-03-16T13:55:17.115Z - [WATCHER]: 0 file(s) created or restored, 0 file(s) modified, 0 file(s) deleted
[NX v22.5.4 Daemon Server] - 2026-03-16T13:55:17.115Z - [WATCHER]: Processing file changes in outputs
[NX v22.5.4 Daemon Server] - 2026-03-16T13:55:17.169Z - [WATCHER]: 0 file(s) created or restored, 0 file(s) modified, 0 file(s) deleted
[NX v22.5.4 Daemon Server] - 2026-03-16T13:55:17.169Z - [WATCHER]: Processing file changes in outputs
[NX v22.5.4 Daemon Server] - 2026-03-16T13:55:17.228Z - [WATCHER]: 0 file(s) created or restored, 0 file(s) modified, 0 file(s) deleted
[NX v22.5.4 Daemon Server] - 2026-03-16T13:55:17.228Z - [WATCHER]: Processing file changes in outputs
[NX v22.5.4 Daemon Server] - 2026-03-16T13:55:18.664Z - [REQUEST]: Updated workspace context based on watched changes, recomputing project graph...
[NX v22.5.4 Daemon Server] - 2026-03-16T13:55:18.664Z - [REQUEST]: 
[NX v22.5.4 Daemon Server] - 2026-03-16T13:55:18.664Z - [REQUEST]: 
[NX v22.5.4 Daemon Server] - 2026-03-16T13:55:18.675Z - Time taken for 'hash changed files from watcher' 0.8724999999976717ms
Time for 'plugin worker 54983 code loading' 4.751208000000002
Time for 'plugin worker 54985 code loading' 4.3285
Time for 'plugin worker 54984 code loading' 4.667416000000001
Time for 'plugin worker 54982 code loading' 4.739542
Time for 'plugin worker 54986 code loading' 4.701790999999998
Time for 'plugin worker 54987 code loading' 4.455416999999999
[NX v22.5.4 Daemon Server] - 2026-03-16T13:55:18.712Z - Time taken for 'start-plugin-worker:@nx/eslint/plugin' 44.39108299999498ms
[NX v22.5.4 Daemon Server] - 2026-03-16T13:55:18.713Z - Time taken for 'start-plugin-worker:@nx/playwright/plugin' 42.79204200000095ms
[NX v22.5.4 Daemon Server] - 2026-03-16T13:55:18.714Z - Time taken for 'start-plugin-worker:nx/js/dependencies-and-lockfile' 41.74145800000406ms
[NX v22.5.4 Daemon Server] - 2026-03-16T13:55:18.716Z - Time taken for 'start-plugin-worker:nx/core/project-json' 42.31974999999511ms
Time for 'nx/core/package-json:createNodes' 2.148875000000004
Time for 'nx/js/dependencies-and-lockfile:createNodes' 3.404750000000007
[NX v22.5.4 Daemon Server] - 2026-03-16T13:55:18.811Z - Established a connection. Number of open connections: 1
[NX v22.5.4 Daemon Server] - 2026-03-16T13:55:18.811Z - Closed a connection. Number of open connections: 0
[NX v22.5.4 Daemon Server] - 2026-03-16T13:55:18.811Z - Established a connection. Number of open connections: 1
[NX v22.5.4 Daemon Client] - 2026-03-16T13:55:18.811Z - [Messenger] Setting up socket listeners
[NX v22.5.4 Daemon Client] - 2026-03-16T13:55:18.812Z - [Messenger] listen() complete
[NX v22.5.4 Daemon Client] - 2026-03-16T13:55:18.812Z - [Messenger] Sending message type: HASH_MULTI_GLOB
[NX v22.5.4 Daemon Client] - 2026-03-16T13:55:18.812Z - [Messenger] Message sent
Time for 'daemon-message-serialization-HASH_MULTI_GLOB' 0.09054100000000176
[NX v22.5.4 Daemon Server] - 2026-03-16T13:55:18.820Z - Received raw message of length 50
[NX v22.5.4 Daemon Server] - 2026-03-16T13:55:18.820Z - Received json message of type HASH_MULTI_GLOB
[NX v22.5.4 Daemon Server] - 2026-03-16T13:55:18.821Z - Serializing response for HASH_GLOB message in json mode
[NX v22.5.4 Daemon Server] - 2026-03-16T13:55:18.821Z - Responding to HASH_GLOB message
[NX v22.5.4 Daemon Server] - 2026-03-16T13:55:18.821Z - [REQUEST]: Responding to the client. handleHashMultiGlob
[NX v22.5.4 Daemon Server] - 2026-03-16T13:55:18.821Z - Done responding to the client handleHashMultiGlob
[NX v22.5.4 Daemon Server] - 2026-03-16T13:55:18.821Z - Handled json message HASH_GLOB. Handling time: 1. Response time: 0.
[NX v22.5.4 Daemon Client] - 2026-03-16T13:55:18.821Z - [Messenger] Received message, length: 23
[NX v22.5.4 Daemon Server] - 2026-03-16T13:55:18.825Z - Closed a connection. Number of open connections: 0
[NX v22.5.4 Daemon Server] - 2026-03-16T13:55:18.828Z - Established a connection. Number of open connections: 1
[NX v22.5.4 Daemon Server] - 2026-03-16T13:55:18.828Z - Closed a connection. Number of open connections: 0
[NX v22.5.4 Daemon Server] - 2026-03-16T13:55:18.828Z - Established a connection. Number of open connections: 1
[NX v22.5.4 Daemon Client] - 2026-03-16T13:55:18.828Z - [Messenger] Setting up socket listeners
[NX v22.5.4 Daemon Client] - 2026-03-16T13:55:18.829Z - [Messenger] listen() complete
[NX v22.5.4 Daemon Client] - 2026-03-16T13:55:18.829Z - [Messenger] Sending message type: GLOB
[NX v22.5.4 Daemon Client] - 2026-03-16T13:55:18.829Z - [Messenger] Message sent
Time for 'daemon-message-serialization-GLOB' 0.07212499999999977
[NX v22.5.4 Daemon Server] - 2026-03-16T13:55:18.836Z - Received raw message of length 73
[NX v22.5.4 Daemon Server] - 2026-03-16T13:55:18.836Z - Received json message of type GLOB
[NX v22.5.4 Daemon Server] - 2026-03-16T13:55:18.836Z - Serializing response for GLOB message in json mode
[NX v22.5.4 Daemon Server] - 2026-03-16T13:55:18.836Z - Responding to GLOB message
[NX v22.5.4 Daemon Server] - 2026-03-16T13:55:18.836Z - [REQUEST]: Responding to the client. handleGlob
[NX v22.5.4 Daemon Server] - 2026-03-16T13:55:18.837Z - Done responding to the client handleGlob
[NX v22.5.4 Daemon Server] - 2026-03-16T13:55:18.837Z - Handled json message GLOB. Handling time: 0. Response time: 1.
[NX v22.5.4 Daemon Client] - 2026-03-16T13:55:18.837Z - [Messenger] Received message, length: 30943
[NX v22.5.4 Daemon Client] - 2026-03-16T13:55:18.838Z - [Messenger] Sending message type: HASH_MULTI_GLOB
[NX v22.5.4 Daemon Server] - 2026-03-16T13:55:18.838Z - Received raw message of length 349
[NX v22.5.4 Daemon Client] - 2026-03-16T13:55:18.838Z - [Messenger] Message sent
[NX v22.5.4 Daemon Server] - 2026-03-16T13:55:18.838Z - Received json message of type HASH_MULTI_GLOB
[NX v22.5.4 Daemon Server] - 2026-03-16T13:55:18.839Z - Serializing response for HASH_GLOB message in json mode
[NX v22.5.4 Daemon Server] - 2026-03-16T13:55:18.839Z - Responding to HASH_GLOB message
[NX v22.5.4 Daemon Server] - 2026-03-16T13:55:18.839Z - [REQUEST]: Responding to the client. handleHashMultiGlob
[NX v22.5.4 Daemon Server] - 2026-03-16T13:55:18.839Z - Done responding to the client handleHashMultiGlob
[NX v22.5.4 Daemon Server] - 2026-03-16T13:55:18.839Z - Handled json message HASH_GLOB. Handling time: 1. Response time: 0.
[NX v22.5.4 Daemon Client] - 2026-03-16T13:55:18.839Z - [Messenger] Received message, length: 112
Time for 'GLOB round trip' 8.203125
Time for 'deserialize daemon response - GLOB' 0.09275000000002365
Time for 'daemon-message-serialization-HASH_MULTI_GLOB' 0.007582999999982576
[NX v22.5.4 Daemon Server] - 2026-03-16T13:55:18.891Z - Time taken for 'build-project-configs' 219.36350000000675ms
[NX v22.5.4 Daemon Server] - 2026-03-16T13:55:18.895Z - Closed a connection. Number of open connections: 0
Time for 'build typescript dependencies' 0.10370900000000915
[NX v22.5.4 Daemon Server] - 2026-03-16T13:55:18.905Z - [SYNC]: collect registered sync generators
[NX v22.5.4 Daemon Server] - 2026-03-16T13:55:18.905Z - [SYNC]: project graph hash is the same, not collecting task sync generators
[NX v22.5.4 Daemon Server] - 2026-03-16T13:55:18.905Z - [SYNC]: nx.json hash is the same, not collecting global sync generators
[NX v22.5.4 Daemon Server] - 2026-03-16T13:55:18.905Z - Time taken for 'total execution time for createProjectGraph()' 17.05033299999195ms
[NX v22.5.4 Daemon Server] - 2026-03-16T13:55:35.596Z - [WATCHER]: Processing file changes in outputs
[NX v22.5.4 Daemon Server] - 2026-03-16T13:55:35.651Z - [WATCHER]: Processing file changes in outputs
[NX v22.5.4 Daemon Server] - 2026-03-16T13:55:38.790Z - Established a connection. Number of open connections: 1
[NX v22.5.4 Daemon Server] - 2026-03-16T13:55:38.790Z - Closed a connection. Number of open connections: 0
[NX v22.5.4 Daemon Server] - 2026-03-16T13:55:38.791Z - Established a connection. Number of open connections: 1
[NX v22.5.4 Daemon Server] - 2026-03-16T13:55:38.791Z - Closed a connection. Number of open connections: 0
[NX v22.5.4 Daemon Server] - 2026-03-16T13:55:38.791Z - Established a connection. Number of open connections: 1
[NX v22.5.4 Daemon Client] - 2026-03-16T13:55:38.791Z - [Messenger] Setting up socket listeners
[NX v22.5.4 Daemon Client] - 2026-03-16T13:55:38.791Z - [Messenger] listen() complete
[NX v22.5.4 Daemon Client] - 2026-03-16T13:55:38.792Z - [Messenger] Sending message type: GET_NX_CONSOLE_STATUS
[NX v22.5.4 Daemon Client] - 2026-03-16T13:55:38.792Z - [Messenger] Message sent
[NX v22.5.4 Daemon Server] - 2026-03-16T13:55:38.800Z - Received raw message of length 32
[NX v22.5.4 Daemon Server] - 2026-03-16T13:55:38.801Z - Received json message of type GET_NX_CONSOLE_STATUS
[NX v22.5.4 Daemon Server] - 2026-03-16T13:55:38.801Z - Serializing response for GET_NX_CONSOLE_STATUS message in json mode
[NX v22.5.4 Daemon Server] - 2026-03-16T13:55:38.801Z - Responding to GET_NX_CONSOLE_STATUS message
[NX v22.5.4 Daemon Server] - 2026-03-16T13:55:38.801Z - [REQUEST]: Responding to the client. handleGetNxConsoleStatus
[NX v22.5.4 Daemon Server] - 2026-03-16T13:55:38.801Z - Done responding to the client handleGetNxConsoleStatus
[NX v22.5.4 Daemon Server] - 2026-03-16T13:55:38.801Z - Handled json message GET_NX_CONSOLE_STATUS. Handling time: 0. Response time: 0.
[NX v22.5.4 Daemon Client] - 2026-03-16T13:55:38.801Z - [Messenger] Received message, length: 22
[NX v22.5.4 Daemon Client] - 2026-03-16T13:55:38.818Z - [Messenger] Sending message type: REQUEST_PROJECT_GRAPH
[NX v22.5.4 Daemon Client] - 2026-03-16T13:55:38.818Z - [Messenger] Message sent
[NX v22.5.4 Daemon Server] - 2026-03-16T13:55:38.818Z - Received raw message of length 32
[NX v22.5.4 Daemon Server] - 2026-03-16T13:55:38.818Z - Received json message of type REQUEST_PROJECT_GRAPH
[NX v22.5.4 Daemon Server] - 2026-03-16T13:55:38.818Z - [REQUEST]: Client Request for Project Graph Received
[NX v22.5.4 Daemon Server] - 2026-03-16T13:55:38.818Z - Reusing in-memory cached project graph because no files changed.
[NX v22.5.4 Daemon Server] - 2026-03-16T13:55:38.818Z - Serializing response for REQUEST_PROJECT_GRAPH message in json mode
[NX v22.5.4 Daemon Server] - 2026-03-16T13:55:38.818Z - Responding to REQUEST_PROJECT_GRAPH message
[NX v22.5.4 Daemon Server] - 2026-03-16T13:55:38.818Z - [REQUEST]: Responding to the client. project-graph
[NX v22.5.4 Daemon Server] - 2026-03-16T13:55:38.819Z - Time taken for 'total for creating and serializing project graph' 0.18412499999976717ms
[NX v22.5.4 Daemon Server] - 2026-03-16T13:55:38.822Z - Done responding to the client project-graph
[NX v22.5.4 Daemon Server] - 2026-03-16T13:55:38.822Z - Handled json message REQUEST_PROJECT_GRAPH. Handling time: 0. Response time: 4.
[NX v22.5.4 Daemon Client] - 2026-03-16T13:55:38.822Z - [Messenger] Received message, length: 1120231
[NX v22.5.4 Daemon Client] - 2026-03-16T13:55:38.826Z - [Messenger] Sending message type: PRE_TASKS_EXECUTION
[NX v22.5.4 Daemon Client] - 2026-03-16T13:55:38.826Z - [Messenger] Message sent
[NX v22.5.4 Daemon Server] - 2026-03-16T13:55:38.826Z - Received raw message of length 678
[NX v22.5.4 Daemon Server] - 2026-03-16T13:55:38.826Z - Received json message of type PRE_TASKS_EXECUTION
[NX v22.5.4 Daemon Server] - 2026-03-16T13:55:38.826Z - Serializing response for PRE_TASKS_EXECUTION message in json mode
[NX v22.5.4 Daemon Server] - 2026-03-16T13:55:38.826Z - Responding to PRE_TASKS_EXECUTION message
[NX v22.5.4 Daemon Server] - 2026-03-16T13:55:38.826Z - [REQUEST]: Responding to the client. handleRunPreTasksExecution
[NX v22.5.4 Daemon Server] - 2026-03-16T13:55:38.826Z - Done responding to the client handleRunPreTasksExecution
[NX v22.5.4 Daemon Server] - 2026-03-16T13:55:38.826Z - Handled json message PRE_TASKS_EXECUTION. Handling time: 0. Response time: 0.
[NX v22.5.4 Daemon Client] - 2026-03-16T13:55:38.826Z - [Messenger] Received message, length: 2
[NX v22.5.4 Daemon Server] - 2026-03-16T13:55:38.826Z - Time taken for 'preTasksExecution' 0.09495800000149757ms
[NX v22.5.4 Daemon Client] - 2026-03-16T13:55:38.851Z - [Messenger] Sending message type: HASH_TASKS
[NX v22.5.4 Daemon Client] - 2026-03-16T13:55:38.852Z - [Messenger] Message sent
[NX v22.5.4 Daemon Server] - 2026-03-16T13:55:38.852Z - Received raw message of length 5839
[NX v22.5.4 Daemon Server] - 2026-03-16T13:55:38.852Z - Received json message of type HASH_TASKS
[NX v22.5.4 Daemon Server] - 2026-03-16T13:55:38.852Z - Reusing in-memory cached project graph because no files changed.
DEBUG nx::native::tasks::hash_planner: get_plans_internal COMPLETED in 1.187917ms - processed 2 tasks (setup: 1.131833ms, parallel_planning: 55.958µs)
DEBUG nx::native::tasks::hashers::hash_workspace_files: Hashing workspace fileset with inputs: Adding "2189949021886064727" (".gitignore") to hash
DEBUG nx::native::tasks::hashers::hash_workspace_files: Hashing workspace fileset with inputs: Adding "2189949021886064727" (".gitignore") to hash
DEBUG nx::native::tasks::hashers::hash_workspace_files: Hashing workspace fileset with inputs: Adding "13467211139819667633" ("nx.json") to hash
DEBUG nx::native::tasks::hashers::hash_workspace_files: Hashing workspace fileset with inputs: Hash Value: "10970448857502704134"
DEBUG nx::native::tasks::hashers::hash_workspace_files: Hashing workspace fileset with inputs: Adding "13467211139819667633" ("nx.json") to hash
DEBUG nx::native::tasks::hashers::hash_workspace_files: Hashing workspace fileset with inputs: Hash Value: "10970448857502704134"
DEBUG nx::native::tasks::task_hasher: hash_plans COMPLETED in 1.356584ms - processed 2 plans (setup: 328.5µs, hashing: 1.027959ms, assembly: 62.042µs)
[NX v22.5.4 Daemon Server] - 2026-03-16T13:55:38.860Z - Serializing response for HASH_TASKS message in json mode
[NX v22.5.4 Daemon Server] - 2026-03-16T13:55:38.860Z - Responding to HASH_TASKS message
[NX v22.5.4 Daemon Server] - 2026-03-16T13:55:38.860Z - [REQUEST]: Responding to the client. handleHashTasks
[NX v22.5.4 Daemon Server] - 2026-03-16T13:55:38.860Z - Done responding to the client handleHashTasks
[NX v22.5.4 Daemon Server] - 2026-03-16T13:55:38.860Z - Handled json message HASH_TASKS. Handling time: 8. Response time: 0.
[NX v22.5.4 Daemon Client] - 2026-03-16T13:55:38.860Z - [Messenger] Received message, length: 33139
[NX v22.5.4 Daemon Client] - 2026-03-16T13:55:38.886Z - [Messenger] Sending message type: GET_ESTIMATED_TASK_TIMINGS
[NX v22.5.4 Daemon Client] - 2026-03-16T13:55:38.886Z - [Messenger] Message sent
[NX v22.5.4 Daemon Server] - 2026-03-16T13:55:38.886Z - Received raw message of length 134
[NX v22.5.4 Daemon Server] - 2026-03-16T13:55:38.886Z - Received json message of type GET_ESTIMATED_TASK_TIMINGS
[NX v22.5.4 Daemon Server] - 2026-03-16T13:55:38.886Z - Serializing response for GET_ESTIMATED_TASK_TIMINGS message in json mode
[NX v22.5.4 Daemon Server] - 2026-03-16T13:55:38.886Z - Responding to GET_ESTIMATED_TASK_TIMINGS message
[NX v22.5.4 Daemon Server] - 2026-03-16T13:55:38.886Z - [REQUEST]: Responding to the client. handleGetEstimatedTaskTimings
[NX v22.5.4 Daemon Server] - 2026-03-16T13:55:38.886Z - Done responding to the client handleGetEstimatedTaskTimings
[NX v22.5.4 Daemon Server] - 2026-03-16T13:55:38.886Z - Handled json message GET_ESTIMATED_TASK_TIMINGS. Handling time: 0. Response time: 0.
[NX v22.5.4 Daemon Client] - 2026-03-16T13:55:38.886Z - [Messenger] Received message, length: 54
[NX v22.5.4 Daemon Server] - 2026-03-16T13:55:39.133Z - [WATCHER]: Processing file changes in outputs
[NX v22.5.4 Daemon Client] - 2026-03-16T13:55:39.463Z - [Messenger] Sending message type: RECORD_OUTPUTS_HASH
[NX v22.5.4 Daemon Client] - 2026-03-16T13:55:39.463Z - [Messenger] Message sent
[NX v22.5.4 Daemon Server] - 2026-03-16T13:55:39.463Z - Received raw message of length 105
[NX v22.5.4 Daemon Server] - 2026-03-16T13:55:39.463Z - Received json message of type RECORD_OUTPUTS_HASH
[NX v22.5.4 Daemon Server] - 2026-03-16T13:55:39.466Z - Serializing response for RECORD_OUTPUTS_HASH message in json mode
[NX v22.5.4 Daemon Server] - 2026-03-16T13:55:39.466Z - Responding to RECORD_OUTPUTS_HASH message
[NX v22.5.4 Daemon Server] - 2026-03-16T13:55:39.466Z - [REQUEST]: Responding to the client. recordOutputsHash
[NX v22.5.4 Daemon Server] - 2026-03-16T13:55:39.466Z - Done responding to the client recordOutputsHash
[NX v22.5.4 Daemon Server] - 2026-03-16T13:55:39.466Z - Handled json message RECORD_OUTPUTS_HASH. Handling time: 3. Response time: 0.
[NX v22.5.4 Daemon Client] - 2026-03-16T13:55:39.466Z - [Messenger] Received message, length: 2
[NX v22.5.4 Daemon Server] - 2026-03-16T13:55:39.502Z - [WATCHER]: Processing file changes in outputs
[NX v22.5.4 Daemon Server] - 2026-03-16T13:55:41.064Z - [WATCHER]: 0 file(s) created or restored, 0 file(s) modified, 0 file(s) deleted
[NX v22.5.4 Daemon Server] - 2026-03-16T13:55:41.065Z - [WATCHER]: Processing file changes in outputs
[NX v22.5.4 Daemon Server] - 2026-03-16T13:55:41.117Z - [WATCHER]: 0 file(s) created or restored, 0 file(s) modified, 0 file(s) deleted
[NX v22.5.4 Daemon Server] - 2026-03-16T13:55:41.117Z - [WATCHER]: Processing file changes in outputs
[NX v22.5.4 Daemon Server] - 2026-03-16T13:55:41.167Z - [REQUEST]: Updated workspace context based on watched changes, recomputing project graph...
[NX v22.5.4 Daemon Server] - 2026-03-16T13:55:41.167Z - [REQUEST]: 
[NX v22.5.4 Daemon Server] - 2026-03-16T13:55:41.167Z - [REQUEST]: 
[NX v22.5.4 Daemon Server] - 2026-03-16T13:55:41.173Z - [WATCHER]: 0 file(s) created or restored, 0 file(s) modified, 0 file(s) deleted
[NX v22.5.4 Daemon Server] - 2026-03-16T13:55:41.173Z - [WATCHER]: Processing file changes in outputs
[NX v22.5.4 Daemon Server] - 2026-03-16T13:55:41.174Z - Time taken for 'hash changed files from watcher' 0.48325000001932494ms
Time for 'plugin worker 55370 code loading' 3.3127499999999994
Time for 'plugin worker 55373 code loading' 2.9349170000000004
Time for 'plugin worker 55368 code loading' 3.2697920000000007
Time for 'plugin worker 55372 code loading' 3.382416000000001
Time for 'plugin worker 55371 code loading' 3.5552080000000004
Time for 'plugin worker 55369 code loading' 3.359542000000001
[NX v22.5.4 Daemon Server] - 2026-03-16T13:55:41.203Z - Time taken for 'start-plugin-worker:@nx/eslint/plugin' 33.79483299999265ms
[NX v22.5.4 Daemon Server] - 2026-03-16T13:55:41.222Z - [WATCHER]: Processing file changes in outputs
[NX v22.5.4 Daemon Server] - 2026-03-16T13:55:41.230Z - [WATCHER]: 0 file(s) created or restored, 0 file(s) modified, 0 file(s) deleted
[NX v22.5.4 Daemon Client] - 2026-03-16T13:55:41.277Z - [Messenger] Sending message type: RECORD_OUTPUTS_HASH
[NX v22.5.4 Daemon Client] - 2026-03-16T13:55:41.277Z - [Messenger] Message sent
[NX v22.5.4 Daemon Server] - 2026-03-16T13:55:41.277Z - Received raw message of length 152
[NX v22.5.4 Daemon Server] - 2026-03-16T13:55:41.277Z - Received json message of type RECORD_OUTPUTS_HASH
[NX v22.5.4 Daemon Server] - 2026-03-16T13:55:41.277Z - Serializing response for RECORD_OUTPUTS_HASH message in json mode
[NX v22.5.4 Daemon Server] - 2026-03-16T13:55:41.277Z - Responding to RECORD_OUTPUTS_HASH message
[NX v22.5.4 Daemon Server] - 2026-03-16T13:55:41.277Z - [REQUEST]: Responding to the client. recordOutputsHash
[NX v22.5.4 Daemon Server] - 2026-03-16T13:55:41.277Z - Done responding to the client recordOutputsHash
[NX v22.5.4 Daemon Server] - 2026-03-16T13:55:41.277Z - Handled json message RECORD_OUTPUTS_HASH. Handling time: 0. Response time: 0.
[NX v22.5.4 Daemon Client] - 2026-03-16T13:55:41.277Z - [Messenger] Received message, length: 2
[NX v22.5.4 Daemon Client] - 2026-03-16T13:55:41.278Z - [Messenger] Sending message type: RECORD_TASK_RUNS
[NX v22.5.4 Daemon Client] - 2026-03-16T13:55:41.278Z - [Messenger] Message sent
[NX v22.5.4 Daemon Server] - 2026-03-16T13:55:41.278Z - Received raw message of length 382
[NX v22.5.4 Daemon Server] - 2026-03-16T13:55:41.279Z - Received json message of type RECORD_TASK_RUNS
[NX v22.5.4 Daemon Server] - 2026-03-16T13:55:41.279Z - Serializing response for RECORD_TASK_RUNS message in json mode
[NX v22.5.4 Daemon Server] - 2026-03-16T13:55:41.279Z - Responding to RECORD_TASK_RUNS message
[NX v22.5.4 Daemon Server] - 2026-03-16T13:55:41.279Z - [REQUEST]: Responding to the client. handleRecordTaskRuns
[NX v22.5.4 Daemon Server] - 2026-03-16T13:55:41.279Z - Done responding to the client handleRecordTaskRuns
[NX v22.5.4 Daemon Server] - 2026-03-16T13:55:41.279Z - Handled json message RECORD_TASK_RUNS. Handling time: 0. Response time: 0.
[NX v22.5.4 Daemon Client] - 2026-03-16T13:55:41.279Z - [Messenger] Received message, length: 4
[NX v22.5.4 Daemon Client] - 2026-03-16T13:55:41.280Z - [Messenger] Sending message type: POST_TASKS_EXECUTION
[NX v22.5.4 Daemon Client] - 2026-03-16T13:55:41.280Z - [Messenger] Message sent
[NX v22.5.4 Daemon Server] - 2026-03-16T13:55:41.280Z - Received raw message of length 10040
[NX v22.5.4 Daemon Server] - 2026-03-16T13:55:41.281Z - Received json message of type POST_TASKS_EXECUTION
[NX v22.5.4 Daemon Server] - 2026-03-16T13:55:41.281Z - Serializing response for POST_TASKS_EXECUTION message in json mode
[NX v22.5.4 Daemon Server] - 2026-03-16T13:55:41.281Z - Responding to POST_TASKS_EXECUTION message
[NX v22.5.4 Daemon Server] - 2026-03-16T13:55:41.281Z - [REQUEST]: Responding to the client. handleRunPostTasksExecution
[NX v22.5.4 Daemon Server] - 2026-03-16T13:55:41.281Z - Done responding to the client handleRunPostTasksExecution
[NX v22.5.4 Daemon Server] - 2026-03-16T13:55:41.281Z - Handled json message POST_TASKS_EXECUTION. Handling time: 0. Response time: 0.
[NX v22.5.4 Daemon Client] - 2026-03-16T13:55:41.281Z - [Messenger] Received message, length: 4
[NX v22.5.4 Daemon Server] - 2026-03-16T13:55:41.281Z - Time taken for 'postTasksExecution' 0.10791600000811741ms
[NX v22.5.4 Daemon Server] - 2026-03-16T13:55:41.287Z - Closed a connection. Number of open connections: 0
Time for 'nx/core/package-json:createNodes' 2.4178750000000093
Time for 'nx/js/dependencies-and-lockfile:createNodes' 3.7135000000000105
[NX v22.5.4 Daemon Server] - 2026-03-16T13:55:41.312Z - Established a connection. Number of open connections: 1
[NX v22.5.4 Daemon Server] - 2026-03-16T13:55:41.313Z - Closed a connection. Number of open connections: 0
[NX v22.5.4 Daemon Server] - 2026-03-16T13:55:41.313Z - Established a connection. Number of open connections: 1
[NX v22.5.4 Daemon Client] - 2026-03-16T13:55:41.313Z - [Messenger] Setting up socket listeners
[NX v22.5.4 Daemon Client] - 2026-03-16T13:55:41.313Z - [Messenger] listen() complete
[NX v22.5.4 Daemon Client] - 2026-03-16T13:55:41.313Z - [Messenger] Sending message type: HASH_MULTI_GLOB
[NX v22.5.4 Daemon Client] - 2026-03-16T13:55:41.314Z - [Messenger] Message sent
Time for 'daemon-message-serialization-HASH_MULTI_GLOB' 0.10474999999999568
[NX v22.5.4 Daemon Server] - 2026-03-16T13:55:41.320Z - Received raw message of length 50
[NX v22.5.4 Daemon Server] - 2026-03-16T13:55:41.320Z - Received json message of type HASH_MULTI_GLOB
[NX v22.5.4 Daemon Server] - 2026-03-16T13:55:41.321Z - Serializing response for HASH_GLOB message in json mode
[NX v22.5.4 Daemon Server] - 2026-03-16T13:55:41.321Z - Responding to HASH_GLOB message
[NX v22.5.4 Daemon Server] - 2026-03-16T13:55:41.321Z - [REQUEST]: Responding to the client. handleHashMultiGlob
[NX v22.5.4 Daemon Server] - 2026-03-16T13:55:41.321Z - Done responding to the client handleHashMultiGlob
[NX v22.5.4 Daemon Server] - 2026-03-16T13:55:41.321Z - Handled json message HASH_GLOB. Handling time: 1. Response time: 0.
[NX v22.5.4 Daemon Client] - 2026-03-16T13:55:41.321Z - [Messenger] Received message, length: 23
[NX v22.5.4 Daemon Server] - 2026-03-16T13:55:41.323Z - [WATCHER]: Processing file changes in outputs
[NX v22.5.4 Daemon Server] - 2026-03-16T13:55:41.325Z - Closed a connection. Number of open connections: 0
[NX v22.5.4 Daemon Server] - 2026-03-16T13:55:41.330Z - Established a connection. Number of open connections: 1
[NX v22.5.4 Daemon Server] - 2026-03-16T13:55:41.330Z - Closed a connection. Number of open connections: 0
[NX v22.5.4 Daemon Server] - 2026-03-16T13:55:41.331Z - Established a connection. Number of open connections: 1
[NX v22.5.4 Daemon Client] - 2026-03-16T13:55:41.331Z - [Messenger] Setting up socket listeners
[NX v22.5.4 Daemon Client] - 2026-03-16T13:55:41.331Z - [Messenger] listen() complete
[NX v22.5.4 Daemon Client] - 2026-03-16T13:55:41.332Z - [Messenger] Sending message type: GLOB
[NX v22.5.4 Daemon Client] - 2026-03-16T13:55:41.332Z - [Messenger] Message sent
Time for 'daemon-message-serialization-GLOB' 0.0792499999999734
[NX v22.5.4 Daemon Server] - 2026-03-16T13:55:41.339Z - Received raw message of length 73
[NX v22.5.4 Daemon Server] - 2026-03-16T13:55:41.339Z - Received json message of type GLOB
[NX v22.5.4 Daemon Server] - 2026-03-16T13:55:41.339Z - Serializing response for GLOB message in json mode
[NX v22.5.4 Daemon Server] - 2026-03-16T13:55:41.339Z - Responding to GLOB message
[NX v22.5.4 Daemon Server] - 2026-03-16T13:55:41.339Z - [REQUEST]: Responding to the client. handleGlob
[NX v22.5.4 Daemon Server] - 2026-03-16T13:55:41.340Z - Done responding to the client handleGlob
[NX v22.5.4 Daemon Server] - 2026-03-16T13:55:41.340Z - Handled json message GLOB. Handling time: 0. Response time: 1.
[NX v22.5.4 Daemon Client] - 2026-03-16T13:55:41.340Z - [Messenger] Received message, length: 30943
[NX v22.5.4 Daemon Client] - 2026-03-16T13:55:41.341Z - [Messenger] Sending message type: HASH_MULTI_GLOB
[NX v22.5.4 Daemon Client] - 2026-03-16T13:55:41.341Z - [Messenger] Message sent
[NX v22.5.4 Daemon Server] - 2026-03-16T13:55:41.341Z - Received raw message of length 349
[NX v22.5.4 Daemon Server] - 2026-03-16T13:55:41.341Z - Received json message of type HASH_MULTI_GLOB
[NX v22.5.4 Daemon Server] - 2026-03-16T13:55:41.342Z - Serializing response for HASH_GLOB message in json mode
[NX v22.5.4 Daemon Server] - 2026-03-16T13:55:41.342Z - Responding to HASH_GLOB message
[NX v22.5.4 Daemon Server] - 2026-03-16T13:55:41.342Z - [REQUEST]: Responding to the client. handleHashMultiGlob
[NX v22.5.4 Daemon Server] - 2026-03-16T13:55:41.342Z - Done responding to the client handleHashMultiGlob
[NX v22.5.4 Daemon Server] - 2026-03-16T13:55:41.342Z - Handled json message HASH_GLOB. Handling time: 1. Response time: 0.
Time for 'GLOB round trip' 8.724166999999994
Time for 'deserialize daemon response - GLOB' 0.09270899999998505
Time for 'daemon-message-serialization-HASH_MULTI_GLOB' 0.010166999999995596
[NX v22.5.4 Daemon Client] - 2026-03-16T13:55:41.342Z - [Messenger] Received message, length: 112
[NX v22.5.4 Daemon Server] - 2026-03-16T13:55:41.375Z - [REQUEST]: Updated workspace context based on watched changes, recomputing project graph...
[NX v22.5.4 Daemon Server] - 2026-03-16T13:55:41.375Z - [REQUEST]: 
[NX v22.5.4 Daemon Server] - 2026-03-16T13:55:41.375Z - [REQUEST]: 
[NX v22.5.4 Daemon Server] - 2026-03-16T13:55:41.379Z - Time taken for 'hash changed files from watcher' 0.42683300000499ms
Time for 'nx/js/dependencies-and-lockfile:createNodes' 3.109000000000009
[NX v22.5.4 Daemon Client] - 2026-03-16T13:55:41.392Z - [Messenger] Sending message type: GLOB
[NX v22.5.4 Daemon Client] - 2026-03-16T13:55:41.392Z - [Messenger] Message sent
[NX v22.5.4 Daemon Server] - 2026-03-16T13:55:41.393Z - Time taken for 'build-project-configs' 16.813832999992883ms
Time for '@nx/eslint/plugin:createNodes' 61.963291
Time for 'HASH_MULTI_GLOB round trip' 1.4422500000000014
Time for 'deserialize daemon response - HASH_MULTI_GLOB' 0.008000000000009777
Time for 'daemon-message-serialization-GLOB' 0.010334000000000287
[NX v22.5.4 Daemon Server] - 2026-03-16T13:55:41.393Z - Received raw message of length 73
[NX v22.5.4 Daemon Server] - 2026-03-16T13:55:41.393Z - Received json message of type GLOB
[NX v22.5.4 Daemon Server] - 2026-03-16T13:55:41.393Z - Serializing response for GLOB message in json mode
[NX v22.5.4 Daemon Server] - 2026-03-16T13:55:41.393Z - Responding to GLOB message
[NX v22.5.4 Daemon Server] - 2026-03-16T13:55:41.393Z - [REQUEST]: Responding to the client. handleGlob
[NX v22.5.4 Daemon Server] - 2026-03-16T13:55:41.394Z - Done responding to the client handleGlob
[NX v22.5.4 Daemon Server] - 2026-03-16T13:55:41.394Z - Handled json message GLOB. Handling time: 0. Response time: 1.
[NX v22.5.4 Daemon Client] - 2026-03-16T13:55:41.394Z - [Messenger] Received message, length: 30943
[NX v22.5.4 Daemon Client] - 2026-03-16T13:55:41.394Z - [Messenger] Sending message type: HASH_MULTI_GLOB
[NX v22.5.4 Daemon Client] - 2026-03-16T13:55:41.394Z - [Messenger] Message sent
[NX v22.5.4 Daemon Server] - 2026-03-16T13:55:41.395Z - Received raw message of length 349
[NX v22.5.4 Daemon Server] - 2026-03-16T13:55:41.395Z - Received json message of type HASH_MULTI_GLOB
[NX v22.5.4 Daemon Server] - 2026-03-16T13:55:41.396Z - Serializing response for HASH_GLOB message in json mode
[NX v22.5.4 Daemon Server] - 2026-03-16T13:55:41.396Z - Responding to HASH_GLOB message
[NX v22.5.4 Daemon Server] - 2026-03-16T13:55:41.396Z - [REQUEST]: Responding to the client. handleHashMultiGlob
[NX v22.5.4 Daemon Server] - 2026-03-16T13:55:41.396Z - Done responding to the client handleHashMultiGlob
[NX v22.5.4 Daemon Server] - 2026-03-16T13:55:41.396Z - Handled json message HASH_GLOB. Handling time: 1. Response time: 0.
Time for 'GLOB round trip' 1.8793750000000102
Time for 'deserialize daemon response - GLOB' 0.03716700000001083
Time for 'daemon-message-serialization-HASH_MULTI_GLOB' 0.00808399999999665
[NX v22.5.4 Daemon Client] - 2026-03-16T13:55:41.396Z - [Messenger] Received message, length: 112
[NX v22.5.4 Daemon Server] - 2026-03-16T13:55:41.401Z - Closed a connection. Number of open connections: 0
Time for 'plugin worker 55394 code loading' 3.5783749999999994
Time for 'plugin worker 55393 code loading' 3.5547499999999985
Time for 'plugin worker 55391 code loading' 3.4745410000000003
Time for 'plugin worker 55392 code loading' 3.4836669999999987
[NX v22.5.4 Daemon Server] - 2026-03-16T13:55:41.409Z - Time taken for 'start-plugin-worker:@nx/playwright/plugin' 32.61108299999614ms
[NX v22.5.4 Daemon Server] - 2026-03-16T13:55:41.411Z - Time taken for 'start-plugin-worker:nx/core/package-json' 32.790500000002794ms
Time for 'nx/core/package-json:createNodes' 2.195417000000006
[NX v22.5.4 Daemon Server] - 2026-03-16T13:55:41.498Z - Established a connection. Number of open connections: 1
[NX v22.5.4 Daemon Server] - 2026-03-16T13:55:41.498Z - Closed a connection. Number of open connections: 0
[NX v22.5.4 Daemon Server] - 2026-03-16T13:55:41.498Z - Established a connection. Number of open connections: 1
[NX v22.5.4 Daemon Client] - 2026-03-16T13:55:41.498Z - [Messenger] Setting up socket listeners
[NX v22.5.4 Daemon Client] - 2026-03-16T13:55:41.499Z - [Messenger] listen() complete
[NX v22.5.4 Daemon Client] - 2026-03-16T13:55:41.499Z - [Messenger] Sending message type: HASH_MULTI_GLOB
[NX v22.5.4 Daemon Client] - 2026-03-16T13:55:41.499Z - [Messenger] Message sent
Time for 'daemon-message-serialization-HASH_MULTI_GLOB' 0.10633400000000393
[NX v22.5.4 Daemon Server] - 2026-03-16T13:55:41.506Z - Received raw message of length 50
[NX v22.5.4 Daemon Server] - 2026-03-16T13:55:41.506Z - Received json message of type HASH_MULTI_GLOB
[NX v22.5.4 Daemon Server] - 2026-03-16T13:55:41.507Z - Serializing response for HASH_GLOB message in json mode
[NX v22.5.4 Daemon Server] - 2026-03-16T13:55:41.507Z - Responding to HASH_GLOB message
[NX v22.5.4 Daemon Server] - 2026-03-16T13:55:41.507Z - [REQUEST]: Responding to the client. handleHashMultiGlob
[NX v22.5.4 Daemon Server] - 2026-03-16T13:55:41.507Z - Done responding to the client handleHashMultiGlob
[NX v22.5.4 Daemon Server] - 2026-03-16T13:55:41.507Z - Handled json message HASH_GLOB. Handling time: 1. Response time: 0.
[NX v22.5.4 Daemon Client] - 2026-03-16T13:55:41.507Z - [Messenger] Received message, length: 23
[NX v22.5.4 Daemon Server] - 2026-03-16T13:55:41.510Z - Closed a connection. Number of open connections: 0
[NX v22.5.4 Daemon Server] - 2026-03-16T13:55:41.520Z - Time taken for 'build-project-configs' 139.43645799998194ms
Time for 'build typescript dependencies' 0.05229100000002518
[NX v22.5.4 Daemon Server] - 2026-03-16T13:55:41.532Z - [SYNC]: collect registered sync generators
[NX v22.5.4 Daemon Server] - 2026-03-16T13:55:41.532Z - [SYNC]: project graph hash is the same, not collecting task sync generators
[NX v22.5.4 Daemon Server] - 2026-03-16T13:55:41.532Z - [SYNC]: nx.json hash is the same, not collecting global sync generators
[NX v22.5.4 Daemon Server] - 2026-03-16T13:55:41.532Z - [SYNC]: collect registered sync generators
[NX v22.5.4 Daemon Server] - 2026-03-16T13:55:41.532Z - [SYNC]: project graph hash is the same, not collecting task sync generators
[NX v22.5.4 Daemon Server] - 2026-03-16T13:55:41.532Z - [SYNC]: nx.json hash is the same, not collecting global sync generators
[NX v22.5.4 Daemon Server] - 2026-03-16T13:55:41.532Z - Time taken for 'total execution time for createProjectGraph()' 14.014707999973325ms
[NX v22.5.4 Daemon Server] - 2026-03-16T13:55:52.761Z - [Server] lock file hash changed! old=12087138800027628215, new=17481431975462467709
[NX v22.5.4 Daemon Server] - 2026-03-16T13:55:52.761Z - [Server] Daemon outdated: LOCK_FILES_CHANGED
[NX v22.5.4 Daemon Server] - 2026-03-16T13:55:52.761Z - [Server] Restarting daemon...
[NX v22.5.4 Daemon Server] - 2026-03-16T13:55:52.761Z - Restarting daemon with script: /Users/mgoho/Github/doula-cooperative/node_modules/nx/src/daemon/server/start.js
[NX v22.5.4 Daemon Server] - 2026-03-16T13:55:52.761Z - Old daemon __dirname: /Users/mgoho/Github/doula-cooperative/node_modules/nx/src/daemon/server
[NX v22.5.4 Daemon Server] - 2026-03-16T13:55:52.761Z - Current process.execPath: /Users/mgoho/.nvm/versions/node/v22.19.0/bin/node
[NX v22.5.4 Daemon Server] - 2026-03-16T13:55:52.762Z - Started new daemon process in background
[NX v22.5.4 Daemon Server] - 2026-03-16T13:55:52.762Z - [WATCHER]: Stopping the watcher for /Users/mgoho/Github/doula-cooperative (sources)
[NX v22.5.4 Daemon Server] - 2026-03-16T13:55:52.762Z - [WATCHER]: Stopping the watcher for /Users/mgoho/Github/doula-cooperative (outputs)
[NX v22.5.4 Daemon Server] - 2026-03-16T13:55:52.763Z - [NX-CONSOLE]: Cleaning up latest Nx installation from /private/var/folders/0q/9skt2c_j7hq6m6s7w998dbmh0000gn/T/tmp-53640-shmQEyVHP2Ob
[NX v22.5.4 Daemon Server] - 2026-03-16T13:55:52.763Z - Server stopped because: "LOCK_FILES_CHANGED"
[NX v22.5.4 Daemon Server] - 2026-03-16T13:55:52.851Z - New daemon starting from: /Users/mgoho/Github/doula-cooperative/node_modules/nx/src/daemon/server/server.js
[NX v22.5.4 Daemon Server] - 2026-03-16T13:55:52.852Z - New daemon __dirname: /Users/mgoho/Github/doula-cooperative/node_modules/nx/src/daemon/server
[NX v22.5.4 Daemon Server] - 2026-03-16T13:55:52.852Z - New daemon nxVersion: 22.5.4
[NX v22.5.4 Daemon Server] - 2026-03-16T13:55:52.852Z - New daemon getInstalledNxVersion(): 22.5.4
[NX v22.5.4 Daemon Server] - 2026-03-16T13:55:52.852Z - [Server] Starting outdated check interval (20ms)
[NX v22.5.4 Daemon Server] - 2026-03-16T13:55:52.854Z - Started listening on: /private/var/folders/0q/9skt2c_j7hq6m6s7w998dbmh0000gn/T/128fad0e5d1ba1e1ec12/d.sock
[NX v22.5.4 Daemon Server] - 2026-03-16T13:55:52.855Z - [WATCHER]: Subscribed to changes within: /Users/mgoho/Github/doula-cooperative (native)
[NX v22.5.4 Daemon Server] - 2026-03-16T13:55:52.856Z - [NX-CONSOLE]: Pulling latest Nx (latest) to check console status...
Fetching nx...
[NX v22.5.4 Daemon Server] - 2026-03-16T13:55:52.977Z - [NX-CONSOLE]: Successfully pulled latest Nx to /private/var/folders/0q/9skt2c_j7hq6m6s7w998dbmh0000gn/T/tmp-55530-RcgUwtynNgnK
[NX v22.5.4 Daemon Server] - 2026-03-16T13:55:53.061Z - [NX-CONSOLE]: Using local implementation (NX_USE_LOCAL=true or inner call)
DEBUG nx::native::ide::install: Detected editor: Unknown
[NX v22.5.4 Daemon Server] - 2026-03-16T13:55:53.061Z - [NX-CONSOLE]: Console status check completed, shouldPrompt: false
Time for 'plugin worker 55535 code loading' 4.257209
Time for 'plugin worker 55536 code loading' 4.205375
Time for 'plugin worker 55537 code loading' 4.363041000000001
Time for 'plugin worker 55538 code loading' 4.184833000000001
Time for 'plugin worker 55539 code loading' 3.6260840000000005
Time for 'plugin worker 55540 code loading' 3.112833
[NX v22.5.4 Daemon Server] - 2026-03-16T13:55:53.112Z - Established a connection. Number of open connections: 1
[NX v22.5.4 Daemon Server] - 2026-03-16T13:55:53.113Z - Closed a connection. Number of open connections: 0
[NX v22.5.4 Daemon Server] - 2026-03-16T13:55:53.113Z - Established a connection. Number of open connections: 1
[NX v22.5.4 Daemon Server] - 2026-03-16T13:55:53.113Z - Established a connection. Number of open connections: 2
[NX v22.5.4 Daemon Server] - 2026-03-16T13:55:53.113Z - Closed a connection. Number of open connections: 1
[NX v22.5.4 Daemon Client] - 2026-03-16T13:55:53.113Z - [Messenger] Setting up socket listeners
[NX v22.5.4 Daemon Client] - 2026-03-16T13:55:53.114Z - [Messenger] listen() complete
[NX v22.5.4 Daemon Client] - 2026-03-16T13:55:53.114Z - [Messenger] Sending message type: GET_NX_CONSOLE_STATUS
[NX v22.5.4 Daemon Client] - 2026-03-16T13:55:53.115Z - [Messenger] Message sent
[NX v22.5.4 Daemon Server] - 2026-03-16T13:55:53.122Z - Received raw message of length 32
[NX v22.5.4 Daemon Server] - 2026-03-16T13:55:53.122Z - Received json message of type GET_NX_CONSOLE_STATUS
[NX v22.5.4 Daemon Server] - 2026-03-16T13:55:53.123Z - Serializing response for GET_NX_CONSOLE_STATUS message in json mode
[NX v22.5.4 Daemon Server] - 2026-03-16T13:55:53.123Z - Responding to GET_NX_CONSOLE_STATUS message
[NX v22.5.4 Daemon Server] - 2026-03-16T13:55:53.123Z - [REQUEST]: Responding to the client. handleGetNxConsoleStatus
[NX v22.5.4 Daemon Server] - 2026-03-16T13:55:53.123Z - Done responding to the client handleGetNxConsoleStatus
[NX v22.5.4 Daemon Server] - 2026-03-16T13:55:53.123Z - Handled json message GET_NX_CONSOLE_STATUS. Handling time: 0. Response time: 0.
[NX v22.5.4 Daemon Client] - 2026-03-16T13:55:53.123Z - [Messenger] Received message, length: 22
[NX v22.5.4 Daemon Server] - 2026-03-16T13:55:53.142Z - Time taken for 'Load Nx Plugin: /Users/mgoho/Github/doula-cooperative/node_modules/nx/src/plugins/project-json/build-nodes/project-json' 184.96900000000002ms
[NX v22.5.4 Daemon Server] - 2026-03-16T13:55:53.143Z - Time taken for 'Load Nx Plugin: /Users/mgoho/Github/doula-cooperative/node_modules/nx/src/plugins/package-json' 185.92437500000003ms
[NX v22.5.4 Daemon Server] - 2026-03-16T13:55:53.146Z - Time taken for 'loadDefaultNxPlugins' 189.66991700000003ms
[NX v22.5.4 Daemon Client] - 2026-03-16T13:55:53.147Z - [Messenger] Sending message type: REQUEST_PROJECT_GRAPH
[NX v22.5.4 Daemon Client] - 2026-03-16T13:55:53.147Z - [Messenger] Message sent
[NX v22.5.4 Daemon Server] - 2026-03-16T13:55:53.147Z - Received raw message of length 32
[NX v22.5.4 Daemon Server] - 2026-03-16T13:55:53.147Z - Received json message of type REQUEST_PROJECT_GRAPH
[NX v22.5.4 Daemon Server] - 2026-03-16T13:55:53.147Z - [REQUEST]: Client Request for Project Graph Received
[NX v22.5.4 Daemon Server] - 2026-03-16T13:55:53.168Z - Time taken for 'Load Nx Plugin: @nx/docker' 210.103292ms
[NX v22.5.4 Daemon Server] - 2026-03-16T13:55:53.183Z - Time taken for 'Load Nx Plugin: @nx/eslint/plugin' 225.430916ms
[NX v22.5.4 Daemon Server] - 2026-03-16T13:55:53.184Z - [REQUEST]: Updated workspace context based on watched changes, recomputing project graph...
[NX v22.5.4 Daemon Server] - 2026-03-16T13:55:53.184Z - [REQUEST]: 
[NX v22.5.4 Daemon Server] - 2026-03-16T13:55:53.184Z - [REQUEST]: 
[NX v22.5.4 Daemon Server] - 2026-03-16T13:55:53.186Z - Reusing in-memory cached project graph because no files changed.
[NX v22.5.4 Daemon Server] - 2026-03-16T13:55:53.189Z - Time taken for 'loadSpecifiedNxPlugins' 226.59275ms
[NX v22.5.4 Daemon Server] - 2026-03-16T13:55:53.190Z - Established a connection. Number of open connections: 2
[NX v22.5.4 Daemon Server] - 2026-03-16T13:55:53.190Z - Established a connection. Number of open connections: 3
[NX v22.5.4 Daemon Server] - 2026-03-16T13:55:53.190Z - Closed a connection. Number of open connections: 2
[NX v22.5.4 Daemon Server] - 2026-03-16T13:55:53.190Z - Established a connection. Number of open connections: 3
[NX v22.5.4 Daemon Server] - 2026-03-16T13:55:53.190Z - Closed a connection. Number of open connections: 2
[NX v22.5.4 Daemon Server] - 2026-03-16T13:55:53.190Z - Established a connection. Number of open connections: 3
[NX v22.5.4 Daemon Client] - 2026-03-16T13:55:53.190Z - [Messenger] Setting up socket listeners
[NX v22.5.4 Daemon Client] - 2026-03-16T13:55:53.191Z - [Messenger] listen() complete
[NX v22.5.4 Daemon Client] - 2026-03-16T13:55:53.190Z - [Messenger] Setting up socket listeners
[NX v22.5.4 Daemon Client] - 2026-03-16T13:55:53.191Z - [Messenger] listen() complete
[NX v22.5.4 Daemon Client] - 2026-03-16T13:55:53.191Z - [Messenger] Sending message type: GLOB
[NX v22.5.4 Daemon Client] - 2026-03-16T13:55:53.191Z - [Messenger] Sending message type: HASH_MULTI_GLOB
[NX v22.5.4 Daemon Client] - 2026-03-16T13:55:53.191Z - [Messenger] Message sent
[NX v22.5.4 Daemon Client] - 2026-03-16T13:55:53.191Z - [Messenger] Message sent
Time for 'daemon-message-serialization-HASH_MULTI_GLOB' 0.09941699999998832
Time for 'daemon-message-serialization-GLOB' 0.07695799999999053
[NX v22.5.4 Daemon Server] - 2026-03-16T13:55:53.201Z - Received raw message of length 50
[NX v22.5.4 Daemon Server] - 2026-03-16T13:55:53.201Z - Received json message of type HASH_MULTI_GLOB
[NX v22.5.4 Daemon Server] - 2026-03-16T13:55:53.201Z - Serializing response for HASH_GLOB message in json mode
[NX v22.5.4 Daemon Server] - 2026-03-16T13:55:53.201Z - Responding to HASH_GLOB message
[NX v22.5.4 Daemon Server] - 2026-03-16T13:55:53.201Z - [REQUEST]: Responding to the client. handleHashMultiGlob
[NX v22.5.4 Daemon Server] - 2026-03-16T13:55:53.201Z - Done responding to the client handleHashMultiGlob
[NX v22.5.4 Daemon Server] - 2026-03-16T13:55:53.201Z - Handled json message HASH_GLOB. Handling time: 0. Response time: 0.
[NX v22.5.4 Daemon Server] - 2026-03-16T13:55:53.201Z - Received raw message of length 73
[NX v22.5.4 Daemon Server] - 2026-03-16T13:55:53.201Z - Received json message of type GLOB
[NX v22.5.4 Daemon Client] - 2026-03-16T13:55:53.201Z - [Messenger] Received message, length: 23
[NX v22.5.4 Daemon Server] - 2026-03-16T13:55:53.202Z - Serializing response for GLOB message in json mode
[NX v22.5.4 Daemon Server] - 2026-03-16T13:55:53.202Z - Responding to GLOB message
[NX v22.5.4 Daemon Server] - 2026-03-16T13:55:53.202Z - [REQUEST]: Responding to the client. handleGlob
Time for 'nx/js/dependencies-and-lockfile:createNodes' 11.923000000000002
[NX v22.5.4 Daemon Server] - 2026-03-16T13:55:53.202Z - Done responding to the client handleGlob
[NX v22.5.4 Daemon Client] - 2026-03-16T13:55:53.202Z - [Messenger] Received message, length: 30943
[NX v22.5.4 Daemon Server] - 2026-03-16T13:55:53.202Z - Handled json message GLOB. Handling time: 1. Response time: 0.
[NX v22.5.4 Daemon Client] - 2026-03-16T13:55:53.203Z - [Messenger] Sending message type: HASH_MULTI_GLOB
[NX v22.5.4 Daemon Client] - 2026-03-16T13:55:53.203Z - [Messenger] Message sent
[NX v22.5.4 Daemon Server] - 2026-03-16T13:55:53.203Z - Received raw message of length 349
[NX v22.5.4 Daemon Server] - 2026-03-16T13:55:53.203Z - Received json message of type HASH_MULTI_GLOB
[NX v22.5.4 Daemon Server] - 2026-03-16T13:55:53.205Z - Serializing response for HASH_GLOB message in json mode
[NX v22.5.4 Daemon Server] - 2026-03-16T13:55:53.205Z - Responding to HASH_GLOB message
[NX v22.5.4 Daemon Server] - 2026-03-16T13:55:53.205Z - [REQUEST]: Responding to the client. handleHashMultiGlob
[NX v22.5.4 Daemon Server] - 2026-03-16T13:55:53.205Z - Done responding to the client handleHashMultiGlob
[NX v22.5.4 Daemon Server] - 2026-03-16T13:55:53.205Z - Handled json message HASH_GLOB. Handling time: 2. Response time: 0.
Time for 'GLOB round trip' 11.582290999999998
Time for 'deserialize daemon response - GLOB' 0.10212500000000091
Time for 'daemon-message-serialization-HASH_MULTI_GLOB' 0.013084000000020524
[NX v22.5.4 Daemon Client] - 2026-03-16T13:55:53.205Z - [Messenger] Received message, length: 111
[NX v22.5.4 Daemon Server] - 2026-03-16T13:55:53.226Z - Closed a connection. Number of open connections: 2
Time for 'HASH_MULTI_GLOB round trip' 1.7808750000000089
Time for 'deserialize daemon response - HASH_MULTI_GLOB' 0.007583000000010998
[baseline-browser-mapping] The data in this module is over two months old.  To ensure accurate Baseline data, please update: `npm i baseline-browser-mapping@latest -D`
[NX v22.5.4 Daemon Server] - 2026-03-16T13:55:53.588Z - Time taken for 'build-project-configs' 391.72733300000004ms
[NX v22.5.4 Daemon Server] - 2026-03-16T13:55:53.594Z - Closed a connection. Number of open connections: 1
Time for 'build typescript dependencies' 14.191041000000041
[NX v22.5.4 Daemon Server] - 2026-03-16T13:55:53.625Z - [SYNC]: collect registered sync generators
[NX v22.5.4 Daemon Server] - 2026-03-16T13:55:53.628Z - Wrote project graph cache to /Users/mgoho/Github/doula-cooperative/.nx/workspace-data/project-graph.json
[NX v22.5.4 Daemon Server] - 2026-03-16T13:55:53.628Z - Serializing response for REQUEST_PROJECT_GRAPH message in json mode
[NX v22.5.4 Daemon Server] - 2026-03-16T13:55:53.628Z - Responding to REQUEST_PROJECT_GRAPH message
[NX v22.5.4 Daemon Server] - 2026-03-16T13:55:53.628Z - [REQUEST]: Responding to the client. project-graph
[NX v22.5.4 Daemon Server] - 2026-03-16T13:55:53.628Z - Time taken for 'total for creating and serializing project graph' 480.85537500000004ms
[NX v22.5.4 Daemon Server] - 2026-03-16T13:55:53.630Z - Done responding to the client project-graph
[NX v22.5.4 Daemon Server] - 2026-03-16T13:55:53.630Z - Handled json message REQUEST_PROJECT_GRAPH. Handling time: 481. Response time: 2.
[NX v22.5.4 Daemon Client] - 2026-03-16T13:55:53.630Z - [Messenger] Received message, length: 566217
[NX v22.5.4 Daemon Client] - 2026-03-16T13:55:53.632Z - [Messenger] Sending message type: PRE_TASKS_EXECUTION
[NX v22.5.4 Daemon Client] - 2026-03-16T13:55:53.632Z - [Messenger] Message sent
[NX v22.5.4 Daemon Server] - 2026-03-16T13:55:53.632Z - Received raw message of length 677
[NX v22.5.4 Daemon Server] - 2026-03-16T13:55:53.633Z - Received json message of type PRE_TASKS_EXECUTION
[NX v22.5.4 Daemon Server] - 2026-03-16T13:55:53.633Z - Serializing response for PRE_TASKS_EXECUTION message in json mode
[NX v22.5.4 Daemon Server] - 2026-03-16T13:55:53.633Z - Responding to PRE_TASKS_EXECUTION message
[NX v22.5.4 Daemon Server] - 2026-03-16T13:55:53.633Z - [REQUEST]: Responding to the client. handleRunPreTasksExecution
[NX v22.5.4 Daemon Server] - 2026-03-16T13:55:53.633Z - Done responding to the client handleRunPreTasksExecution
[NX v22.5.4 Daemon Server] - 2026-03-16T13:55:53.633Z - Handled json message PRE_TASKS_EXECUTION. Handling time: 0. Response time: 0.
[NX v22.5.4 Daemon Server] - 2026-03-16T13:55:53.633Z - Time taken for 'preTasksExecution' 0.2929579999999987ms
[NX v22.5.4 Daemon Client] - 2026-03-16T13:55:53.633Z - [Messenger] Received message, length: 2
[NX v22.5.4 Daemon Client] - 2026-03-16T13:55:53.655Z - [Messenger] Sending message type: HASH_TASKS
[NX v22.5.4 Daemon Client] - 2026-03-16T13:55:53.655Z - [Messenger] Message sent
[NX v22.5.4 Daemon Server] - 2026-03-16T13:55:53.655Z - Received raw message of length 5283
[NX v22.5.4 Daemon Server] - 2026-03-16T13:55:53.655Z - Received json message of type HASH_TASKS
[NX v22.5.4 Daemon Server] - 2026-03-16T13:55:53.655Z - Reusing in-memory cached project graph because no files changed.
DEBUG nx::native::tasks::hash_planner: get_plans_internal COMPLETED in 355.625µs - processed 1 tasks (setup: 322.5µs, parallel_planning: 33.125µs)
DEBUG nx::native::tasks::hashers::hash_workspace_files: Hashing workspace fileset with inputs: Adding "1673557782483793169" (".gitignore") to hash
DEBUG nx::native::tasks::hashers::hash_workspace_files: Hashing workspace fileset with inputs: Adding "13467211139819667633" ("nx.json") to hash
DEBUG nx::native::tasks::hashers::hash_workspace_files: Hashing workspace fileset with inputs: Hash Value: "5449473227498849357"
DEBUG nx::native::tasks::task_hasher: hash_plans COMPLETED in 870.208µs - processed 1 plans (setup: 177.375µs, hashing: 692.75µs, assembly: 64.5µs)
[NX v22.5.4 Daemon Server] - 2026-03-16T13:55:53.659Z - Serializing response for HASH_TASKS message in json mode
[NX v22.5.4 Daemon Server] - 2026-03-16T13:55:53.660Z - Responding to HASH_TASKS message
[NX v22.5.4 Daemon Server] - 2026-03-16T13:55:53.660Z - [REQUEST]: Responding to the client. handleHashTasks
[NX v22.5.4 Daemon Server] - 2026-03-16T13:55:53.660Z - Done responding to the client handleHashTasks
[NX v22.5.4 Daemon Server] - 2026-03-16T13:55:53.660Z - Handled json message HASH_TASKS. Handling time: 4. Response time: 1.
[NX v22.5.4 Daemon Client] - 2026-03-16T13:55:53.660Z - [Messenger] Received message, length: 31516
[NX v22.5.4 Daemon Client] - 2026-03-16T13:55:53.685Z - [Messenger] Sending message type: GET_ESTIMATED_TASK_TIMINGS
[NX v22.5.4 Daemon Client] - 2026-03-16T13:55:53.685Z - [Messenger] Message sent
[NX v22.5.4 Daemon Server] - 2026-03-16T13:55:53.685Z - Received raw message of length 90
[NX v22.5.4 Daemon Server] - 2026-03-16T13:55:53.685Z - Received json message of type GET_ESTIMATED_TASK_TIMINGS
[NX v22.5.4 Daemon Server] - 2026-03-16T13:55:53.701Z - Serializing response for GET_ESTIMATED_TASK_TIMINGS message in json mode
[NX v22.5.4 Daemon Server] - 2026-03-16T13:55:53.701Z - Responding to GET_ESTIMATED_TASK_TIMINGS message
[NX v22.5.4 Daemon Server] - 2026-03-16T13:55:53.701Z - [REQUEST]: Responding to the client. handleGetEstimatedTaskTimings
[NX v22.5.4 Daemon Server] - 2026-03-16T13:55:53.701Z - Done responding to the client handleGetEstimatedTaskTimings
[NX v22.5.4 Daemon Server] - 2026-03-16T13:55:53.701Z - Handled json message GET_ESTIMATED_TASK_TIMINGS. Handling time: 16. Response time: 0.
[NX v22.5.4 Daemon Client] - 2026-03-16T13:55:53.701Z - [Messenger] Received message, length: 26
[NX v22.5.4 Daemon Server] - 2026-03-16T13:55:55.318Z - [WATCHER]: 0 file(s) created or restored, 0 file(s) modified, 0 file(s) deleted
[NX v22.5.4 Daemon Server] - 2026-03-16T13:55:55.318Z - [WATCHER]: Processing file changes in outputs
[NX v22.5.4 Daemon Server] - 2026-03-16T13:55:55.368Z - [WATCHER]: 0 file(s) created or restored, 0 file(s) modified, 0 file(s) deleted
[NX v22.5.4 Daemon Server] - 2026-03-16T13:55:55.371Z - [WATCHER]: Processing file changes in outputs
[NX v22.5.4 Daemon Server] - 2026-03-16T13:55:55.420Z - [REQUEST]: Updated workspace context based on watched changes, recomputing project graph...
[NX v22.5.4 Daemon Server] - 2026-03-16T13:55:55.420Z - [REQUEST]: 
[NX v22.5.4 Daemon Server] - 2026-03-16T13:55:55.420Z - [REQUEST]: 
[NX v22.5.4 Daemon Server] - 2026-03-16T13:55:55.427Z - [WATCHER]: 0 file(s) created or restored, 0 file(s) modified, 0 file(s) deleted
[NX v22.5.4 Daemon Server] - 2026-03-16T13:55:55.427Z - [WATCHER]: Processing file changes in outputs
[NX v22.5.4 Daemon Server] - 2026-03-16T13:55:55.427Z - Time taken for 'hash changed files from watcher' 0.41212499999983265ms
Time for 'plugin worker 55673 code loading' 3.908208
Time for 'plugin worker 55672 code loading' 4.110667000000001
Time for 'plugin worker 55671 code loading' 4.218958000000001
Time for 'plugin worker 55674 code loading' 4.076583000000001
Time for 'plugin worker 55675 code loading' 4.194333
Time for 'plugin worker 55676 code loading' 3.7004579999999994
[NX v22.5.4 Daemon Server] - 2026-03-16T13:55:55.457Z - Time taken for 'start-plugin-worker:@nx/eslint/plugin' 34.08462499999996ms
[NX v22.5.4 Daemon Server] - 2026-03-16T13:55:55.457Z - Time taken for 'start-plugin-worker:nx/core/package-json' 31.698875000000044ms
[NX v22.5.4 Daemon Server] - 2026-03-16T13:55:55.472Z - [WATCHER]: 0 file(s) created or restored, 0 file(s) modified, 0 file(s) deleted
[NX v22.5.4 Daemon Server] - 2026-03-16T13:55:55.474Z - [WATCHER]: Processing file changes in outputs
[NX v22.5.4 Daemon Client] - 2026-03-16T13:55:55.542Z - [Messenger] Sending message type: RECORD_OUTPUTS_HASH
[NX v22.5.4 Daemon Client] - 2026-03-16T13:55:55.542Z - [Messenger] Message sent
[NX v22.5.4 Daemon Server] - 2026-03-16T13:55:55.542Z - Received raw message of length 151
[NX v22.5.4 Daemon Server] - 2026-03-16T13:55:55.542Z - Received json message of type RECORD_OUTPUTS_HASH
[NX v22.5.4 Daemon Server] - 2026-03-16T13:55:55.543Z - Serializing response for RECORD_OUTPUTS_HASH message in json mode
[NX v22.5.4 Daemon Server] - 2026-03-16T13:55:55.543Z - Responding to RECORD_OUTPUTS_HASH message
[NX v22.5.4 Daemon Server] - 2026-03-16T13:55:55.543Z - [REQUEST]: Responding to the client. recordOutputsHash
[NX v22.5.4 Daemon Server] - 2026-03-16T13:55:55.543Z - Done responding to the client recordOutputsHash
[NX v22.5.4 Daemon Server] - 2026-03-16T13:55:55.543Z - Handled json message RECORD_OUTPUTS_HASH. Handling time: 1. Response time: 0.
[NX v22.5.4 Daemon Client] - 2026-03-16T13:55:55.543Z - [Messenger] Received message, length: 2
[NX v22.5.4 Daemon Client] - 2026-03-16T13:55:55.544Z - [Messenger] Sending message type: RECORD_TASK_RUNS
[NX v22.5.4 Daemon Client] - 2026-03-16T13:55:55.544Z - [Messenger] Message sent
[NX v22.5.4 Daemon Server] - 2026-03-16T13:55:55.544Z - Received raw message of length 209
[NX v22.5.4 Daemon Server] - 2026-03-16T13:55:55.544Z - Received json message of type RECORD_TASK_RUNS
[NX v22.5.4 Daemon Server] - 2026-03-16T13:55:55.545Z - Serializing response for RECORD_TASK_RUNS message in json mode
[NX v22.5.4 Daemon Server] - 2026-03-16T13:55:55.545Z - Responding to RECORD_TASK_RUNS message
[NX v22.5.4 Daemon Server] - 2026-03-16T13:55:55.545Z - [REQUEST]: Responding to the client. handleRecordTaskRuns
[NX v22.5.4 Daemon Server] - 2026-03-16T13:55:55.545Z - Done responding to the client handleRecordTaskRuns
[NX v22.5.4 Daemon Server] - 2026-03-16T13:55:55.545Z - Handled json message RECORD_TASK_RUNS. Handling time: 1. Response time: 0.
[NX v22.5.4 Daemon Client] - 2026-03-16T13:55:55.545Z - [Messenger] Received message, length: 4
[NX v22.5.4 Daemon Client] - 2026-03-16T13:55:55.546Z - [Messenger] Sending message type: POST_TASKS_EXECUTION
[NX v22.5.4 Daemon Client] - 2026-03-16T13:55:55.547Z - [Messenger] Message sent
[NX v22.5.4 Daemon Server] - 2026-03-16T13:55:55.547Z - Received raw message of length 8815
[NX v22.5.4 Daemon Server] - 2026-03-16T13:55:55.547Z - Received json message of type POST_TASKS_EXECUTION
[NX v22.5.4 Daemon Server] - 2026-03-16T13:55:55.547Z - Serializing response for POST_TASKS_EXECUTION message in json mode
[NX v22.5.4 Daemon Server] - 2026-03-16T13:55:55.547Z - Responding to POST_TASKS_EXECUTION message
[NX v22.5.4 Daemon Server] - 2026-03-16T13:55:55.547Z - [REQUEST]: Responding to the client. handleRunPostTasksExecution
[NX v22.5.4 Daemon Server] - 2026-03-16T13:55:55.547Z - Done responding to the client handleRunPostTasksExecution
[NX v22.5.4 Daemon Server] - 2026-03-16T13:55:55.547Z - Handled json message POST_TASKS_EXECUTION. Handling time: 0. Response time: 0.
[NX v22.5.4 Daemon Server] - 2026-03-16T13:55:55.547Z - Time taken for 'postTasksExecution' 0.15766600000006292ms
[NX v22.5.4 Daemon Client] - 2026-03-16T13:55:55.547Z - [Messenger] Received message, length: 4
Time for 'nx/js/dependencies-and-lockfile:createNodes' 2.2940420000000046
[NX v22.5.4 Daemon Server] - 2026-03-16T13:55:55.554Z - Closed a connection. Number of open connections: 0
[NX v22.5.4 Daemon Server] - 2026-03-16T13:55:55.577Z - Established a connection. Number of open connections: 1
[NX v22.5.4 Daemon Server] - 2026-03-16T13:55:55.577Z - Closed a connection. Number of open connections: 0
[NX v22.5.4 Daemon Server] - 2026-03-16T13:55:55.578Z - Established a connection. Number of open connections: 1
[NX v22.5.4 Daemon Client] - 2026-03-16T13:55:55.578Z - [Messenger] Setting up socket listeners
[NX v22.5.4 Daemon Client] - 2026-03-16T13:55:55.578Z - [Messenger] listen() complete
[NX v22.5.4 Daemon Client] - 2026-03-16T13:55:55.578Z - [Messenger] Sending message type: HASH_MULTI_GLOB
[NX v22.5.4 Daemon Client] - 2026-03-16T13:55:55.579Z - [Messenger] Message sent
Time for 'daemon-message-serialization-HASH_MULTI_GLOB' 0.10412500000001046
[NX v22.5.4 Daemon Server] - 2026-03-16T13:55:55.586Z - Received raw message of length 50
[NX v22.5.4 Daemon Server] - 2026-03-16T13:55:55.586Z - Received json message of type HASH_MULTI_GLOB
[NX v22.5.4 Daemon Server] - 2026-03-16T13:55:55.586Z - Serializing response for HASH_GLOB message in json mode
[NX v22.5.4 Daemon Server] - 2026-03-16T13:55:55.586Z - Responding to HASH_GLOB message
[NX v22.5.4 Daemon Server] - 2026-03-16T13:55:55.586Z - [REQUEST]: Responding to the client. handleHashMultiGlob
[NX v22.5.4 Daemon Server] - 2026-03-16T13:55:55.587Z - Done responding to the client handleHashMultiGlob
[NX v22.5.4 Daemon Server] - 2026-03-16T13:55:55.587Z - Handled json message HASH_GLOB. Handling time: 0. Response time: 1.
[NX v22.5.4 Daemon Client] - 2026-03-16T13:55:55.587Z - [Messenger] Received message, length: 23
[NX v22.5.4 Daemon Server] - 2026-03-16T13:55:55.591Z - Closed a connection. Number of open connections: 0
[NX v22.5.4 Daemon Server] - 2026-03-16T13:55:55.595Z - Established a connection. Number of open connections: 1
[NX v22.5.4 Daemon Server] - 2026-03-16T13:55:55.595Z - Closed a connection. Number of open connections: 0
[NX v22.5.4 Daemon Server] - 2026-03-16T13:55:55.595Z - Established a connection. Number of open connections: 1
[NX v22.5.4 Daemon Client] - 2026-03-16T13:55:55.595Z - [Messenger] Setting up socket listeners
[NX v22.5.4 Daemon Client] - 2026-03-16T13:55:55.596Z - [Messenger] listen() complete
[NX v22.5.4 Daemon Client] - 2026-03-16T13:55:55.596Z - [Messenger] Sending message type: GLOB
[NX v22.5.4 Daemon Client] - 2026-03-16T13:55:55.596Z - [Messenger] Message sent
Time for 'daemon-message-serialization-GLOB' 0.10049999999998249
[NX v22.5.4 Daemon Server] - 2026-03-16T13:55:55.604Z - Received raw message of length 73
[NX v22.5.4 Daemon Server] - 2026-03-16T13:55:55.604Z - Received json message of type GLOB
[NX v22.5.4 Daemon Server] - 2026-03-16T13:55:55.605Z - Serializing response for GLOB message in json mode
[NX v22.5.4 Daemon Server] - 2026-03-16T13:55:55.605Z - Responding to GLOB message
[NX v22.5.4 Daemon Server] - 2026-03-16T13:55:55.605Z - [REQUEST]: Responding to the client. handleGlob
[NX v22.5.4 Daemon Server] - 2026-03-16T13:55:55.605Z - Done responding to the client handleGlob
[NX v22.5.4 Daemon Client] - 2026-03-16T13:55:55.605Z - [Messenger] Received message, length: 30943
[NX v22.5.4 Daemon Server] - 2026-03-16T13:55:55.605Z - Handled json message GLOB. Handling time: 1. Response time: 0.
[NX v22.5.4 Daemon Client] - 2026-03-16T13:55:55.606Z - [Messenger] Sending message type: HASH_MULTI_GLOB
[NX v22.5.4 Daemon Client] - 2026-03-16T13:55:55.606Z - [Messenger] Message sent
[NX v22.5.4 Daemon Server] - 2026-03-16T13:55:55.606Z - Received raw message of length 349
[NX v22.5.4 Daemon Server] - 2026-03-16T13:55:55.606Z - Received json message of type HASH_MULTI_GLOB
[NX v22.5.4 Daemon Server] - 2026-03-16T13:55:55.607Z - Serializing response for HASH_GLOB message in json mode
[NX v22.5.4 Daemon Server] - 2026-03-16T13:55:55.607Z - Responding to HASH_GLOB message
[NX v22.5.4 Daemon Server] - 2026-03-16T13:55:55.607Z - [REQUEST]: Responding to the client. handleHashMultiGlob
[NX v22.5.4 Daemon Server] - 2026-03-16T13:55:55.607Z - Done responding to the client handleHashMultiGlob
[NX v22.5.4 Daemon Server] - 2026-03-16T13:55:55.607Z - Handled json message HASH_GLOB. Handling time: 1. Response time: 0.
Time for 'GLOB round trip' 9.40895900000001
Time for 'deserialize daemon response - GLOB' 0.09391700000000469
Time for 'daemon-message-serialization-HASH_MULTI_GLOB' 0.01300000000000523
[NX v22.5.4 Daemon Client] - 2026-03-16T13:55:55.607Z - [Messenger] Received message, length: 111
[NX v22.5.4 Daemon Server] - 2026-03-16T13:55:55.629Z - [REQUEST]: Updated workspace context based on watched changes, recomputing project graph...
[NX v22.5.4 Daemon Server] - 2026-03-16T13:55:55.629Z - [REQUEST]: 
[NX v22.5.4 Daemon Server] - 2026-03-16T13:55:55.629Z - [REQUEST]: 
[NX v22.5.4 Daemon Server] - 2026-03-16T13:55:55.633Z - Time taken for 'hash changed files from watcher' 0.4291250000001128ms
Time for 'nx/js/dependencies-and-lockfile:createNodes' 1.9282500000000198
Time for 'plugin worker 55695 code loading' 3.3885000000000005
Time for 'plugin worker 55697 code loading' 3.427709
Time for 'plugin worker 55694 code loading' 3.3345000000000002
Time for 'plugin worker 55696 code loading' 3.401083999999999
[NX v22.5.4 Daemon Server] - 2026-03-16T13:55:55.663Z - Time taken for 'start-plugin-worker:@nx/playwright/plugin' 32.62845799999968ms
[NX v22.5.4 Daemon Client] - 2026-03-16T13:55:55.665Z - [Messenger] Sending message type: GLOB
[NX v22.5.4 Daemon Client] - 2026-03-16T13:55:55.665Z - [Messenger] Message sent
[NX v22.5.4 Daemon Server] - 2026-03-16T13:55:55.665Z - Time taken for 'build-project-configs' 35.7595409999999ms
Time for '@nx/eslint/plugin:createNodes' 70.958042
Time for 'HASH_MULTI_GLOB round trip' 1.414541999999983
Time for 'deserialize daemon response - HASH_MULTI_GLOB' 0.009833999999983689
Time for 'daemon-message-serialization-GLOB' 0.004750000000001364
[NX v22.5.4 Daemon Server] - 2026-03-16T13:55:55.665Z - Received raw message of length 73
[NX v22.5.4 Daemon Server] - 2026-03-16T13:55:55.665Z - Received json message of type GLOB
[NX v22.5.4 Daemon Server] - 2026-03-16T13:55:55.666Z - Serializing response for GLOB message in json mode
[NX v22.5.4 Daemon Server] - 2026-03-16T13:55:55.666Z - Responding to GLOB message
[NX v22.5.4 Daemon Server] - 2026-03-16T13:55:55.666Z - [REQUEST]: Responding to the client. handleGlob
[NX v22.5.4 Daemon Server] - 2026-03-16T13:55:55.666Z - Done responding to the client handleGlob
[NX v22.5.4 Daemon Server] - 2026-03-16T13:55:55.666Z - Handled json message GLOB. Handling time: 1. Response time: 0.
[NX v22.5.4 Daemon Client] - 2026-03-16T13:55:55.666Z - [Messenger] Received message, length: 30943
[NX v22.5.4 Daemon Client] - 2026-03-16T13:55:55.667Z - [Messenger] Sending message type: HASH_MULTI_GLOB
[NX v22.5.4 Daemon Client] - 2026-03-16T13:55:55.667Z - [Messenger] Message sent
[NX v22.5.4 Daemon Server] - 2026-03-16T13:55:55.667Z - Received raw message of length 349
[NX v22.5.4 Daemon Server] - 2026-03-16T13:55:55.667Z - Received json message of type HASH_MULTI_GLOB
[NX v22.5.4 Daemon Server] - 2026-03-16T13:55:55.668Z - Serializing response for HASH_GLOB message in json mode
[NX v22.5.4 Daemon Server] - 2026-03-16T13:55:55.668Z - Responding to HASH_GLOB message
[NX v22.5.4 Daemon Server] - 2026-03-16T13:55:55.668Z - [REQUEST]: Responding to the client. handleHashMultiGlob
[NX v22.5.4 Daemon Server] - 2026-03-16T13:55:55.668Z - Done responding to the client handleHashMultiGlob
[NX v22.5.4 Daemon Server] - 2026-03-16T13:55:55.668Z - Handled json message HASH_GLOB. Handling time: 1. Response time: 0.
Time for 'GLOB round trip' 1.7338750000000118
Time for 'deserialize daemon response - GLOB' 0.03841700000000969
Time for 'daemon-message-serialization-HASH_MULTI_GLOB' 0.00966700000000742
[NX v22.5.4 Daemon Client] - 2026-03-16T13:55:55.668Z - [Messenger] Received message, length: 111
[NX v22.5.4 Daemon Server] - 2026-03-16T13:55:55.672Z - Closed a connection. Number of open connections: 0
[NX v22.5.4 Daemon Server] - 2026-03-16T13:55:55.755Z - Established a connection. Number of open connections: 1
[NX v22.5.4 Daemon Server] - 2026-03-16T13:55:55.755Z - Established a connection. Number of open connections: 2
[NX v22.5.4 Daemon Server] - 2026-03-16T13:55:55.755Z - Closed a connection. Number of open connections: 1
[NX v22.5.4 Daemon Client] - 2026-03-16T13:55:55.755Z - [Messenger] Setting up socket listeners
[NX v22.5.4 Daemon Client] - 2026-03-16T13:55:55.756Z - [Messenger] listen() complete
[NX v22.5.4 Daemon Client] - 2026-03-16T13:55:55.756Z - [Messenger] Sending message type: HASH_MULTI_GLOB
[NX v22.5.4 Daemon Client] - 2026-03-16T13:55:55.756Z - [Messenger] Message sent
Time for 'daemon-message-serialization-HASH_MULTI_GLOB' 0.09129199999999571
[NX v22.5.4 Daemon Server] - 2026-03-16T13:55:55.763Z - Received raw message of length 50
[NX v22.5.4 Daemon Server] - 2026-03-16T13:55:55.763Z - Received json message of type HASH_MULTI_GLOB
[NX v22.5.4 Daemon Server] - 2026-03-16T13:55:55.763Z - Serializing response for HASH_GLOB message in json mode
[NX v22.5.4 Daemon Server] - 2026-03-16T13:55:55.763Z - Responding to HASH_GLOB message
[NX v22.5.4 Daemon Server] - 2026-03-16T13:55:55.763Z - [REQUEST]: Responding to the client. handleHashMultiGlob
[NX v22.5.4 Daemon Server] - 2026-03-16T13:55:55.763Z - Done responding to the client handleHashMultiGlob
[NX v22.5.4 Daemon Server] - 2026-03-16T13:55:55.763Z - Handled json message HASH_GLOB. Handling time: 0. Response time: 0.
[NX v22.5.4 Daemon Client] - 2026-03-16T13:55:55.764Z - [Messenger] Received message, length: 23
[NX v22.5.4 Daemon Server] - 2026-03-16T13:55:55.768Z - Closed a connection. Number of open connections: 0
[NX v22.5.4 Daemon Server] - 2026-03-16T13:55:55.777Z - Time taken for 'build-project-configs' 142.87962500000003ms
Time for 'build typescript dependencies' 0.043416999999976724
[NX v22.5.4 Daemon Server] - 2026-03-16T13:55:55.784Z - [SYNC]: collect registered sync generators
[NX v22.5.4 Daemon Server] - 2026-03-16T13:55:55.784Z - [SYNC]: project graph hash is the same, not collecting task sync generators
[NX v22.5.4 Daemon Server] - 2026-03-16T13:55:55.784Z - [SYNC]: nx.json hash is the same, not collecting global sync generators
[NX v22.5.4 Daemon Server] - 2026-03-16T13:55:55.784Z - [SYNC]: collect registered sync generators
[NX v22.5.4 Daemon Server] - 2026-03-16T13:55:55.784Z - [SYNC]: project graph hash is the same, not collecting task sync generators
[NX v22.5.4 Daemon Server] - 2026-03-16T13:55:55.784Z - [SYNC]: nx.json hash is the same, not collecting global sync generators
[NX v22.5.4 Daemon Server] - 2026-03-16T13:55:55.784Z - Time taken for 'total execution time for createProjectGraph()' 9.504417000000103ms
[NX v22.5.4 Daemon Server] - 2026-03-16T13:56:08.792Z - [Server] lock file hash changed! old=17481431975462467709, new=12087138800027628215
[NX v22.5.4 Daemon Server] - 2026-03-16T13:56:08.792Z - [Server] Daemon outdated: LOCK_FILES_CHANGED
[NX v22.5.4 Daemon Server] - 2026-03-16T13:56:08.792Z - [Server] Restarting daemon...
[NX v22.5.4 Daemon Server] - 2026-03-16T13:56:08.792Z - Restarting daemon with script: /Users/mgoho/Github/doula-cooperative/node_modules/nx/src/daemon/server/start.js
[NX v22.5.4 Daemon Server] - 2026-03-16T13:56:08.792Z - Old daemon __dirname: /Users/mgoho/Github/doula-cooperative/node_modules/nx/src/daemon/server
[NX v22.5.4 Daemon Server] - 2026-03-16T13:56:08.792Z - Current process.execPath: /Users/mgoho/.nvm/versions/node/v22.19.0/bin/node
[NX v22.5.4 Daemon Server] - 2026-03-16T13:56:08.793Z - Started new daemon process in background
[NX v22.5.4 Daemon Server] - 2026-03-16T13:56:08.793Z - [WATCHER]: Stopping the watcher for /Users/mgoho/Github/doula-cooperative (sources)
[NX v22.5.4 Daemon Server] - 2026-03-16T13:56:08.793Z - [WATCHER]: Stopping the watcher for /Users/mgoho/Github/doula-cooperative (outputs)
[NX v22.5.4 Daemon Server] - 2026-03-16T13:56:08.794Z - [NX-CONSOLE]: Cleaning up latest Nx installation from /private/var/folders/0q/9skt2c_j7hq6m6s7w998dbmh0000gn/T/tmp-55530-RcgUwtynNgnK
[NX v22.5.4 Daemon Server] - 2026-03-16T13:56:08.794Z - Server stopped because: "LOCK_FILES_CHANGED"
[NX v22.5.4 Daemon Server] - 2026-03-16T13:56:08.875Z - New daemon starting from: /Users/mgoho/Github/doula-cooperative/node_modules/nx/src/daemon/server/server.js
[NX v22.5.4 Daemon Server] - 2026-03-16T13:56:08.876Z - New daemon __dirname: /Users/mgoho/Github/doula-cooperative/node_modules/nx/src/daemon/server
[NX v22.5.4 Daemon Server] - 2026-03-16T13:56:08.876Z - New daemon nxVersion: 22.5.4
[NX v22.5.4 Daemon Server] - 2026-03-16T13:56:08.876Z - New daemon getInstalledNxVersion(): 22.5.4
[NX v22.5.4 Daemon Server] - 2026-03-16T13:56:08.877Z - [Server] Starting outdated check interval (20ms)
[NX v22.5.4 Daemon Server] - 2026-03-16T13:56:08.880Z - Started listening on: /private/var/folders/0q/9skt2c_j7hq6m6s7w998dbmh0000gn/T/7e02d5117a9400c03dcf/d.sock
[NX v22.5.4 Daemon Server] - 2026-03-16T13:56:08.881Z - [WATCHER]: Subscribed to changes within: /Users/mgoho/Github/doula-cooperative (native)
[NX v22.5.4 Daemon Server] - 2026-03-16T13:56:08.881Z - [NX-CONSOLE]: Pulling latest Nx (latest) to check console status...
Fetching nx...
[NX v22.5.4 Daemon Server] - 2026-03-16T13:56:08.980Z - [NX-CONSOLE]: Successfully pulled latest Nx to /private/var/folders/0q/9skt2c_j7hq6m6s7w998dbmh0000gn/T/tmp-55785-kZrcfC1Oegpf
[NX v22.5.4 Daemon Server] - 2026-03-16T13:56:09.056Z - [NX-CONSOLE]: Using local implementation (NX_USE_LOCAL=true or inner call)
DEBUG nx::native::ide::install: Detected editor: Unknown
[NX v22.5.4 Daemon Server] - 2026-03-16T13:56:09.056Z - [NX-CONSOLE]: Console status check completed, shouldPrompt: false
Time for 'plugin worker 55790 code loading' 3.360292000000001
Time for 'plugin worker 55789 code loading' 3.1627089999999995
Time for 'plugin worker 55791 code loading' 3.4251249999999995
Time for 'plugin worker 55794 code loading' 2.87575
Time for 'plugin worker 55792 code loading' 3.2257499999999997
Time for 'plugin worker 55793 code loading' 3.0332919999999994
[NX v22.5.4 Daemon Server] - 2026-03-16T13:56:09.197Z - [REQUEST]: Updated workspace context based on watched changes, recomputing project graph...
[NX v22.5.4 Daemon Server] - 2026-03-16T13:56:09.197Z - [REQUEST]: 
[NX v22.5.4 Daemon Server] - 2026-03-16T13:56:09.197Z - [REQUEST]: 
[NX v22.5.4 Daemon Server] - 2026-03-16T13:56:09.203Z - Established a connection. Number of open connections: 1
[NX v22.5.4 Daemon Server] - 2026-03-16T13:56:09.203Z - Established a connection. Number of open connections: 2
[NX v22.5.4 Daemon Server] - 2026-03-16T13:56:09.204Z - Closed a connection. Number of open connections: 1
[NX v22.5.4 Daemon Server] - 2026-03-16T13:56:09.204Z - Established a connection. Number of open connections: 2
[NX v22.5.4 Daemon Server] - 2026-03-16T13:56:09.204Z - Closed a connection. Number of open connections: 1
[NX v22.5.4 Daemon Server] - 2026-03-16T13:56:09.204Z - Established a connection. Number of open connections: 2
[NX v22.5.4 Daemon Client] - 2026-03-16T13:56:09.203Z - [Messenger] Setting up socket listeners
[NX v22.5.4 Daemon Client] - 2026-03-16T13:56:09.203Z - [Messenger] Setting up socket listeners
[NX v22.5.4 Daemon Client] - 2026-03-16T13:56:09.204Z - [Messenger] listen() complete
[NX v22.5.4 Daemon Client] - 2026-03-16T13:56:09.204Z - [Messenger] listen() complete
[NX v22.5.4 Daemon Client] - 2026-03-16T13:56:09.204Z - [Messenger] Sending message type: HASH_MULTI_GLOB
[NX v22.5.4 Daemon Client] - 2026-03-16T13:56:09.204Z - [Messenger] Sending message type: GLOB
[NX v22.5.4 Daemon Client] - 2026-03-16T13:56:09.204Z - [Messenger] Message sent
[NX v22.5.4 Daemon Client] - 2026-03-16T13:56:09.204Z - [Messenger] Message sent
Time for 'nx/core/package-json:createNodes' 2.2348750000000166
Time for 'daemon-message-serialization-HASH_MULTI_GLOB' 0.09799999999998477
Time for 'daemon-message-serialization-GLOB' 0.08258299999999963
[NX v22.5.4 Daemon Server] - 2026-03-16T13:56:09.215Z - Received raw message of length 50
[NX v22.5.4 Daemon Server] - 2026-03-16T13:56:09.215Z - Received json message of type HASH_MULTI_GLOB
[NX v22.5.4 Daemon Server] - 2026-03-16T13:56:09.216Z - Serializing response for HASH_GLOB message in json mode
[NX v22.5.4 Daemon Server] - 2026-03-16T13:56:09.216Z - Responding to HASH_GLOB message
[NX v22.5.4 Daemon Server] - 2026-03-16T13:56:09.216Z - [REQUEST]: Responding to the client. handleHashMultiGlob
[NX v22.5.4 Daemon Server] - 2026-03-16T13:56:09.216Z - Done responding to the client handleHashMultiGlob
[NX v22.5.4 Daemon Server] - 2026-03-16T13:56:09.216Z - Handled json message HASH_GLOB. Handling time: 1. Response time: 0.
[NX v22.5.4 Daemon Server] - 2026-03-16T13:56:09.216Z - Received raw message of length 73
[NX v22.5.4 Daemon Server] - 2026-03-16T13:56:09.216Z - Received json message of type GLOB
[NX v22.5.4 Daemon Client] - 2026-03-16T13:56:09.216Z - [Messenger] Received message, length: 23
[NX v22.5.4 Daemon Server] - 2026-03-16T13:56:09.216Z - Serializing response for GLOB message in json mode
[NX v22.5.4 Daemon Server] - 2026-03-16T13:56:09.217Z - Responding to GLOB message
[NX v22.5.4 Daemon Server] - 2026-03-16T13:56:09.217Z - [REQUEST]: Responding to the client. handleGlob
[NX v22.5.4 Daemon Server] - 2026-03-16T13:56:09.217Z - Done responding to the client handleGlob
[NX v22.5.4 Daemon Client] - 2026-03-16T13:56:09.217Z - [Messenger] Received message, length: 30943
[NX v22.5.4 Daemon Server] - 2026-03-16T13:56:09.217Z - Handled json message GLOB. Handling time: 0. Response time: 1.
[NX v22.5.4 Daemon Client] - 2026-03-16T13:56:09.218Z - [Messenger] Sending message type: HASH_MULTI_GLOB
[NX v22.5.4 Daemon Client] - 2026-03-16T13:56:09.218Z - [Messenger] Message sent
[NX v22.5.4 Daemon Server] - 2026-03-16T13:56:09.218Z - Received raw message of length 349
[NX v22.5.4 Daemon Server] - 2026-03-16T13:56:09.218Z - Received json message of type HASH_MULTI_GLOB
[NX v22.5.4 Daemon Server] - 2026-03-16T13:56:09.219Z - Serializing response for HASH_GLOB message in json mode
[NX v22.5.4 Daemon Server] - 2026-03-16T13:56:09.219Z - Responding to HASH_GLOB message
[NX v22.5.4 Daemon Server] - 2026-03-16T13:56:09.219Z - [REQUEST]: Responding to the client. handleHashMultiGlob
[NX v22.5.4 Daemon Server] - 2026-03-16T13:56:09.219Z - Done responding to the client handleHashMultiGlob
[NX v22.5.4 Daemon Server] - 2026-03-16T13:56:09.219Z - Handled json message HASH_GLOB. Handling time: 1. Response time: 0.
Time for 'GLOB round trip' 12.884457999999995
Time for 'deserialize daemon response - GLOB' 0.08737499999998022
Time for 'daemon-message-serialization-HASH_MULTI_GLOB' 0.011833000000024185
[NX v22.5.4 Daemon Client] - 2026-03-16T13:56:09.219Z - [Messenger] Received message, length: 112
[NX v22.5.4 Daemon Server] - 2026-03-16T13:56:09.220Z - Closed a connection. Number of open connections: 1
Time for 'nx/js/dependencies-and-lockfile:createNodes' 19.167292000000003
[NX v22.5.4 Daemon Server] - 2026-03-16T13:56:09.284Z - Time taken for 'build-project-configs' 73.18037499999997ms
[NX v22.5.4 Daemon Server] - 2026-03-16T13:56:09.287Z - Closed a connection. Number of open connections: 0
Time for 'build typescript dependencies' 165.89829099999997
[NX v22.5.4 Daemon Server] - 2026-03-16T13:56:09.489Z - [SYNC]: collect registered sync generators
[NX v22.5.4 Daemon Server] - 2026-03-16T13:56:09.489Z - Time taken for 'total execution time for createProjectGraph()' 208.920458ms
[NX v22.5.4 Daemon Server] - 2026-03-16T13:56:25.672Z - [WATCHER]: 1 file(s) created or restored, 0 file(s) modified, 1 file(s) deleted
[NX v22.5.4 Daemon Server] - 2026-03-16T13:56:25.672Z - [SYNC]: clearing sync generators cache due to file changes
[NX v22.5.4 Daemon Server] - 2026-03-16T13:56:25.672Z - [WATCHER]: Processing file changes in outputs
[NX v22.5.4 Daemon Server] - 2026-03-16T13:56:25.773Z - [REQUEST]: Updated workspace context based on watched changes, recomputing project graph...
[NX v22.5.4 Daemon Server] - 2026-03-16T13:56:25.774Z - [REQUEST]: functions/tsconfig.json
[NX v22.5.4 Daemon Server] - 2026-03-16T13:56:25.774Z - [REQUEST]: functions/tsconfig.json.tmp.93003.1773669385590
[NX v22.5.4 Daemon Server] - 2026-03-16T13:56:25.783Z - Time taken for 'hash changed files from watcher' 0.9192919999986771ms
Time for 'plugin worker 55922 code loading' 3.6411250000000006
Time for 'plugin worker 55920 code loading' 4.016375
Time for 'plugin worker 55923 code loading' 3.899000000000001
Time for 'plugin worker 55921 code loading' 4.131208000000001
Time for 'plugin worker 55924 code loading' 3.925832999999999
Time for 'plugin worker 55925 code loading' 3.443249999999999
[NX v22.5.4 Daemon Server] - 2026-03-16T13:56:25.811Z - Time taken for 'start-plugin-worker:@nx/eslint/plugin' 33.552999999999884ms
[NX v22.5.4 Daemon Server] - 2026-03-16T13:56:25.813Z - Time taken for 'start-plugin-worker:nx/core/package-json' 31.315792000001238ms
[NX v22.5.4 Daemon Server] - 2026-03-16T13:56:25.815Z - Time taken for 'start-plugin-worker:nx/core/project-json' 32.913666000000376ms
Time for 'nx/core/package-json:createNodes' 2.3816249999999997
Time for 'nx/js/dependencies-and-lockfile:createNodes' 3.3909160000000043
[NX v22.5.4 Daemon Server] - 2026-03-16T13:56:25.910Z - Established a connection. Number of open connections: 1
[NX v22.5.4 Daemon Server] - 2026-03-16T13:56:25.910Z - Closed a connection. Number of open connections: 0
[NX v22.5.4 Daemon Server] - 2026-03-16T13:56:25.910Z - Established a connection. Number of open connections: 1
[NX v22.5.4 Daemon Client] - 2026-03-16T13:56:25.910Z - [Messenger] Setting up socket listeners
[NX v22.5.4 Daemon Client] - 2026-03-16T13:56:25.911Z - [Messenger] listen() complete
[NX v22.5.4 Daemon Client] - 2026-03-16T13:56:25.911Z - [Messenger] Sending message type: HASH_MULTI_GLOB
[NX v22.5.4 Daemon Client] - 2026-03-16T13:56:25.911Z - [Messenger] Message sent
Time for 'daemon-message-serialization-HASH_MULTI_GLOB' 0.10129200000000083
[NX v22.5.4 Daemon Server] - 2026-03-16T13:56:25.918Z - Received raw message of length 50
[NX v22.5.4 Daemon Server] - 2026-03-16T13:56:25.918Z - Received json message of type HASH_MULTI_GLOB
[NX v22.5.4 Daemon Server] - 2026-03-16T13:56:25.919Z - Serializing response for HASH_GLOB message in json mode
[NX v22.5.4 Daemon Server] - 2026-03-16T13:56:25.919Z - Responding to HASH_GLOB message
[NX v22.5.4 Daemon Server] - 2026-03-16T13:56:25.919Z - [REQUEST]: Responding to the client. handleHashMultiGlob
[NX v22.5.4 Daemon Server] - 2026-03-16T13:56:25.919Z - Done responding to the client handleHashMultiGlob
[NX v22.5.4 Daemon Server] - 2026-03-16T13:56:25.919Z - Handled json message HASH_GLOB. Handling time: 1. Response time: 0.
[NX v22.5.4 Daemon Client] - 2026-03-16T13:56:25.919Z - [Messenger] Received message, length: 23
[NX v22.5.4 Daemon Server] - 2026-03-16T13:56:25.927Z - Established a connection. Number of open connections: 2
[NX v22.5.4 Daemon Server] - 2026-03-16T13:56:25.927Z - Established a connection. Number of open connections: 3
[NX v22.5.4 Daemon Server] - 2026-03-16T13:56:25.927Z - Closed a connection. Number of open connections: 2
[NX v22.5.4 Daemon Client] - 2026-03-16T13:56:25.927Z - [Messenger] Setting up socket listeners
[NX v22.5.4 Daemon Client] - 2026-03-16T13:56:25.928Z - [Messenger] listen() complete
[NX v22.5.4 Daemon Client] - 2026-03-16T13:56:25.928Z - [Messenger] Sending message type: GLOB
[NX v22.5.4 Daemon Client] - 2026-03-16T13:56:25.928Z - [Messenger] Message sent
Time for 'daemon-message-serialization-GLOB' 0.09091699999999037
[NX v22.5.4 Daemon Server] - 2026-03-16T13:56:25.937Z - Received raw message of length 73
[NX v22.5.4 Daemon Server] - 2026-03-16T13:56:25.937Z - Received json message of type GLOB
[NX v22.5.4 Daemon Server] - 2026-03-16T13:56:25.938Z - Serializing response for GLOB message in json mode
[NX v22.5.4 Daemon Server] - 2026-03-16T13:56:25.938Z - Responding to GLOB message
[NX v22.5.4 Daemon Server] - 2026-03-16T13:56:25.938Z - [REQUEST]: Responding to the client. handleGlob
[NX v22.5.4 Daemon Server] - 2026-03-16T13:56:25.938Z - Done responding to the client handleGlob
[NX v22.5.4 Daemon Server] - 2026-03-16T13:56:25.938Z - Handled json message GLOB. Handling time: 1. Response time: 0.
[NX v22.5.4 Daemon Client] - 2026-03-16T13:56:25.938Z - [Messenger] Received message, length: 30943
[NX v22.5.4 Daemon Client] - 2026-03-16T13:56:25.939Z - [Messenger] Sending message type: HASH_MULTI_GLOB
[NX v22.5.4 Daemon Client] - 2026-03-16T13:56:25.939Z - [Messenger] Message sent
[NX v22.5.4 Daemon Server] - 2026-03-16T13:56:25.939Z - Received raw message of length 349
[NX v22.5.4 Daemon Server] - 2026-03-16T13:56:25.939Z - Received json message of type HASH_MULTI_GLOB
[NX v22.5.4 Daemon Server] - 2026-03-16T13:56:25.940Z - Serializing response for HASH_GLOB message in json mode
[NX v22.5.4 Daemon Server] - 2026-03-16T13:56:25.940Z - Responding to HASH_GLOB message
[NX v22.5.4 Daemon Server] - 2026-03-16T13:56:25.940Z - [REQUEST]: Responding to the client. handleHashMultiGlob
[NX v22.5.4 Daemon Server] - 2026-03-16T13:56:25.940Z - Done responding to the client handleHashMultiGlob
[NX v22.5.4 Daemon Server] - 2026-03-16T13:56:25.940Z - Handled json message HASH_GLOB. Handling time: 1. Response time: 0.
Time for 'GLOB round trip' 10.323916999999994
Time for 'deserialize daemon response - GLOB' 0.11370800000000258
Time for 'daemon-message-serialization-HASH_MULTI_GLOB' 0.013249999999999318
[NX v22.5.4 Daemon Client] - 2026-03-16T13:56:25.941Z - [Messenger] Received message, length: 113
[NX v22.5.4 Daemon Server] - 2026-03-16T13:56:25.945Z - Closed a connection. Number of open connections: 1
Time for 'HASH_MULTI_GLOB round trip' 1.4767089999999996
Time for 'deserialize daemon response - HASH_MULTI_GLOB' 0.014083999999996877
[baseline-browser-mapping] The data in this module is over two months old.  To ensure accurate Baseline data, please update: `npm i baseline-browser-mapping@latest -D`
[NX v22.5.4 Daemon Server] - 2026-03-16T13:56:26.312Z - Time taken for 'build-project-configs' 530.4829580000005ms
[NX v22.5.4 Daemon Server] - 2026-03-16T13:56:26.317Z - Closed a connection. Number of open connections: 0
Time for 'build typescript dependencies' 3.164875000000052
[NX v22.5.4 Daemon Server] - 2026-03-16T13:56:26.328Z - [SYNC]: collect registered sync generators
[NX v22.5.4 Daemon Server] - 2026-03-16T13:56:26.328Z - [SYNC]: project graph hash is the same, not collecting task sync generators
[NX v22.5.4 Daemon Server] - 2026-03-16T13:56:26.328Z - [SYNC]: nx.json hash is the same, not collecting global sync generators
[NX v22.5.4 Daemon Server] - 2026-03-16T13:56:26.328Z - Time taken for 'total execution time for createProjectGraph()' 19.253333000000566ms
[NX v22.5.4 Daemon Server] - 2026-03-16T13:56:29.061Z - [WATCHER]: Processing file changes in outputs
[NX v22.5.4 Daemon Server] - 2026-03-16T13:56:29.113Z - [WATCHER]: Processing file changes in outputs
[NX v22.5.4 Daemon Server] - 2026-03-16T13:56:29.357Z - Established a connection. Number of open connections: 1
[NX v22.5.4 Daemon Server] - 2026-03-16T13:56:29.357Z - Closed a connection. Number of open connections: 0
[NX v22.5.4 Daemon Server] - 2026-03-16T13:56:29.358Z - Established a connection. Number of open connections: 1
[NX v22.5.4 Daemon Server] - 2026-03-16T13:56:29.358Z - Closed a connection. Number of open connections: 0
[NX v22.5.4 Daemon Server] - 2026-03-16T13:56:29.358Z - Established a connection. Number of open connections: 1
[NX v22.5.4 Daemon Client] - 2026-03-16T13:56:29.358Z - [Messenger] Setting up socket listeners
[NX v22.5.4 Daemon Client] - 2026-03-16T13:56:29.359Z - [Messenger] listen() complete
[NX v22.5.4 Daemon Client] - 2026-03-16T13:56:29.359Z - [Messenger] Sending message type: GET_NX_CONSOLE_STATUS
[NX v22.5.4 Daemon Client] - 2026-03-16T13:56:29.359Z - [Messenger] Message sent
[NX v22.5.4 Daemon Server] - 2026-03-16T13:56:29.366Z - Received raw message of length 32
[NX v22.5.4 Daemon Server] - 2026-03-16T13:56:29.366Z - Received json message of type GET_NX_CONSOLE_STATUS
[NX v22.5.4 Daemon Server] - 2026-03-16T13:56:29.366Z - Serializing response for GET_NX_CONSOLE_STATUS message in json mode
[NX v22.5.4 Daemon Server] - 2026-03-16T13:56:29.366Z - Responding to GET_NX_CONSOLE_STATUS message
[NX v22.5.4 Daemon Server] - 2026-03-16T13:56:29.366Z - [REQUEST]: Responding to the client. handleGetNxConsoleStatus
[NX v22.5.4 Daemon Server] - 2026-03-16T13:56:29.366Z - Done responding to the client handleGetNxConsoleStatus
[NX v22.5.4 Daemon Server] - 2026-03-16T13:56:29.366Z - Handled json message GET_NX_CONSOLE_STATUS. Handling time: 0. Response time: 0.
[NX v22.5.4 Daemon Client] - 2026-03-16T13:56:29.367Z - [Messenger] Received message, length: 22
[NX v22.5.4 Daemon Client] - 2026-03-16T13:56:29.384Z - [Messenger] Sending message type: REQUEST_PROJECT_GRAPH
[NX v22.5.4 Daemon Client] - 2026-03-16T13:56:29.384Z - [Messenger] Message sent
[NX v22.5.4 Daemon Server] - 2026-03-16T13:56:29.384Z - Received raw message of length 32
[NX v22.5.4 Daemon Server] - 2026-03-16T13:56:29.384Z - Received json message of type REQUEST_PROJECT_GRAPH
[NX v22.5.4 Daemon Server] - 2026-03-16T13:56:29.384Z - [REQUEST]: Client Request for Project Graph Received
[NX v22.5.4 Daemon Server] - 2026-03-16T13:56:29.384Z - Reusing in-memory cached project graph because no files changed.
[NX v22.5.4 Daemon Server] - 2026-03-16T13:56:29.388Z - Wrote project graph cache to /Users/mgoho/Github/doula-cooperative/.nx/workspace-data/project-graph.json
[NX v22.5.4 Daemon Server] - 2026-03-16T13:56:29.388Z - Serializing response for REQUEST_PROJECT_GRAPH message in json mode
[NX v22.5.4 Daemon Server] - 2026-03-16T13:56:29.388Z - Responding to REQUEST_PROJECT_GRAPH message
[NX v22.5.4 Daemon Server] - 2026-03-16T13:56:29.388Z - [REQUEST]: Responding to the client. project-graph
[NX v22.5.4 Daemon Server] - 2026-03-16T13:56:29.388Z - Time taken for 'total for creating and serializing project graph' 4.16345800000272ms
[NX v22.5.4 Daemon Server] - 2026-03-16T13:56:29.390Z - Done responding to the client project-graph
[NX v22.5.4 Daemon Server] - 2026-03-16T13:56:29.390Z - Handled json message REQUEST_PROJECT_GRAPH. Handling time: 4. Response time: 2.
[NX v22.5.4 Daemon Client] - 2026-03-16T13:56:29.390Z - [Messenger] Received message, length: 1120231
[NX v22.5.4 Daemon Client] - 2026-03-16T13:56:29.393Z - [Messenger] Sending message type: PRE_TASKS_EXECUTION
[NX v22.5.4 Daemon Client] - 2026-03-16T13:56:29.393Z - [Messenger] Message sent
[NX v22.5.4 Daemon Server] - 2026-03-16T13:56:29.393Z - Received raw message of length 678
[NX v22.5.4 Daemon Server] - 2026-03-16T13:56:29.393Z - Received json message of type PRE_TASKS_EXECUTION
[NX v22.5.4 Daemon Server] - 2026-03-16T13:56:29.394Z - Serializing response for PRE_TASKS_EXECUTION message in json mode
[NX v22.5.4 Daemon Server] - 2026-03-16T13:56:29.394Z - Responding to PRE_TASKS_EXECUTION message
[NX v22.5.4 Daemon Server] - 2026-03-16T13:56:29.394Z - [REQUEST]: Responding to the client. handleRunPreTasksExecution
[NX v22.5.4 Daemon Server] - 2026-03-16T13:56:29.394Z - Done responding to the client handleRunPreTasksExecution
[NX v22.5.4 Daemon Server] - 2026-03-16T13:56:29.394Z - Handled json message PRE_TASKS_EXECUTION. Handling time: 1. Response time: 0.
[NX v22.5.4 Daemon Client] - 2026-03-16T13:56:29.394Z - [Messenger] Received message, length: 2
[NX v22.5.4 Daemon Server] - 2026-03-16T13:56:29.394Z - Time taken for 'preTasksExecution' 0.27270799999678275ms
[NX v22.5.4 Daemon Client] - 2026-03-16T13:56:29.416Z - [Messenger] Sending message type: HASH_TASKS
[NX v22.5.4 Daemon Client] - 2026-03-16T13:56:29.417Z - [Messenger] Message sent
[NX v22.5.4 Daemon Server] - 2026-03-16T13:56:29.417Z - Received raw message of length 5839
[NX v22.5.4 Daemon Server] - 2026-03-16T13:56:29.417Z - Received json message of type HASH_TASKS
[NX v22.5.4 Daemon Server] - 2026-03-16T13:56:29.417Z - Reusing in-memory cached project graph because no files changed.
DEBUG nx::native::tasks::hash_planner: get_plans_internal COMPLETED in 1.108708ms - processed 2 tasks (setup: 1.045333ms, parallel_planning: 63.292µs)
DEBUG nx::native::tasks::hashers::hash_workspace_files: Hashing workspace fileset with inputs: Adding "2189949021886064727" (".gitignore") to hash
DEBUG nx::native::tasks::hashers::hash_workspace_files: Hashing workspace fileset with inputs: Adding "13467211139819667633" ("nx.json") to hash
DEBUG nx::native::tasks::hashers::hash_workspace_files: Hashing workspace fileset with inputs: Hash Value: "10970448857502704134"
DEBUG nx::native::tasks::hashers::hash_workspace_files: Hashing workspace fileset with inputs: Adding "2189949021886064727" (".gitignore") to hash
DEBUG nx::native::tasks::hashers::hash_workspace_files: Hashing workspace fileset with inputs: Adding "13467211139819667633" ("nx.json") to hash
DEBUG nx::native::tasks::hashers::hash_workspace_files: Hashing workspace fileset with inputs: Hash Value: "10970448857502704134"
DEBUG nx::native::tasks::task_hasher: hash_plans COMPLETED in 1.334167ms - processed 2 plans (setup: 320.459µs, hashing: 1.013667ms, assembly: 58.916µs)
[NX v22.5.4 Daemon Server] - 2026-03-16T13:56:29.424Z - Serializing response for HASH_TASKS message in json mode
[NX v22.5.4 Daemon Server] - 2026-03-16T13:56:29.424Z - Responding to HASH_TASKS message
[NX v22.5.4 Daemon Server] - 2026-03-16T13:56:29.424Z - [REQUEST]: Responding to the client. handleHashTasks
[NX v22.5.4 Daemon Server] - 2026-03-16T13:56:29.424Z - Done responding to the client handleHashTasks
[NX v22.5.4 Daemon Server] - 2026-03-16T13:56:29.424Z - Handled json message HASH_TASKS. Handling time: 7. Response time: 0.
[NX v22.5.4 Daemon Client] - 2026-03-16T13:56:29.424Z - [Messenger] Received message, length: 33138
[NX v22.5.4 Daemon Client] - 2026-03-16T13:56:29.453Z - [Messenger] Sending message type: GET_ESTIMATED_TASK_TIMINGS
[NX v22.5.4 Daemon Client] - 2026-03-16T13:56:29.453Z - [Messenger] Message sent
[NX v22.5.4 Daemon Server] - 2026-03-16T13:56:29.453Z - Received raw message of length 134
[NX v22.5.4 Daemon Server] - 2026-03-16T13:56:29.453Z - Received json message of type GET_ESTIMATED_TASK_TIMINGS
[NX v22.5.4 Daemon Server] - 2026-03-16T13:56:29.469Z - Serializing response for GET_ESTIMATED_TASK_TIMINGS message in json mode
[NX v22.5.4 Daemon Server] - 2026-03-16T13:56:29.469Z - Responding to GET_ESTIMATED_TASK_TIMINGS message
[NX v22.5.4 Daemon Server] - 2026-03-16T13:56:29.469Z - [REQUEST]: Responding to the client. handleGetEstimatedTaskTimings
[NX v22.5.4 Daemon Server] - 2026-03-16T13:56:29.469Z - Done responding to the client handleGetEstimatedTaskTimings
[NX v22.5.4 Daemon Server] - 2026-03-16T13:56:29.469Z - Handled json message GET_ESTIMATED_TASK_TIMINGS. Handling time: 16. Response time: 0.
[NX v22.5.4 Daemon Client] - 2026-03-16T13:56:29.469Z - [Messenger] Received message, length: 53
[NX v22.5.4 Daemon Server] - 2026-03-16T13:56:29.714Z - [WATCHER]: Processing file changes in outputs
[NX v22.5.4 Daemon Client] - 2026-03-16T13:56:30.052Z - [Messenger] Sending message type: RECORD_OUTPUTS_HASH
[NX v22.5.4 Daemon Client] - 2026-03-16T13:56:30.052Z - [Messenger] Message sent
[NX v22.5.4 Daemon Server] - 2026-03-16T13:56:30.052Z - Received raw message of length 105
[NX v22.5.4 Daemon Server] - 2026-03-16T13:56:30.052Z - Received json message of type RECORD_OUTPUTS_HASH
[NX v22.5.4 Daemon Server] - 2026-03-16T13:56:30.055Z - Serializing response for RECORD_OUTPUTS_HASH message in json mode
[NX v22.5.4 Daemon Server] - 2026-03-16T13:56:30.055Z - Responding to RECORD_OUTPUTS_HASH message
[NX v22.5.4 Daemon Server] - 2026-03-16T13:56:30.055Z - [REQUEST]: Responding to the client. recordOutputsHash
[NX v22.5.4 Daemon Server] - 2026-03-16T13:56:30.055Z - Done responding to the client recordOutputsHash
[NX v22.5.4 Daemon Server] - 2026-03-16T13:56:30.055Z - Handled json message RECORD_OUTPUTS_HASH. Handling time: 3. Response time: 0.
[NX v22.5.4 Daemon Client] - 2026-03-16T13:56:30.055Z - [Messenger] Received message, length: 2
[NX v22.5.4 Daemon Server] - 2026-03-16T13:56:30.092Z - [WATCHER]: Processing file changes in outputs
[NX v22.5.4 Daemon Server] - 2026-03-16T13:56:31.657Z - [WATCHER]: 12 file(s) created or restored, 0 file(s) modified, 0 file(s) deleted
[NX v22.5.4 Daemon Server] - 2026-03-16T13:56:31.657Z - [SYNC]: clearing sync generators cache due to file changes
[NX v22.5.4 Daemon Server] - 2026-03-16T13:56:31.657Z - [WATCHER]: Processing file changes in outputs
[NX v22.5.4 Daemon Server] - 2026-03-16T13:56:31.709Z - [WATCHER]: 0 file(s) created or restored, 0 file(s) modified, 0 file(s) deleted
[NX v22.5.4 Daemon Server] - 2026-03-16T13:56:31.709Z - [WATCHER]: Processing file changes in outputs
[NX v22.5.4 Daemon Server] - 2026-03-16T13:56:31.757Z - [REQUEST]: Updated workspace context based on watched changes, recomputing project graph...
[NX v22.5.4 Daemon Server] - 2026-03-16T13:56:31.758Z - [REQUEST]: libs/shared/types/src/lib/subscription-status.js.map,libs/shared/types/src/lib/welcome-email-status.js,libs/shared/types/src/lib/profile-data.js,libs/shared/types/src/lib/subscription-status.js,libs/shared/types/src/index.js,libs/shared/types/src/lib/welcome-email-status.js.map,libs/shared/types/src/lib/collections.js,libs/shared/types/src/lib/profile-data.js.map,libs/shared/types/src/lib/collections.js.map,libs/shared/types/src/index.js.map,libs/shared/types/src/lib/member-response.js.map,libs/shared/types/src/lib/member-response.js
[NX v22.5.4 Daemon Server] - 2026-03-16T13:56:31.758Z - [REQUEST]: 
[NX v22.5.4 Daemon Server] - 2026-03-16T13:56:31.764Z - [WATCHER]: 0 file(s) created or restored, 0 file(s) modified, 0 file(s) deleted
[NX v22.5.4 Daemon Server] - 2026-03-16T13:56:31.766Z - [WATCHER]: Processing file changes in outputs
[NX v22.5.4 Daemon Server] - 2026-03-16T13:56:31.767Z - Time taken for 'hash changed files from watcher' 0.8844580000004498ms
Time for 'plugin worker 56094 code loading' 3.1510409999999993
Time for 'plugin worker 56093 code loading' 3.450792
Time for 'plugin worker 56089 code loading' 3.5674579999999985
Time for 'plugin worker 56092 code loading' 3.942582999999999
Time for 'plugin worker 56090 code loading' 4.274708
Time for 'plugin worker 56091 code loading' 4.105084
[NX v22.5.4 Daemon Server] - 2026-03-16T13:56:31.793Z - Time taken for 'start-plugin-worker:@nx/eslint/plugin' 33.11691599999904ms
[NX v22.5.4 Daemon Client] - 2026-03-16T13:56:31.806Z - [Messenger] Sending message type: RECORD_OUTPUTS_HASH
[NX v22.5.4 Daemon Client] - 2026-03-16T13:56:31.806Z - [Messenger] Message sent
[NX v22.5.4 Daemon Server] - 2026-03-16T13:56:31.806Z - Received raw message of length 151
[NX v22.5.4 Daemon Server] - 2026-03-16T13:56:31.806Z - Received json message of type RECORD_OUTPUTS_HASH
[NX v22.5.4 Daemon Server] - 2026-03-16T13:56:31.806Z - Serializing response for RECORD_OUTPUTS_HASH message in json mode
[NX v22.5.4 Daemon Server] - 2026-03-16T13:56:31.806Z - Responding to RECORD_OUTPUTS_HASH message
[NX v22.5.4 Daemon Server] - 2026-03-16T13:56:31.806Z - [REQUEST]: Responding to the client. recordOutputsHash
[NX v22.5.4 Daemon Server] - 2026-03-16T13:56:31.806Z - Done responding to the client recordOutputsHash
[NX v22.5.4 Daemon Server] - 2026-03-16T13:56:31.806Z - Handled json message RECORD_OUTPUTS_HASH. Handling time: 0. Response time: 0.
[NX v22.5.4 Daemon Client] - 2026-03-16T13:56:31.806Z - [Messenger] Received message, length: 2
[NX v22.5.4 Daemon Client] - 2026-03-16T13:56:31.807Z - [Messenger] Sending message type: RECORD_TASK_RUNS
[NX v22.5.4 Daemon Server] - 2026-03-16T13:56:31.807Z - Received raw message of length 381
[NX v22.5.4 Daemon Server] - 2026-03-16T13:56:31.807Z - Received json message of type RECORD_TASK_RUNS
[NX v22.5.4 Daemon Client] - 2026-03-16T13:56:31.807Z - [Messenger] Message sent
[NX v22.5.4 Daemon Server] - 2026-03-16T13:56:31.808Z - Serializing response for RECORD_TASK_RUNS message in json mode
[NX v22.5.4 Daemon Server] - 2026-03-16T13:56:31.808Z - Responding to RECORD_TASK_RUNS message
[NX v22.5.4 Daemon Server] - 2026-03-16T13:56:31.808Z - [REQUEST]: Responding to the client. handleRecordTaskRuns
[NX v22.5.4 Daemon Server] - 2026-03-16T13:56:31.808Z - Done responding to the client handleRecordTaskRuns
[NX v22.5.4 Daemon Server] - 2026-03-16T13:56:31.808Z - Handled json message RECORD_TASK_RUNS. Handling time: 1. Response time: 0.
[NX v22.5.4 Daemon Client] - 2026-03-16T13:56:31.808Z - [Messenger] Received message, length: 4
[NX v22.5.4 Daemon Client] - 2026-03-16T13:56:31.809Z - [Messenger] Sending message type: POST_TASKS_EXECUTION
[NX v22.5.4 Daemon Client] - 2026-03-16T13:56:31.809Z - [Messenger] Message sent
[NX v22.5.4 Daemon Server] - 2026-03-16T13:56:31.809Z - Received raw message of length 13464
[NX v22.5.4 Daemon Server] - 2026-03-16T13:56:31.809Z - Received json message of type POST_TASKS_EXECUTION
[NX v22.5.4 Daemon Server] - 2026-03-16T13:56:31.809Z - Serializing response for POST_TASKS_EXECUTION message in json mode
[NX v22.5.4 Daemon Server] - 2026-03-16T13:56:31.809Z - Responding to POST_TASKS_EXECUTION message
[NX v22.5.4 Daemon Server] - 2026-03-16T13:56:31.809Z - [REQUEST]: Responding to the client. handleRunPostTasksExecution
[NX v22.5.4 Daemon Server] - 2026-03-16T13:56:31.809Z - Done responding to the client handleRunPostTasksExecution
[NX v22.5.4 Daemon Client] - 2026-03-16T13:56:31.809Z - [Messenger] Received message, length: 4
[NX v22.5.4 Daemon Server] - 2026-03-16T13:56:31.810Z - Handled json message POST_TASKS_EXECUTION. Handling time: 0. Response time: 1.
[NX v22.5.4 Daemon Server] - 2026-03-16T13:56:31.810Z - Time taken for 'postTasksExecution' 0.1358749999999418ms
[NX v22.5.4 Daemon Server] - 2026-03-16T13:56:31.815Z - [WATCHER]: Processing file changes in outputs
[NX v22.5.4 Daemon Server] - 2026-03-16T13:56:31.816Z - Closed a connection. Number of open connections: 0
[NX v22.5.4 Daemon Server] - 2026-03-16T13:56:31.819Z - [WATCHER]: 0 file(s) created or restored, 0 file(s) modified, 0 file(s) deleted
Time for 'nx/core/package-json:createNodes' 2.3735829999999964
Time for 'nx/js/dependencies-and-lockfile:createNodes' 3.461874999999992
[NX v22.5.4 Daemon Server] - 2026-03-16T13:56:31.907Z - Established a connection. Number of open connections: 1
[NX v22.5.4 Daemon Server] - 2026-03-16T13:56:31.907Z - Closed a connection. Number of open connections: 0
[NX v22.5.4 Daemon Server] - 2026-03-16T13:56:31.908Z - Established a connection. Number of open connections: 1
[NX v22.5.4 Daemon Client] - 2026-03-16T13:56:31.908Z - [Messenger] Setting up socket listeners
[NX v22.5.4 Daemon Client] - 2026-03-16T13:56:31.908Z - [Messenger] listen() complete
[NX v22.5.4 Daemon Client] - 2026-03-16T13:56:31.908Z - [Messenger] Sending message type: HASH_MULTI_GLOB
[NX v22.5.4 Daemon Client] - 2026-03-16T13:56:31.909Z - [Messenger] Message sent
Time for 'daemon-message-serialization-HASH_MULTI_GLOB' 0.10687500000000227
[NX v22.5.4 Daemon Server] - 2026-03-16T13:56:31.916Z - Received raw message of length 50
[NX v22.5.4 Daemon Server] - 2026-03-16T13:56:31.916Z - Received json message of type HASH_MULTI_GLOB
[NX v22.5.4 Daemon Server] - 2026-03-16T13:56:31.918Z - Serializing response for HASH_GLOB message in json mode
[NX v22.5.4 Daemon Server] - 2026-03-16T13:56:31.918Z - Responding to HASH_GLOB message
[NX v22.5.4 Daemon Server] - 2026-03-16T13:56:31.918Z - [REQUEST]: Responding to the client. handleHashMultiGlob
[NX v22.5.4 Daemon Server] - 2026-03-16T13:56:31.918Z - Done responding to the client handleHashMultiGlob
[NX v22.5.4 Daemon Server] - 2026-03-16T13:56:31.918Z - Handled json message HASH_GLOB. Handling time: 2. Response time: 0.
[NX v22.5.4 Daemon Client] - 2026-03-16T13:56:31.918Z - [Messenger] Received message, length: 23
[NX v22.5.4 Daemon Server] - 2026-03-16T13:56:31.926Z - Established a connection. Number of open connections: 2
[NX v22.5.4 Daemon Server] - 2026-03-16T13:56:31.926Z - Closed a connection. Number of open connections: 1
[NX v22.5.4 Daemon Server] - 2026-03-16T13:56:31.926Z - Established a connection. Number of open connections: 2
[NX v22.5.4 Daemon Client] - 2026-03-16T13:56:31.926Z - [Messenger] Setting up socket listeners
[NX v22.5.4 Daemon Client] - 2026-03-16T13:56:31.927Z - [Messenger] listen() complete
[NX v22.5.4 Daemon Client] - 2026-03-16T13:56:31.927Z - [Messenger] Sending message type: GLOB
[NX v22.5.4 Daemon Client] - 2026-03-16T13:56:31.927Z - [Messenger] Message sent
Time for 'daemon-message-serialization-GLOB' 0.08387500000000614
[NX v22.5.4 Daemon Server] - 2026-03-16T13:56:31.935Z - Received raw message of length 73
[NX v22.5.4 Daemon Server] - 2026-03-16T13:56:31.935Z - Received json message of type GLOB
[NX v22.5.4 Daemon Server] - 2026-03-16T13:56:31.935Z - Serializing response for GLOB message in json mode
[NX v22.5.4 Daemon Server] - 2026-03-16T13:56:31.935Z - Responding to GLOB message
[NX v22.5.4 Daemon Server] - 2026-03-16T13:56:31.935Z - [REQUEST]: Responding to the client. handleGlob
[NX v22.5.4 Daemon Server] - 2026-03-16T13:56:31.936Z - Done responding to the client handleGlob
[NX v22.5.4 Daemon Server] - 2026-03-16T13:56:31.936Z - Handled json message GLOB. Handling time: 0. Response time: 1.
[NX v22.5.4 Daemon Client] - 2026-03-16T13:56:31.936Z - [Messenger] Received message, length: 31213
[NX v22.5.4 Daemon Client] - 2026-03-16T13:56:31.936Z - [Messenger] Sending message type: HASH_MULTI_GLOB
[NX v22.5.4 Daemon Client] - 2026-03-16T13:56:31.937Z - [Messenger] Message sent
[NX v22.5.4 Daemon Server] - 2026-03-16T13:56:31.937Z - Received raw message of length 349
[NX v22.5.4 Daemon Server] - 2026-03-16T13:56:31.937Z - Received json message of type HASH_MULTI_GLOB
[NX v22.5.4 Daemon Server] - 2026-03-16T13:56:31.938Z - Serializing response for HASH_GLOB message in json mode
[NX v22.5.4 Daemon Server] - 2026-03-16T13:56:31.938Z - Responding to HASH_GLOB message
[NX v22.5.4 Daemon Server] - 2026-03-16T13:56:31.938Z - [REQUEST]: Responding to the client. handleHashMultiGlob
[NX v22.5.4 Daemon Server] - 2026-03-16T13:56:31.938Z - Done responding to the client handleHashMultiGlob
[NX v22.5.4 Daemon Server] - 2026-03-16T13:56:31.938Z - Handled json message HASH_GLOB. Handling time: 1. Response time: 0.
Time for 'GLOB round trip' 8.73120800000001
Time for 'deserialize daemon response - GLOB' 0.09520800000001373
Time for 'daemon-message-serialization-HASH_MULTI_GLOB' 0.010791999999980817
[NX v22.5.4 Daemon Client] - 2026-03-16T13:56:31.938Z - [Messenger] Received message, length: 112
[NX v22.5.4 Daemon Server] - 2026-03-16T13:56:31.944Z - Closed a connection. Number of open connections: 1
[NX v22.5.4 Daemon Server] - 2026-03-16T13:56:31.968Z - [REQUEST]: Updated workspace context based on watched changes, recomputing project graph...
[NX v22.5.4 Daemon Server] - 2026-03-16T13:56:31.968Z - [REQUEST]: libs/shared/types/src/lib/subscription-status.js.map,libs/shared/types/src/lib/welcome-email-status.js,libs/shared/types/src/lib/profile-data.js,libs/shared/types/src/lib/subscription-status.js,libs/shared/types/src/index.js,libs/shared/types/src/lib/welcome-email-status.js.map,libs/shared/types/src/lib/collections.js,libs/shared/types/src/lib/profile-data.js.map,libs/shared/types/src/lib/collections.js.map,libs/shared/types/src/index.js.map,libs/shared/types/src/lib/member-response.js.map,libs/shared/types/src/lib/member-response.js
[NX v22.5.4 Daemon Server] - 2026-03-16T13:56:31.968Z - [REQUEST]: 
[NX v22.5.4 Daemon Server] - 2026-03-16T13:56:31.973Z - Time taken for 'hash changed files from watcher' 0.7257500000014261ms
Time for 'nx/js/dependencies-and-lockfile:createNodes' 3.3890419999999892
Time for 'HASH_MULTI_GLOB round trip' 1.4515420000000177
Time for 'deserialize daemon response - HASH_MULTI_GLOB' 0.005667000000016742
[NX v22.5.4 Daemon Client] - 2026-03-16T13:56:31.991Z - [Messenger] Sending message type: GLOB
[NX v22.5.4 Daemon Client] - 2026-03-16T13:56:31.991Z - [Messenger] Message sent
[NX v22.5.4 Daemon Server] - 2026-03-16T13:56:31.991Z - Received raw message of length 73
[NX v22.5.4 Daemon Server] - 2026-03-16T13:56:31.991Z - Received json message of type GLOB
[NX v22.5.4 Daemon Server] - 2026-03-16T13:56:31.993Z - Serializing response for GLOB message in json mode
[NX v22.5.4 Daemon Server] - 2026-03-16T13:56:31.993Z - Responding to GLOB message
[NX v22.5.4 Daemon Server] - 2026-03-16T13:56:31.993Z - [REQUEST]: Responding to the client. handleGlob
Time for 'daemon-message-serialization-GLOB' 0.006583999999975276
[NX v22.5.4 Daemon Server] - 2026-03-16T13:56:31.994Z - Time taken for 'start-plugin-worker:nx/core/project-json' 21.804458999999042ms
Time for 'plugin worker 56116 code loading' 3.1827500000000004
Time for 'plugin worker 56115 code loading' 3.5145
Time for 'plugin worker 56113 code loading' 3.3295830000000013
Time for 'plugin worker 56114 code loading' 3.3188329999999997
[NX v22.5.4 Daemon Server] - 2026-03-16T13:56:32.002Z - Time taken for 'start-plugin-worker:@nx/playwright/plugin' 31.92120900000009ms
Time for 'nx/core/package-json:createNodes' 2.145541999999992
[baseline-browser-mapping] The data in this module is over two months old.  To ensure accurate Baseline data, please update: `npm i baseline-browser-mapping@latest -D`
[NX v22.5.4 Daemon Server] - 2026-03-16T13:56:32.088Z - Established a connection. Number of open connections: 2
[NX v22.5.4 Daemon Server] - 2026-03-16T13:56:32.088Z - Closed a connection. Number of open connections: 1
[NX v22.5.4 Daemon Server] - 2026-03-16T13:56:32.088Z - Established a connection. Number of open connections: 2
[NX v22.5.4 Daemon Client] - 2026-03-16T13:56:32.088Z - [Messenger] Setting up socket listeners
[NX v22.5.4 Daemon Client] - 2026-03-16T13:56:32.089Z - [Messenger] listen() complete
[NX v22.5.4 Daemon Client] - 2026-03-16T13:56:32.089Z - [Messenger] Sending message type: HASH_MULTI_GLOB
[NX v22.5.4 Daemon Client] - 2026-03-16T13:56:32.089Z - [Messenger] Message sent
Time for 'daemon-message-serialization-HASH_MULTI_GLOB' 0.09525000000000716
[NX v22.5.4 Daemon Server] - 2026-03-16T13:56:32.096Z - Received raw message of length 50
[NX v22.5.4 Daemon Server] - 2026-03-16T13:56:32.096Z - Received json message of type HASH_MULTI_GLOB
[NX v22.5.4 Daemon Server] - 2026-03-16T13:56:32.096Z - Serializing response for HASH_GLOB message in json mode
[NX v22.5.4 Daemon Server] - 2026-03-16T13:56:32.096Z - Responding to HASH_GLOB message
[NX v22.5.4 Daemon Server] - 2026-03-16T13:56:32.096Z - [REQUEST]: Responding to the client. handleHashMultiGlob
[NX v22.5.4 Daemon Server] - 2026-03-16T13:56:32.096Z - Done responding to the client handleHashMultiGlob
[NX v22.5.4 Daemon Server] - 2026-03-16T13:56:32.096Z - Handled json message HASH_GLOB. Handling time: 0. Response time: 0.
[NX v22.5.4 Daemon Client] - 2026-03-16T13:56:32.096Z - [Messenger] Received message, length: 23
[NX v22.5.4 Daemon Server] - 2026-03-16T13:56:32.100Z - Closed a connection. Number of open connections: 1
[NX v22.5.4 Daemon Server] - 2026-03-16T13:56:32.327Z - Time taken for 'build-project-configs' 358.0653340000026ms
Time for '@nx/eslint/plugin:createNodes' 335.142417
[NX v22.5.4 Daemon Server] - 2026-03-16T13:56:32.328Z - Done responding to the client handleGlob
[NX v22.5.4 Daemon Client] - 2026-03-16T13:56:32.328Z - [Messenger] Received message, length: 31213
[NX v22.5.4 Daemon Server] - 2026-03-16T13:56:32.328Z - Handled json message GLOB. Handling time: 2. Response time: 335.
[NX v22.5.4 Daemon Client] - 2026-03-16T13:56:32.328Z - [Messenger] Sending message type: HASH_MULTI_GLOB
[NX v22.5.4 Daemon Client] - 2026-03-16T13:56:32.328Z - [Messenger] Message sent
[NX v22.5.4 Daemon Server] - 2026-03-16T13:56:32.328Z - Received raw message of length 349
[NX v22.5.4 Daemon Server] - 2026-03-16T13:56:32.328Z - Received json message of type HASH_MULTI_GLOB
[NX v22.5.4 Daemon Server] - 2026-03-16T13:56:32.329Z - Serializing response for HASH_GLOB message in json mode
[NX v22.5.4 Daemon Server] - 2026-03-16T13:56:32.329Z - Responding to HASH_GLOB message
[NX v22.5.4 Daemon Server] - 2026-03-16T13:56:32.329Z - [REQUEST]: Responding to the client. handleHashMultiGlob
[NX v22.5.4 Daemon Server] - 2026-03-16T13:56:32.329Z - Done responding to the client handleHashMultiGlob
[NX v22.5.4 Daemon Server] - 2026-03-16T13:56:32.329Z - Handled json message HASH_GLOB. Handling time: 1. Response time: 0.
Time for 'GLOB round trip' 336.67783299999996
Time for 'deserialize daemon response - GLOB' 0.027041999999937616
Time for 'daemon-message-serialization-HASH_MULTI_GLOB' 0.007791999999994914
[NX v22.5.4 Daemon Client] - 2026-03-16T13:56:32.329Z - [Messenger] Received message, length: 112
Time for 'HASH_MULTI_GLOB round trip' 1.3859579999999596
Time for 'deserialize daemon response - HASH_MULTI_GLOB' 0.0072920000000067375
[NX v22.5.4 Daemon Server] - 2026-03-16T13:56:32.343Z - Time taken for 'build-project-configs' 367.7607500000013ms
[NX v22.5.4 Daemon Server] - 2026-03-16T13:56:32.349Z - Closed a connection. Number of open connections: 0
Time for 'build typescript dependencies' 2.9975839999999607
[NX v22.5.4 Daemon Server] - 2026-03-16T13:56:32.358Z - [SYNC]: collect registered sync generators
[NX v22.5.4 Daemon Server] - 2026-03-16T13:56:32.358Z - [SYNC]: project graph hash is the same, not collecting task sync generators
[NX v22.5.4 Daemon Server] - 2026-03-16T13:56:32.358Z - [SYNC]: nx.json hash is the same, not collecting global sync generators
[NX v22.5.4 Daemon Server] - 2026-03-16T13:56:32.358Z - [SYNC]: collect registered sync generators
[NX v22.5.4 Daemon Server] - 2026-03-16T13:56:32.358Z - [SYNC]: project graph hash is the same, not collecting task sync generators
[NX v22.5.4 Daemon Server] - 2026-03-16T13:56:32.358Z - [SYNC]: nx.json hash is the same, not collecting global sync generators
[NX v22.5.4 Daemon Server] - 2026-03-16T13:56:32.358Z - Time taken for 'total execution time for createProjectGraph()' 18.861417000000074ms
[NX v22.5.4 Daemon Server] - 2026-03-16T13:56:58.685Z - [WATCHER]: Processing file changes in outputs
[NX v22.5.4 Daemon Server] - 2026-03-16T13:56:58.685Z - [WATCHER]: 1 file(s) created or restored, 0 file(s) modified, 1 file(s) deleted
[NX v22.5.4 Daemon Server] - 2026-03-16T13:56:58.685Z - [SYNC]: clearing sync generators cache due to file changes
[NX v22.5.4 Daemon Server] - 2026-03-16T13:56:58.786Z - [REQUEST]: Updated workspace context based on watched changes, recomputing project graph...
[NX v22.5.4 Daemon Server] - 2026-03-16T13:56:58.787Z - [REQUEST]: functions/tsconfig.json
[NX v22.5.4 Daemon Server] - 2026-03-16T13:56:58.787Z - [REQUEST]: functions/tsconfig.json.tmp.93003.1773669418607
[NX v22.5.4 Daemon Server] - 2026-03-16T13:56:58.791Z - Time taken for 'hash changed files from watcher' 0.49549999999726424ms
Time for 'nx/js/dependencies-and-lockfile:createNodes' 3.0288330000003043
Time for 'plugin worker 56272 code loading' 3.066167
Time for 'plugin worker 56271 code loading' 3.792
Time for 'plugin worker 56273 code loading' 3.1171250000000015
Time for 'plugin worker 56274 code loading' 3.0876670000000015
Time for 'plugin worker 56275 code loading' 3.3049999999999997
[NX v22.5.4 Daemon Server] - 2026-03-16T13:56:58.824Z - Time taken for 'start-plugin-worker:@nx/eslint/plugin' 35.806250000001455ms
Time for 'nx/core/package-json:createNodes' 2.130167
[NX v22.5.4 Daemon Server] - 2026-03-16T13:56:58.920Z - Established a connection. Number of open connections: 1
[NX v22.5.4 Daemon Server] - 2026-03-16T13:56:58.920Z - Closed a connection. Number of open connections: 0
[NX v22.5.4 Daemon Server] - 2026-03-16T13:56:58.920Z - Established a connection. Number of open connections: 1
[NX v22.5.4 Daemon Client] - 2026-03-16T13:56:58.920Z - [Messenger] Setting up socket listeners
[NX v22.5.4 Daemon Client] - 2026-03-16T13:56:58.921Z - [Messenger] listen() complete
[NX v22.5.4 Daemon Client] - 2026-03-16T13:56:58.921Z - [Messenger] Sending message type: HASH_MULTI_GLOB
[NX v22.5.4 Daemon Client] - 2026-03-16T13:56:58.921Z - [Messenger] Message sent
Time for 'daemon-message-serialization-HASH_MULTI_GLOB' 0.09887500000000671
[NX v22.5.4 Daemon Server] - 2026-03-16T13:56:58.928Z - Received raw message of length 50
[NX v22.5.4 Daemon Server] - 2026-03-16T13:56:58.928Z - Received json message of type HASH_MULTI_GLOB
[NX v22.5.4 Daemon Server] - 2026-03-16T13:56:58.928Z - Serializing response for HASH_GLOB message in json mode
[NX v22.5.4 Daemon Server] - 2026-03-16T13:56:58.928Z - Responding to HASH_GLOB message
[NX v22.5.4 Daemon Server] - 2026-03-16T13:56:58.928Z - [REQUEST]: Responding to the client. handleHashMultiGlob
[NX v22.5.4 Daemon Server] - 2026-03-16T13:56:58.928Z - Done responding to the client handleHashMultiGlob
[NX v22.5.4 Daemon Server] - 2026-03-16T13:56:58.928Z - Handled json message HASH_GLOB. Handling time: 0. Response time: 0.
[NX v22.5.4 Daemon Client] - 2026-03-16T13:56:58.928Z - [Messenger] Received message, length: 24
[NX v22.5.4 Daemon Server] - 2026-03-16T13:56:58.936Z - Established a connection. Number of open connections: 2
[NX v22.5.4 Daemon Server] - 2026-03-16T13:56:58.937Z - Closed a connection. Number of open connections: 1
[NX v22.5.4 Daemon Server] - 2026-03-16T13:56:58.937Z - Established a connection. Number of open connections: 2
[NX v22.5.4 Daemon Client] - 2026-03-16T13:56:58.937Z - [Messenger] Setting up socket listeners
[NX v22.5.4 Daemon Client] - 2026-03-16T13:56:58.937Z - [Messenger] listen() complete
[NX v22.5.4 Daemon Client] - 2026-03-16T13:56:58.938Z - [Messenger] Sending message type: GLOB
[NX v22.5.4 Daemon Client] - 2026-03-16T13:56:58.938Z - [Messenger] Message sent
Time for 'daemon-message-serialization-GLOB' 0.07237499999999386
[NX v22.5.4 Daemon Server] - 2026-03-16T13:56:58.947Z - Received raw message of length 73
[NX v22.5.4 Daemon Server] - 2026-03-16T13:56:58.947Z - Received json message of type GLOB
[NX v22.5.4 Daemon Server] - 2026-03-16T13:56:58.947Z - Serializing response for GLOB message in json mode
[NX v22.5.4 Daemon Server] - 2026-03-16T13:56:58.947Z - Responding to GLOB message
[NX v22.5.4 Daemon Server] - 2026-03-16T13:56:58.947Z - [REQUEST]: Responding to the client. handleGlob
[NX v22.5.4 Daemon Server] - 2026-03-16T13:56:58.947Z - Done responding to the client handleGlob
[NX v22.5.4 Daemon Server] - 2026-03-16T13:56:58.947Z - Handled json message GLOB. Handling time: 0. Response time: 0.
[NX v22.5.4 Daemon Client] - 2026-03-16T13:56:58.947Z - [Messenger] Received message, length: 31213
[NX v22.5.4 Daemon Client] - 2026-03-16T13:56:58.948Z - [Messenger] Sending message type: HASH_MULTI_GLOB
[NX v22.5.4 Daemon Client] - 2026-03-16T13:56:58.948Z - [Messenger] Message sent
[NX v22.5.4 Daemon Server] - 2026-03-16T13:56:58.949Z - Received raw message of length 349
[NX v22.5.4 Daemon Server] - 2026-03-16T13:56:58.949Z - Received json message of type HASH_MULTI_GLOB
[NX v22.5.4 Daemon Server] - 2026-03-16T13:56:58.950Z - Serializing response for HASH_GLOB message in json mode
[NX v22.5.4 Daemon Server] - 2026-03-16T13:56:58.950Z - Responding to HASH_GLOB message
[NX v22.5.4 Daemon Server] - 2026-03-16T13:56:58.950Z - [REQUEST]: Responding to the client. handleHashMultiGlob
[NX v22.5.4 Daemon Server] - 2026-03-16T13:56:58.950Z - Done responding to the client handleHashMultiGlob
[NX v22.5.4 Daemon Server] - 2026-03-16T13:56:58.950Z - Handled json message HASH_GLOB. Handling time: 1. Response time: 0.
Time for 'GLOB round trip' 10.130042000000003
Time for 'deserialize daemon response - GLOB' 0.10808299999999349
Time for 'daemon-message-serialization-HASH_MULTI_GLOB' 0.011750000000006366
[NX v22.5.4 Daemon Client] - 2026-03-16T13:56:58.950Z - [Messenger] Received message, length: 113
[NX v22.5.4 Daemon Server] - 2026-03-16T13:56:58.954Z - Closed a connection. Number of open connections: 1
Time for 'HASH_MULTI_GLOB round trip' 1.7150000000000034
Time for 'deserialize daemon response - HASH_MULTI_GLOB' 0.011249999999989768
[baseline-browser-mapping] The data in this module is over two months old.  To ensure accurate Baseline data, please update: `npm i baseline-browser-mapping@latest -D`
[NX v22.5.4 Daemon Server] - 2026-03-16T13:56:59.313Z - Time taken for 'build-project-configs' 520.6046249999999ms
[NX v22.5.4 Daemon Server] - 2026-03-16T13:56:59.318Z - Closed a connection. Number of open connections: 0
Time for 'build typescript dependencies' 1.3780420000002778
[NX v22.5.4 Daemon Server] - 2026-03-16T13:56:59.323Z - [SYNC]: collect registered sync generators
[NX v22.5.4 Daemon Server] - 2026-03-16T13:56:59.323Z - [SYNC]: project graph hash is the same, not collecting task sync generators
[NX v22.5.4 Daemon Server] - 2026-03-16T13:56:59.323Z - [SYNC]: nx.json hash is the same, not collecting global sync generators
[NX v22.5.4 Daemon Server] - 2026-03-16T13:56:59.323Z - Time taken for 'total execution time for createProjectGraph()' 13.06308299999364ms
[NX v22.5.4 Daemon Server] - 2026-03-16T13:57:02.612Z - [WATCHER]: Processing file changes in outputs
[NX v22.5.4 Daemon Server] - 2026-03-16T13:57:02.665Z - [WATCHER]: Processing file changes in outputs
[NX v22.5.4 Daemon Server] - 2026-03-16T13:57:02.908Z - Established a connection. Number of open connections: 1
[NX v22.5.4 Daemon Server] - 2026-03-16T13:57:02.909Z - Closed a connection. Number of open connections: 0
[NX v22.5.4 Daemon Server] - 2026-03-16T13:57:02.909Z - Established a connection. Number of open connections: 1
[NX v22.5.4 Daemon Server] - 2026-03-16T13:57:02.909Z - Closed a connection. Number of open connections: 0
[NX v22.5.4 Daemon Server] - 2026-03-16T13:57:02.910Z - Established a connection. Number of open connections: 1
[NX v22.5.4 Daemon Client] - 2026-03-16T13:57:02.910Z - [Messenger] Setting up socket listeners
[NX v22.5.4 Daemon Client] - 2026-03-16T13:57:02.910Z - [Messenger] listen() complete
[NX v22.5.4 Daemon Client] - 2026-03-16T13:57:02.910Z - [Messenger] Sending message type: GET_NX_CONSOLE_STATUS
[NX v22.5.4 Daemon Client] - 2026-03-16T13:57:02.911Z - [Messenger] Message sent
[NX v22.5.4 Daemon Server] - 2026-03-16T13:57:02.917Z - Received raw message of length 32
[NX v22.5.4 Daemon Server] - 2026-03-16T13:57:02.917Z - Received json message of type GET_NX_CONSOLE_STATUS
[NX v22.5.4 Daemon Server] - 2026-03-16T13:57:02.918Z - Serializing response for GET_NX_CONSOLE_STATUS message in json mode
[NX v22.5.4 Daemon Server] - 2026-03-16T13:57:02.918Z - Responding to GET_NX_CONSOLE_STATUS message
[NX v22.5.4 Daemon Server] - 2026-03-16T13:57:02.918Z - [REQUEST]: Responding to the client. handleGetNxConsoleStatus
[NX v22.5.4 Daemon Server] - 2026-03-16T13:57:02.918Z - Done responding to the client handleGetNxConsoleStatus
[NX v22.5.4 Daemon Server] - 2026-03-16T13:57:02.918Z - Handled json message GET_NX_CONSOLE_STATUS. Handling time: 0. Response time: 0.
[NX v22.5.4 Daemon Client] - 2026-03-16T13:57:02.918Z - [Messenger] Received message, length: 22
[NX v22.5.4 Daemon Client] - 2026-03-16T13:57:02.936Z - [Messenger] Sending message type: REQUEST_PROJECT_GRAPH
[NX v22.5.4 Daemon Client] - 2026-03-16T13:57:02.936Z - [Messenger] Message sent
[NX v22.5.4 Daemon Server] - 2026-03-16T13:57:02.936Z - Received raw message of length 32
[NX v22.5.4 Daemon Server] - 2026-03-16T13:57:02.936Z - Received json message of type REQUEST_PROJECT_GRAPH
[NX v22.5.4 Daemon Server] - 2026-03-16T13:57:02.936Z - [REQUEST]: Client Request for Project Graph Received
[NX v22.5.4 Daemon Server] - 2026-03-16T13:57:02.936Z - Reusing in-memory cached project graph because no files changed.
[NX v22.5.4 Daemon Server] - 2026-03-16T13:57:02.936Z - Serializing response for REQUEST_PROJECT_GRAPH message in json mode
[NX v22.5.4 Daemon Server] - 2026-03-16T13:57:02.936Z - Responding to REQUEST_PROJECT_GRAPH message
[NX v22.5.4 Daemon Server] - 2026-03-16T13:57:02.936Z - [REQUEST]: Responding to the client. project-graph
[NX v22.5.4 Daemon Server] - 2026-03-16T13:57:02.937Z - Time taken for 'total for creating and serializing project graph' 0.15454199999658158ms
[NX v22.5.4 Daemon Server] - 2026-03-16T13:57:02.939Z - Done responding to the client project-graph
[NX v22.5.4 Daemon Server] - 2026-03-16T13:57:02.939Z - Handled json message REQUEST_PROJECT_GRAPH. Handling time: 0. Response time: 3.
[NX v22.5.4 Daemon Client] - 2026-03-16T13:57:02.940Z - [Messenger] Received message, length: 1120231
[NX v22.5.4 Daemon Client] - 2026-03-16T13:57:02.943Z - [Messenger] Sending message type: PRE_TASKS_EXECUTION
[NX v22.5.4 Daemon Client] - 2026-03-16T13:57:02.943Z - [Messenger] Message sent
[NX v22.5.4 Daemon Server] - 2026-03-16T13:57:02.943Z - Received raw message of length 678
[NX v22.5.4 Daemon Server] - 2026-03-16T13:57:02.943Z - Received json message of type PRE_TASKS_EXECUTION
[NX v22.5.4 Daemon Server] - 2026-03-16T13:57:02.943Z - Serializing response for PRE_TASKS_EXECUTION message in json mode
[NX v22.5.4 Daemon Server] - 2026-03-16T13:57:02.943Z - Responding to PRE_TASKS_EXECUTION message
[NX v22.5.4 Daemon Server] - 2026-03-16T13:57:02.943Z - [REQUEST]: Responding to the client. handleRunPreTasksExecution
[NX v22.5.4 Daemon Server] - 2026-03-16T13:57:02.943Z - Done responding to the client handleRunPreTasksExecution
[NX v22.5.4 Daemon Server] - 2026-03-16T13:57:02.943Z - Handled json message PRE_TASKS_EXECUTION. Handling time: 0. Response time: 0.
[NX v22.5.4 Daemon Server] - 2026-03-16T13:57:02.943Z - Time taken for 'preTasksExecution' 0.11370799999713199ms
[NX v22.5.4 Daemon Client] - 2026-03-16T13:57:02.943Z - [Messenger] Received message, length: 2
[NX v22.5.4 Daemon Client] - 2026-03-16T13:57:02.967Z - [Messenger] Sending message type: HASH_TASKS
[NX v22.5.4 Daemon Client] - 2026-03-16T13:57:02.967Z - [Messenger] Message sent
[NX v22.5.4 Daemon Server] - 2026-03-16T13:57:02.967Z - Received raw message of length 5839
[NX v22.5.4 Daemon Server] - 2026-03-16T13:57:02.967Z - Received json message of type HASH_TASKS
[NX v22.5.4 Daemon Server] - 2026-03-16T13:57:02.967Z - Reusing in-memory cached project graph because no files changed.
DEBUG nx::native::tasks::hash_planner: get_plans_internal COMPLETED in 1.154542ms - processed 2 tasks (setup: 1.091917ms, parallel_planning: 62.375µs)
DEBUG nx::native::tasks::hashers::hash_workspace_files: Hashing workspace fileset with inputs: Adding "2189949021886064727" (".gitignore") to hash
DEBUG nx::native::tasks::hashers::hash_workspace_files: Hashing workspace fileset with inputs: Adding "2189949021886064727" (".gitignore") to hash
DEBUG nx::native::tasks::hashers::hash_workspace_files: Hashing workspace fileset with inputs: Adding "13467211139819667633" ("nx.json") to hash
DEBUG nx::native::tasks::hashers::hash_workspace_files: Hashing workspace fileset with inputs: Hash Value: "10970448857502704134"
DEBUG nx::native::tasks::hashers::hash_workspace_files: Hashing workspace fileset with inputs: Adding "13467211139819667633" ("nx.json") to hash
DEBUG nx::native::tasks::hashers::hash_workspace_files: Hashing workspace fileset with inputs: Hash Value: "10970448857502704134"
DEBUG nx::native::tasks::task_hasher: hash_plans COMPLETED in 1.302292ms - processed 2 plans (setup: 354.584µs, hashing: 947.625µs, assembly: 65.417µs)
[NX v22.5.4 Daemon Server] - 2026-03-16T13:57:02.974Z - Serializing response for HASH_TASKS message in json mode
[NX v22.5.4 Daemon Server] - 2026-03-16T13:57:02.974Z - Responding to HASH_TASKS message
[NX v22.5.4 Daemon Server] - 2026-03-16T13:57:02.974Z - [REQUEST]: Responding to the client. handleHashTasks
[NX v22.5.4 Daemon Server] - 2026-03-16T13:57:02.974Z - Done responding to the client handleHashTasks
[NX v22.5.4 Daemon Server] - 2026-03-16T13:57:02.974Z - Handled json message HASH_TASKS. Handling time: 7. Response time: 0.
[NX v22.5.4 Daemon Client] - 2026-03-16T13:57:02.974Z - [Messenger] Received message, length: 34268
[NX v22.5.4 Daemon Client] - 2026-03-16T13:57:03.001Z - [Messenger] Sending message type: GET_ESTIMATED_TASK_TIMINGS
[NX v22.5.4 Daemon Client] - 2026-03-16T13:57:03.001Z - [Messenger] Message sent
[NX v22.5.4 Daemon Server] - 2026-03-16T13:57:03.001Z - Received raw message of length 134
[NX v22.5.4 Daemon Server] - 2026-03-16T13:57:03.001Z - Received json message of type GET_ESTIMATED_TASK_TIMINGS
[NX v22.5.4 Daemon Server] - 2026-03-16T13:57:03.002Z - Serializing response for GET_ESTIMATED_TASK_TIMINGS message in json mode
[NX v22.5.4 Daemon Server] - 2026-03-16T13:57:03.002Z - Responding to GET_ESTIMATED_TASK_TIMINGS message
[NX v22.5.4 Daemon Server] - 2026-03-16T13:57:03.002Z - [REQUEST]: Responding to the client. handleGetEstimatedTaskTimings
[NX v22.5.4 Daemon Server] - 2026-03-16T13:57:03.002Z - Done responding to the client handleGetEstimatedTaskTimings
[NX v22.5.4 Daemon Server] - 2026-03-16T13:57:03.002Z - Handled json message GET_ESTIMATED_TASK_TIMINGS. Handling time: 1. Response time: 0.
[NX v22.5.4 Daemon Client] - 2026-03-16T13:57:03.002Z - [Messenger] Received message, length: 53
[NX v22.5.4 Daemon Server] - 2026-03-16T13:57:03.257Z - [WATCHER]: Processing file changes in outputs
[NX v22.5.4 Daemon Client] - 2026-03-16T13:57:03.597Z - [Messenger] Sending message type: RECORD_OUTPUTS_HASH
[NX v22.5.4 Daemon Client] - 2026-03-16T13:57:03.597Z - [Messenger] Message sent
[NX v22.5.4 Daemon Server] - 2026-03-16T13:57:03.597Z - Received raw message of length 106
[NX v22.5.4 Daemon Server] - 2026-03-16T13:57:03.597Z - Received json message of type RECORD_OUTPUTS_HASH
[NX v22.5.4 Daemon Server] - 2026-03-16T13:57:03.600Z - Serializing response for RECORD_OUTPUTS_HASH message in json mode
[NX v22.5.4 Daemon Server] - 2026-03-16T13:57:03.600Z - Responding to RECORD_OUTPUTS_HASH message
[NX v22.5.4 Daemon Server] - 2026-03-16T13:57:03.600Z - [REQUEST]: Responding to the client. recordOutputsHash
[NX v22.5.4 Daemon Server] - 2026-03-16T13:57:03.600Z - Done responding to the client recordOutputsHash
[NX v22.5.4 Daemon Server] - 2026-03-16T13:57:03.600Z - Handled json message RECORD_OUTPUTS_HASH. Handling time: 3. Response time: 0.
[NX v22.5.4 Daemon Client] - 2026-03-16T13:57:03.600Z - [Messenger] Received message, length: 2
[NX v22.5.4 Daemon Server] - 2026-03-16T13:57:03.633Z - [WATCHER]: Processing file changes in outputs
[NX v22.5.4 Daemon Server] - 2026-03-16T13:57:05.205Z - [WATCHER]: 0 file(s) created or restored, 0 file(s) modified, 0 file(s) deleted
[NX v22.5.4 Daemon Server] - 2026-03-16T13:57:05.205Z - [WATCHER]: Processing file changes in outputs
[NX v22.5.4 Daemon Server] - 2026-03-16T13:57:05.257Z - [WATCHER]: 0 file(s) created or restored, 0 file(s) modified, 0 file(s) deleted
[NX v22.5.4 Daemon Server] - 2026-03-16T13:57:05.258Z - [WATCHER]: Processing file changes in outputs
[NX v22.5.4 Daemon Server] - 2026-03-16T13:57:05.307Z - [REQUEST]: Updated workspace context based on watched changes, recomputing project graph...
[NX v22.5.4 Daemon Server] - 2026-03-16T13:57:05.307Z - [REQUEST]: 
[NX v22.5.4 Daemon Server] - 2026-03-16T13:57:05.307Z - [REQUEST]: 
[NX v22.5.4 Daemon Server] - 2026-03-16T13:57:05.312Z - Time taken for 'hash changed files from watcher' 0.4512089999989257ms
Time for 'nx/js/dependencies-and-lockfile:createNodes' 3.425875000000815
[NX v22.5.4 Daemon Server] - 2026-03-16T13:57:05.320Z - [WATCHER]: 0 file(s) created or restored, 0 file(s) modified, 0 file(s) deleted
[NX v22.5.4 Daemon Server] - 2026-03-16T13:57:05.330Z - [WATCHER]: Processing file changes in outputs
Time for 'plugin worker 56423 code loading' 2.92
Time for 'plugin worker 56424 code loading' 3.206792
Time for 'plugin worker 56422 code loading' 3.2675420000000006
[NX v22.5.4 Daemon Server] - 2026-03-16T13:57:05.333Z - Time taken for 'start-plugin-worker:@nx/docker' 23.60162500000297ms
Time for 'plugin worker 56425 code loading' 3.4398339999999994
Time for 'plugin worker 56426 code loading' 3.439916
[NX v22.5.4 Daemon Server] - 2026-03-16T13:57:05.341Z - Time taken for 'start-plugin-worker:@nx/eslint/plugin' 31.88887500000419ms
[NX v22.5.4 Daemon Server] - 2026-03-16T13:57:05.343Z - Time taken for 'start-plugin-worker:nx/core/project-json' 31.367582999999286ms
[NX v22.5.4 Daemon Server] - 2026-03-16T13:57:05.382Z - [WATCHER]: Processing file changes in outputs
[NX v22.5.4 Daemon Client] - 2026-03-16T13:57:05.410Z - [Messenger] Sending message type: RECORD_OUTPUTS_HASH
[NX v22.5.4 Daemon Client] - 2026-03-16T13:57:05.410Z - [Messenger] Message sent
[NX v22.5.4 Daemon Server] - 2026-03-16T13:57:05.410Z - Received raw message of length 152
[NX v22.5.4 Daemon Server] - 2026-03-16T13:57:05.410Z - Received json message of type RECORD_OUTPUTS_HASH
[NX v22.5.4 Daemon Server] - 2026-03-16T13:57:05.410Z - Serializing response for RECORD_OUTPUTS_HASH message in json mode
[NX v22.5.4 Daemon Server] - 2026-03-16T13:57:05.410Z - Responding to RECORD_OUTPUTS_HASH message
[NX v22.5.4 Daemon Server] - 2026-03-16T13:57:05.410Z - [REQUEST]: Responding to the client. recordOutputsHash
[NX v22.5.4 Daemon Server] - 2026-03-16T13:57:05.410Z - Done responding to the client recordOutputsHash
[NX v22.5.4 Daemon Server] - 2026-03-16T13:57:05.410Z - Handled json message RECORD_OUTPUTS_HASH. Handling time: 0. Response time: 0.
[NX v22.5.4 Daemon Client] - 2026-03-16T13:57:05.410Z - [Messenger] Received message, length: 2
[NX v22.5.4 Daemon Client] - 2026-03-16T13:57:05.411Z - [Messenger] Sending message type: RECORD_TASK_RUNS
[NX v22.5.4 Daemon Client] - 2026-03-16T13:57:05.411Z - [Messenger] Message sent
[NX v22.5.4 Daemon Server] - 2026-03-16T13:57:05.411Z - Received raw message of length 383
[NX v22.5.4 Daemon Server] - 2026-03-16T13:57:05.411Z - Received json message of type RECORD_TASK_RUNS
[NX v22.5.4 Daemon Server] - 2026-03-16T13:57:05.411Z - Serializing response for RECORD_TASK_RUNS message in json mode
[NX v22.5.4 Daemon Server] - 2026-03-16T13:57:05.412Z - Responding to RECORD_TASK_RUNS message
[NX v22.5.4 Daemon Server] - 2026-03-16T13:57:05.412Z - [REQUEST]: Responding to the client. handleRecordTaskRuns
[NX v22.5.4 Daemon Server] - 2026-03-16T13:57:05.412Z - Done responding to the client handleRecordTaskRuns
[NX v22.5.4 Daemon Server] - 2026-03-16T13:57:05.412Z - Handled json message RECORD_TASK_RUNS. Handling time: 0. Response time: 1.
[NX v22.5.4 Daemon Client] - 2026-03-16T13:57:05.412Z - [Messenger] Received message, length: 4
Time for 'nx/core/package-json:createNodes' 2.343208000000004
[NX v22.5.4 Daemon Client] - 2026-03-16T13:57:05.412Z - [Messenger] Sending message type: POST_TASKS_EXECUTION
[NX v22.5.4 Daemon Client] - 2026-03-16T13:57:05.412Z - [Messenger] Message sent
[NX v22.5.4 Daemon Server] - 2026-03-16T13:57:05.412Z - Received raw message of length 10041
[NX v22.5.4 Daemon Server] - 2026-03-16T13:57:05.413Z - Received json message of type POST_TASKS_EXECUTION
[NX v22.5.4 Daemon Server] - 2026-03-16T13:57:05.413Z - Serializing response for POST_TASKS_EXECUTION message in json mode
[NX v22.5.4 Daemon Server] - 2026-03-16T13:57:05.413Z - Responding to POST_TASKS_EXECUTION message
[NX v22.5.4 Daemon Server] - 2026-03-16T13:57:05.413Z - [REQUEST]: Responding to the client. handleRunPostTasksExecution
[NX v22.5.4 Daemon Server] - 2026-03-16T13:57:05.413Z - Done responding to the client handleRunPostTasksExecution
[NX v22.5.4 Daemon Server] - 2026-03-16T13:57:05.413Z - Handled json message POST_TASKS_EXECUTION. Handling time: 0. Response time: 0.
[NX v22.5.4 Daemon Server] - 2026-03-16T13:57:05.413Z - Time taken for 'postTasksExecution' 0.09999999999854481ms
[NX v22.5.4 Daemon Client] - 2026-03-16T13:57:05.413Z - [Messenger] Received message, length: 4
[NX v22.5.4 Daemon Server] - 2026-03-16T13:57:05.419Z - Closed a connection. Number of open connections: 0
[NX v22.5.4 Daemon Server] - 2026-03-16T13:57:05.438Z - Established a connection. Number of open connections: 1
[NX v22.5.4 Daemon Server] - 2026-03-16T13:57:05.439Z - Closed a connection. Number of open connections: 0
[NX v22.5.4 Daemon Server] - 2026-03-16T13:57:05.439Z - Established a connection. Number of open connections: 1
[NX v22.5.4 Daemon Client] - 2026-03-16T13:57:05.439Z - [Messenger] Setting up socket listeners
[NX v22.5.4 Daemon Client] - 2026-03-16T13:57:05.439Z - [Messenger] listen() complete
[NX v22.5.4 Daemon Client] - 2026-03-16T13:57:05.440Z - [Messenger] Sending message type: HASH_MULTI_GLOB
[NX v22.5.4 Daemon Client] - 2026-03-16T13:57:05.440Z - [Messenger] Message sent
Time for 'daemon-message-serialization-HASH_MULTI_GLOB' 0.11512499999999193
[NX v22.5.4 Daemon Server] - 2026-03-16T13:57:05.447Z - Received raw message of length 50
[NX v22.5.4 Daemon Server] - 2026-03-16T13:57:05.447Z - Received json message of type HASH_MULTI_GLOB
[NX v22.5.4 Daemon Server] - 2026-03-16T13:57:05.448Z - Serializing response for HASH_GLOB message in json mode
[NX v22.5.4 Daemon Server] - 2026-03-16T13:57:05.448Z - Responding to HASH_GLOB message
[NX v22.5.4 Daemon Server] - 2026-03-16T13:57:05.448Z - [REQUEST]: Responding to the client. handleHashMultiGlob
[NX v22.5.4 Daemon Server] - 2026-03-16T13:57:05.448Z - Done responding to the client handleHashMultiGlob
[NX v22.5.4 Daemon Server] - 2026-03-16T13:57:05.448Z - Handled json message HASH_GLOB. Handling time: 1. Response time: 0.
[NX v22.5.4 Daemon Client] - 2026-03-16T13:57:05.448Z - [Messenger] Received message, length: 24
[NX v22.5.4 Daemon Server] - 2026-03-16T13:57:05.453Z - Closed a connection. Number of open connections: 0
[NX v22.5.4 Daemon Server] - 2026-03-16T13:57:05.459Z - Established a connection. Number of open connections: 1
[NX v22.5.4 Daemon Server] - 2026-03-16T13:57:05.460Z - Closed a connection. Number of open connections: 0
[NX v22.5.4 Daemon Server] - 2026-03-16T13:57:05.460Z - Established a connection. Number of open connections: 1
[NX v22.5.4 Daemon Server] - 2026-03-16T13:57:05.460Z - [WATCHER]: Processing file changes in outputs
[NX v22.5.4 Daemon Client] - 2026-03-16T13:57:05.460Z - [Messenger] Setting up socket listeners
[NX v22.5.4 Daemon Client] - 2026-03-16T13:57:05.460Z - [Messenger] listen() complete
[NX v22.5.4 Daemon Client] - 2026-03-16T13:57:05.460Z - [Messenger] Sending message type: GLOB
[NX v22.5.4 Daemon Client] - 2026-03-16T13:57:05.460Z - [Messenger] Message sent
Time for 'daemon-message-serialization-GLOB' 0.08600000000001273
[NX v22.5.4 Daemon Server] - 2026-03-16T13:57:05.468Z - Received raw message of length 73
[NX v22.5.4 Daemon Server] - 2026-03-16T13:57:05.468Z - Received json message of type GLOB
[NX v22.5.4 Daemon Server] - 2026-03-16T13:57:05.469Z - Serializing response for GLOB message in json mode
[NX v22.5.4 Daemon Server] - 2026-03-16T13:57:05.469Z - Responding to GLOB message
[NX v22.5.4 Daemon Server] - 2026-03-16T13:57:05.469Z - [REQUEST]: Responding to the client. handleGlob
[NX v22.5.4 Daemon Server] - 2026-03-16T13:57:05.469Z - Done responding to the client handleGlob
[NX v22.5.4 Daemon Server] - 2026-03-16T13:57:05.469Z - Handled json message GLOB. Handling time: 1. Response time: 0.
[NX v22.5.4 Daemon Client] - 2026-03-16T13:57:05.469Z - [Messenger] Received message, length: 31213
[NX v22.5.4 Daemon Client] - 2026-03-16T13:57:05.470Z - [Messenger] Sending message type: HASH_MULTI_GLOB
[NX v22.5.4 Daemon Client] - 2026-03-16T13:57:05.470Z - [Messenger] Message sent
[NX v22.5.4 Daemon Server] - 2026-03-16T13:57:05.470Z - Received raw message of length 349
[NX v22.5.4 Daemon Server] - 2026-03-16T13:57:05.470Z - Received json message of type HASH_MULTI_GLOB
[NX v22.5.4 Daemon Server] - 2026-03-16T13:57:05.471Z - Serializing response for HASH_GLOB message in json mode
[NX v22.5.4 Daemon Server] - 2026-03-16T13:57:05.471Z - Responding to HASH_GLOB message
[NX v22.5.4 Daemon Server] - 2026-03-16T13:57:05.471Z - [REQUEST]: Responding to the client. handleHashMultiGlob
[NX v22.5.4 Daemon Server] - 2026-03-16T13:57:05.471Z - Done responding to the client handleHashMultiGlob
[NX v22.5.4 Daemon Server] - 2026-03-16T13:57:05.471Z - Handled json message HASH_GLOB. Handling time: 1. Response time: 0.
Time for 'GLOB round trip' 9.242250000000013
Time for 'deserialize daemon response - GLOB' 0.08295800000001918
Time for 'daemon-message-serialization-HASH_MULTI_GLOB' 0.009833000000014636
[NX v22.5.4 Daemon Client] - 2026-03-16T13:57:05.471Z - [Messenger] Received message, length: 113
[NX v22.5.4 Daemon Server] - 2026-03-16T13:57:05.521Z - [REQUEST]: Updated workspace context based on watched changes, recomputing project graph...
[NX v22.5.4 Daemon Server] - 2026-03-16T13:57:05.521Z - [REQUEST]: 
[NX v22.5.4 Daemon Server] - 2026-03-16T13:57:05.521Z - [REQUEST]: 
[NX v22.5.4 Daemon Client] - 2026-03-16T13:57:05.525Z - [Messenger] Sending message type: GLOB
[NX v22.5.4 Daemon Client] - 2026-03-16T13:57:05.526Z - [Messenger] Message sent
Time for '@nx/eslint/plugin:createNodes' 63.399292
Time for 'HASH_MULTI_GLOB round trip' 1.347959000000003
Time for 'deserialize daemon response - HASH_MULTI_GLOB' 0.005541999999991276
Time for 'daemon-message-serialization-GLOB' 0.008750000000020464
[NX v22.5.4 Daemon Server] - 2026-03-16T13:57:05.526Z - Time taken for 'hash changed files from watcher' 0.3741249999948195ms
[NX v22.5.4 Daemon Server] - 2026-03-16T13:57:05.526Z - Received raw message of length 73
[NX v22.5.4 Daemon Server] - 2026-03-16T13:57:05.526Z - Received json message of type GLOB
[NX v22.5.4 Daemon Server] - 2026-03-16T13:57:05.527Z - Serializing response for GLOB message in json mode
[NX v22.5.4 Daemon Server] - 2026-03-16T13:57:05.527Z - Responding to GLOB message
[NX v22.5.4 Daemon Server] - 2026-03-16T13:57:05.527Z - [REQUEST]: Responding to the client. handleGlob
[NX v22.5.4 Daemon Server] - 2026-03-16T13:57:05.527Z - Done responding to the client handleGlob
[NX v22.5.4 Daemon Server] - 2026-03-16T13:57:05.527Z - Handled json message GLOB. Handling time: 1. Response time: 0.
[NX v22.5.4 Daemon Client] - 2026-03-16T13:57:05.527Z - [Messenger] Received message, length: 31213
[NX v22.5.4 Daemon Client] - 2026-03-16T13:57:05.528Z - [Messenger] Sending message type: HASH_MULTI_GLOB
[NX v22.5.4 Daemon Client] - 2026-03-16T13:57:05.528Z - [Messenger] Message sent
[NX v22.5.4 Daemon Server] - 2026-03-16T13:57:05.528Z - Received raw message of length 349
[NX v22.5.4 Daemon Server] - 2026-03-16T13:57:05.528Z - Received json message of type HASH_MULTI_GLOB
[NX v22.5.4 Daemon Server] - 2026-03-16T13:57:05.529Z - Serializing response for HASH_GLOB message in json mode
[NX v22.5.4 Daemon Server] - 2026-03-16T13:57:05.529Z - Responding to HASH_GLOB message
[NX v22.5.4 Daemon Server] - 2026-03-16T13:57:05.529Z - [REQUEST]: Responding to the client. handleHashMultiGlob
[NX v22.5.4 Daemon Server] - 2026-03-16T13:57:05.529Z - Done responding to the client handleHashMultiGlob
[NX v22.5.4 Daemon Server] - 2026-03-16T13:57:05.529Z - Handled json message HASH_GLOB. Handling time: 1. Response time: 0.
[NX v22.5.4 Daemon Client] - 2026-03-16T13:57:05.529Z - [Messenger] Received message, length: 113
Time for 'GLOB round trip' 1.7632089999999891
Time for 'deserialize daemon response - GLOB' 0.03224999999997635
Time for 'daemon-message-serialization-HASH_MULTI_GLOB' 0.008624999999994998
Time for 'nx/js/dependencies-and-lockfile:createNodes' 3.2571249999964493
[NX v22.5.4 Daemon Server] - 2026-03-16T13:57:05.533Z - Closed a connection. Number of open connections: 0
Time for 'plugin worker 56444 code loading' 3.0756669999999993
Time for 'plugin worker 56446 code loading' 3.1701669999999993
Time for 'plugin worker 56447 code loading' 3.0799579999999995
Time for 'plugin worker 56445 code loading' 3.1262919999999994
[NX v22.5.4 Daemon Server] - 2026-03-16T13:57:05.556Z - Time taken for 'start-plugin-worker:@nx/playwright/plugin' 32.65283400000044ms
Time for 'nx/core/package-json:createNodes' 2.2105419999999896
[NX v22.5.4 Daemon Server] - 2026-03-16T13:57:05.646Z - Established a connection. Number of open connections: 1
[NX v22.5.4 Daemon Server] - 2026-03-16T13:57:05.646Z - Closed a connection. Number of open connections: 0
[NX v22.5.4 Daemon Server] - 2026-03-16T13:57:05.646Z - Established a connection. Number of open connections: 1
[NX v22.5.4 Daemon Client] - 2026-03-16T13:57:05.646Z - [Messenger] Setting up socket listeners
[NX v22.5.4 Daemon Client] - 2026-03-16T13:57:05.647Z - [Messenger] listen() complete
[NX v22.5.4 Daemon Client] - 2026-03-16T13:57:05.647Z - [Messenger] Sending message type: HASH_MULTI_GLOB
[NX v22.5.4 Daemon Client] - 2026-03-16T13:57:05.647Z - [Messenger] Message sent
Time for 'daemon-message-serialization-HASH_MULTI_GLOB' 0.08604200000000617
[NX v22.5.4 Daemon Server] - 2026-03-16T13:57:05.654Z - Received raw message of length 50
[NX v22.5.4 Daemon Server] - 2026-03-16T13:57:05.654Z - Received json message of type HASH_MULTI_GLOB
[NX v22.5.4 Daemon Server] - 2026-03-16T13:57:05.655Z - Serializing response for HASH_GLOB message in json mode
[NX v22.5.4 Daemon Server] - 2026-03-16T13:57:05.655Z - Responding to HASH_GLOB message
[NX v22.5.4 Daemon Server] - 2026-03-16T13:57:05.655Z - [REQUEST]: Responding to the client. handleHashMultiGlob
[NX v22.5.4 Daemon Server] - 2026-03-16T13:57:05.655Z - Done responding to the client handleHashMultiGlob
[NX v22.5.4 Daemon Server] - 2026-03-16T13:57:05.655Z - Handled json message HASH_GLOB. Handling time: 1. Response time: 0.
[NX v22.5.4 Daemon Client] - 2026-03-16T13:57:05.655Z - [Messenger] Received message, length: 24
[NX v22.5.4 Daemon Server] - 2026-03-16T13:57:05.658Z - Closed a connection. Number of open connections: 0
[NX v22.5.4 Daemon Server] - 2026-03-16T13:57:05.667Z - Time taken for 'build-project-configs' 140.17437500000233ms
Time for 'build typescript dependencies' 0.010375000005296897
[NX v22.5.4 Daemon Server] - 2026-03-16T13:57:05.679Z - [SYNC]: collect registered sync generators
[NX v22.5.4 Daemon Server] - 2026-03-16T13:57:05.679Z - [SYNC]: project graph hash is the same, not collecting task sync generators
[NX v22.5.4 Daemon Server] - 2026-03-16T13:57:05.679Z - [SYNC]: nx.json hash is the same, not collecting global sync generators
[NX v22.5.4 Daemon Server] - 2026-03-16T13:57:05.679Z - [SYNC]: collect registered sync generators
[NX v22.5.4 Daemon Server] - 2026-03-16T13:57:05.679Z - [SYNC]: project graph hash is the same, not collecting task sync generators
[NX v22.5.4 Daemon Server] - 2026-03-16T13:57:05.679Z - [SYNC]: nx.json hash is the same, not collecting global sync generators
[NX v22.5.4 Daemon Server] - 2026-03-16T13:57:05.679Z - Time taken for 'total execution time for createProjectGraph()' 13.999082999995153ms
[NX v22.5.4 Daemon Server] - 2026-03-16T13:57:15.585Z - [WATCHER]: 1 file(s) created or restored, 0 file(s) modified, 1 file(s) deleted
[NX v22.5.4 Daemon Server] - 2026-03-16T13:57:15.586Z - [SYNC]: clearing sync generators cache due to file changes
[NX v22.5.4 Daemon Server] - 2026-03-16T13:57:15.586Z - [WATCHER]: Processing file changes in outputs
[NX v22.5.4 Daemon Server] - 2026-03-16T13:57:15.688Z - [REQUEST]: Updated workspace context based on watched changes, recomputing project graph...
[NX v22.5.4 Daemon Server] - 2026-03-16T13:57:15.688Z - [REQUEST]: functions/package.json
[NX v22.5.4 Daemon Server] - 2026-03-16T13:57:15.688Z - [REQUEST]: functions/package.json.tmp.93003.1773669435524
[NX v22.5.4 Daemon Server] - 2026-03-16T13:57:15.696Z - Time taken for 'hash changed files from watcher' 0.9358749999955762ms
Time for 'nx/js/dependencies-and-lockfile:createNodes' 4.174542000000656
Time for 'plugin worker 56594 code loading' 3.8035829999999997
Time for 'plugin worker 56592 code loading' 3.8010409999999997
Time for 'plugin worker 56596 code loading' 3.5239589999999996
Time for 'plugin worker 56595 code loading' 3.558834000000001
[NX v22.5.4 Daemon Server] - 2026-03-16T13:57:15.723Z - Time taken for 'start-plugin-worker:@nx/eslint/plugin' 31.979999999995925ms
Time for 'plugin worker 56593 code loading' 4.096875000000001
[NX v22.5.4 Daemon Server] - 2026-03-16T13:57:15.727Z - Time taken for 'start-plugin-worker:nx/core/package-json' 33.45974999999453ms
Time for 'nx/core/package-json:createNodes' 2.2712920000000025
[NX v22.5.4 Daemon Server] - 2026-03-16T13:57:15.814Z - Established a connection. Number of open connections: 1
[NX v22.5.4 Daemon Server] - 2026-03-16T13:57:15.814Z - Closed a connection. Number of open connections: 0
[NX v22.5.4 Daemon Server] - 2026-03-16T13:57:15.814Z - Established a connection. Number of open connections: 1
[NX v22.5.4 Daemon Client] - 2026-03-16T13:57:15.814Z - [Messenger] Setting up socket listeners
[NX v22.5.4 Daemon Client] - 2026-03-16T13:57:15.814Z - [Messenger] listen() complete
[NX v22.5.4 Daemon Client] - 2026-03-16T13:57:15.815Z - [Messenger] Sending message type: HASH_MULTI_GLOB
[NX v22.5.4 Daemon Client] - 2026-03-16T13:57:15.815Z - [Messenger] Message sent
Time for 'daemon-message-serialization-HASH_MULTI_GLOB' 0.1030410000000046
[NX v22.5.4 Daemon Server] - 2026-03-16T13:57:15.821Z - Received raw message of length 50
[NX v22.5.4 Daemon Server] - 2026-03-16T13:57:15.821Z - Received json message of type HASH_MULTI_GLOB
[NX v22.5.4 Daemon Server] - 2026-03-16T13:57:15.822Z - Serializing response for HASH_GLOB message in json mode
[NX v22.5.4 Daemon Server] - 2026-03-16T13:57:15.822Z - Responding to HASH_GLOB message
[NX v22.5.4 Daemon Server] - 2026-03-16T13:57:15.822Z - [REQUEST]: Responding to the client. handleHashMultiGlob
[NX v22.5.4 Daemon Server] - 2026-03-16T13:57:15.822Z - Done responding to the client handleHashMultiGlob
[NX v22.5.4 Daemon Server] - 2026-03-16T13:57:15.822Z - Handled json message HASH_GLOB. Handling time: 1. Response time: 0.
[NX v22.5.4 Daemon Client] - 2026-03-16T13:57:15.822Z - [Messenger] Received message, length: 24
[NX v22.5.4 Daemon Server] - 2026-03-16T13:57:15.829Z - Established a connection. Number of open connections: 2
[NX v22.5.4 Daemon Server] - 2026-03-16T13:57:15.829Z - Closed a connection. Number of open connections: 1
[NX v22.5.4 Daemon Server] - 2026-03-16T13:57:15.830Z - Established a connection. Number of open connections: 2
[NX v22.5.4 Daemon Client] - 2026-03-16T13:57:15.830Z - [Messenger] Setting up socket listeners
[NX v22.5.4 Daemon Client] - 2026-03-16T13:57:15.830Z - [Messenger] listen() complete
[NX v22.5.4 Daemon Client] - 2026-03-16T13:57:15.830Z - [Messenger] Sending message type: GLOB
[NX v22.5.4 Daemon Client] - 2026-03-16T13:57:15.830Z - [Messenger] Message sent
Time for 'daemon-message-serialization-GLOB' 0.07195800000000929
[NX v22.5.4 Daemon Server] - 2026-03-16T13:57:15.839Z - Received raw message of length 73
[NX v22.5.4 Daemon Server] - 2026-03-16T13:57:15.839Z - Received json message of type GLOB
[NX v22.5.4 Daemon Server] - 2026-03-16T13:57:15.839Z - Serializing response for GLOB message in json mode
[NX v22.5.4 Daemon Server] - 2026-03-16T13:57:15.839Z - Responding to GLOB message
[NX v22.5.4 Daemon Server] - 2026-03-16T13:57:15.839Z - [REQUEST]: Responding to the client. handleGlob
[NX v22.5.4 Daemon Server] - 2026-03-16T13:57:15.840Z - Done responding to the client handleGlob
[NX v22.5.4 Daemon Server] - 2026-03-16T13:57:15.840Z - Handled json message GLOB. Handling time: 0. Response time: 1.
[NX v22.5.4 Daemon Client] - 2026-03-16T13:57:15.840Z - [Messenger] Received message, length: 31213
[NX v22.5.4 Daemon Client] - 2026-03-16T13:57:15.841Z - [Messenger] Sending message type: HASH_MULTI_GLOB
[NX v22.5.4 Daemon Client] - 2026-03-16T13:57:15.841Z - [Messenger] Message sent
[NX v22.5.4 Daemon Server] - 2026-03-16T13:57:15.841Z - Received raw message of length 349
[NX v22.5.4 Daemon Server] - 2026-03-16T13:57:15.841Z - Received json message of type HASH_MULTI_GLOB
[NX v22.5.4 Daemon Server] - 2026-03-16T13:57:15.842Z - Serializing response for HASH_GLOB message in json mode
[NX v22.5.4 Daemon Server] - 2026-03-16T13:57:15.842Z - Responding to HASH_GLOB message
[NX v22.5.4 Daemon Server] - 2026-03-16T13:57:15.842Z - [REQUEST]: Responding to the client. handleHashMultiGlob
[NX v22.5.4 Daemon Server] - 2026-03-16T13:57:15.842Z - Done responding to the client handleHashMultiGlob
[NX v22.5.4 Daemon Server] - 2026-03-16T13:57:15.842Z - Handled json message HASH_GLOB. Handling time: 1. Response time: 0.
Time for 'GLOB round trip' 9.544916
Time for 'deserialize daemon response - GLOB' 0.09995799999998667
Time for 'daemon-message-serialization-HASH_MULTI_GLOB' 0.011749999999977945
[NX v22.5.4 Daemon Client] - 2026-03-16T13:57:15.842Z - [Messenger] Received message, length: 113
[NX v22.5.4 Daemon Server] - 2026-03-16T13:57:15.846Z - Closed a connection. Number of open connections: 1
Time for 'HASH_MULTI_GLOB round trip' 1.4227500000000077
Time for 'deserialize daemon response - HASH_MULTI_GLOB' 0.006458000000009179
[baseline-browser-mapping] The data in this module is over two months old.  To ensure accurate Baseline data, please update: `npm i baseline-browser-mapping@latest -D`
[NX v22.5.4 Daemon Server] - 2026-03-16T13:57:16.206Z - Time taken for 'build-project-configs' 510.69929199999024ms
[NX v22.5.4 Daemon Server] - 2026-03-16T13:57:16.211Z - Closed a connection. Number of open connections: 0
Time for 'build typescript dependencies' 4.754750000000058
[NX v22.5.4 Daemon Server] - 2026-03-16T13:57:16.219Z - [SYNC]: collect registered sync generators
[NX v22.5.4 Daemon Server] - 2026-03-16T13:57:16.219Z - [SYNC]: nx.json hash is the same, not collecting global sync generators
[NX v22.5.4 Daemon Server] - 2026-03-16T13:57:16.219Z - Time taken for 'total execution time for createProjectGraph()' 16.17533299999195ms
[NX v22.5.4 Daemon Server] - 2026-03-16T13:57:55.073Z - [WATCHER]: Processing file changes in outputs
[NX v22.5.4 Daemon Server] - 2026-03-16T13:57:59.833Z - [WATCHER]: Processing file changes in outputs
[NX v22.5.4 Daemon Server] - 2026-03-16T13:58:05.867Z - Established a connection. Number of open connections: 1
[NX v22.5.4 Daemon Server] - 2026-03-16T13:58:05.868Z - Closed a connection. Number of open connections: 0
[NX v22.5.4 Daemon Server] - 2026-03-16T13:58:05.868Z - Established a connection. Number of open connections: 1
[NX v22.5.4 Daemon Server] - 2026-03-16T13:58:05.868Z - Closed a connection. Number of open connections: 0
[NX v22.5.4 Daemon Server] - 2026-03-16T13:58:05.868Z - Established a connection. Number of open connections: 1
[NX v22.5.4 Daemon Client] - 2026-03-16T13:58:05.868Z - [Messenger] Setting up socket listeners
[NX v22.5.4 Daemon Client] - 2026-03-16T13:58:05.869Z - [Messenger] listen() complete
[NX v22.5.4 Daemon Client] - 2026-03-16T13:58:05.870Z - [Messenger] Sending message type: GET_NX_CONSOLE_STATUS
[NX v22.5.4 Daemon Client] - 2026-03-16T13:58:05.870Z - [Messenger] Message sent
[NX v22.5.4 Daemon Server] - 2026-03-16T13:58:05.876Z - Received raw message of length 32
[NX v22.5.4 Daemon Server] - 2026-03-16T13:58:05.876Z - Received json message of type GET_NX_CONSOLE_STATUS
[NX v22.5.4 Daemon Server] - 2026-03-16T13:58:05.876Z - Serializing response for GET_NX_CONSOLE_STATUS message in json mode
[NX v22.5.4 Daemon Server] - 2026-03-16T13:58:05.876Z - Responding to GET_NX_CONSOLE_STATUS message
[NX v22.5.4 Daemon Server] - 2026-03-16T13:58:05.876Z - [REQUEST]: Responding to the client. handleGetNxConsoleStatus
[NX v22.5.4 Daemon Server] - 2026-03-16T13:58:05.876Z - Done responding to the client handleGetNxConsoleStatus
[NX v22.5.4 Daemon Server] - 2026-03-16T13:58:05.876Z - Handled json message GET_NX_CONSOLE_STATUS. Handling time: 0. Response time: 0.
[NX v22.5.4 Daemon Client] - 2026-03-16T13:58:05.876Z - [Messenger] Received message, length: 22
[NX v22.5.4 Daemon Client] - 2026-03-16T13:58:05.899Z - [Messenger] Sending message type: REQUEST_PROJECT_GRAPH
[NX v22.5.4 Daemon Client] - 2026-03-16T13:58:05.900Z - [Messenger] Message sent
[NX v22.5.4 Daemon Server] - 2026-03-16T13:58:05.900Z - Received raw message of length 32
[NX v22.5.4 Daemon Server] - 2026-03-16T13:58:05.900Z - Received json message of type REQUEST_PROJECT_GRAPH
[NX v22.5.4 Daemon Server] - 2026-03-16T13:58:05.900Z - [REQUEST]: Client Request for Project Graph Received
[NX v22.5.4 Daemon Server] - 2026-03-16T13:58:05.900Z - Reusing in-memory cached project graph because no files changed.
[NX v22.5.4 Daemon Server] - 2026-03-16T13:58:05.900Z - Serializing response for REQUEST_PROJECT_GRAPH message in json mode
[NX v22.5.4 Daemon Server] - 2026-03-16T13:58:05.900Z - Responding to REQUEST_PROJECT_GRAPH message
[NX v22.5.4 Daemon Server] - 2026-03-16T13:58:05.900Z - [REQUEST]: Responding to the client. project-graph
[NX v22.5.4 Daemon Server] - 2026-03-16T13:58:05.900Z - Time taken for 'total for creating and serializing project graph' 0.14258300000801682ms
[NX v22.5.4 Daemon Server] - 2026-03-16T13:58:05.903Z - Done responding to the client project-graph
[NX v22.5.4 Daemon Server] - 2026-03-16T13:58:05.903Z - Handled json message REQUEST_PROJECT_GRAPH. Handling time: 0. Response time: 3.
[NX v22.5.4 Daemon Client] - 2026-03-16T13:58:05.903Z - [Messenger] Received message, length: 1120245
[NX v22.5.4 Daemon Client] - 2026-03-16T13:58:05.906Z - [Messenger] Sending message type: PRE_TASKS_EXECUTION
[NX v22.5.4 Daemon Client] - 2026-03-16T13:58:05.906Z - [Messenger] Message sent
[NX v22.5.4 Daemon Server] - 2026-03-16T13:58:05.906Z - Received raw message of length 675
[NX v22.5.4 Daemon Server] - 2026-03-16T13:58:05.906Z - Received json message of type PRE_TASKS_EXECUTION
[NX v22.5.4 Daemon Server] - 2026-03-16T13:58:05.906Z - Serializing response for PRE_TASKS_EXECUTION message in json mode
[NX v22.5.4 Daemon Server] - 2026-03-16T13:58:05.906Z - Responding to PRE_TASKS_EXECUTION message
[NX v22.5.4 Daemon Server] - 2026-03-16T13:58:05.906Z - [REQUEST]: Responding to the client. handleRunPreTasksExecution
[NX v22.5.4 Daemon Server] - 2026-03-16T13:58:05.906Z - Done responding to the client handleRunPreTasksExecution
[NX v22.5.4 Daemon Server] - 2026-03-16T13:58:05.906Z - Handled json message PRE_TASKS_EXECUTION. Handling time: 0. Response time: 0.
[NX v22.5.4 Daemon Server] - 2026-03-16T13:58:05.906Z - Time taken for 'preTasksExecution' 0.09462499999790452ms
[NX v22.5.4 Daemon Client] - 2026-03-16T13:58:05.906Z - [Messenger] Received message, length: 2
[NX v22.5.4 Daemon Client] - 2026-03-16T13:58:05.931Z - [Messenger] Sending message type: HASH_TASKS
[NX v22.5.4 Daemon Client] - 2026-03-16T13:58:05.931Z - [Messenger] Message sent
[NX v22.5.4 Daemon Server] - 2026-03-16T13:58:05.931Z - Received raw message of length 5247
[NX v22.5.4 Daemon Server] - 2026-03-16T13:58:05.931Z - Received json message of type HASH_TASKS
[NX v22.5.4 Daemon Server] - 2026-03-16T13:58:05.931Z - Reusing in-memory cached project graph because no files changed.
DEBUG nx::native::tasks::hash_planner: get_plans_internal COMPLETED in 1.200667ms - processed 1 tasks (setup: 1.176625ms, parallel_planning: 23.959µs)
DEBUG nx::native::tasks::hashers::hash_workspace_files: Hashing workspace fileset with inputs: Adding "2189949021886064727" (".gitignore") to hash
DEBUG nx::native::tasks::hashers::hash_workspace_files: Hashing workspace fileset with inputs: Adding "13467211139819667633" ("nx.json") to hash
DEBUG nx::native::tasks::hashers::hash_workspace_files: Hashing workspace fileset with inputs: Hash Value: "10970448857502704134"
DEBUG nx::native::tasks::task_hasher: hash_plans COMPLETED in 1.26525ms - processed 1 plans (setup: 346.584µs, hashing: 918.584µs, assembly: 45.792µs)
[NX v22.5.4 Daemon Server] - 2026-03-16T13:58:05.939Z - Serializing response for HASH_TASKS message in json mode
[NX v22.5.4 Daemon Server] - 2026-03-16T13:58:05.939Z - Responding to HASH_TASKS message
[NX v22.5.4 Daemon Server] - 2026-03-16T13:58:05.939Z - [REQUEST]: Responding to the client. handleHashTasks
[NX v22.5.4 Daemon Server] - 2026-03-16T13:58:05.940Z - Done responding to the client handleHashTasks
[NX v22.5.4 Daemon Server] - 2026-03-16T13:58:05.940Z - Handled json message HASH_TASKS. Handling time: 8. Response time: 1.
[NX v22.5.4 Daemon Client] - 2026-03-16T13:58:05.940Z - [Messenger] Received message, length: 22378
[NX v22.5.4 Daemon Client] - 2026-03-16T13:58:05.965Z - [Messenger] Sending message type: GET_ESTIMATED_TASK_TIMINGS
[NX v22.5.4 Daemon Client] - 2026-03-16T13:58:05.965Z - [Messenger] Message sent
[NX v22.5.4 Daemon Server] - 2026-03-16T13:58:05.965Z - Received raw message of length 88
[NX v22.5.4 Daemon Server] - 2026-03-16T13:58:05.965Z - Received json message of type GET_ESTIMATED_TASK_TIMINGS
[NX v22.5.4 Daemon Server] - 2026-03-16T13:58:05.965Z - Serializing response for GET_ESTIMATED_TASK_TIMINGS message in json mode
[NX v22.5.4 Daemon Server] - 2026-03-16T13:58:05.965Z - Responding to GET_ESTIMATED_TASK_TIMINGS message
[NX v22.5.4 Daemon Server] - 2026-03-16T13:58:05.965Z - [REQUEST]: Responding to the client. handleGetEstimatedTaskTimings
[NX v22.5.4 Daemon Server] - 2026-03-16T13:58:05.965Z - Done responding to the client handleGetEstimatedTaskTimings
[NX v22.5.4 Daemon Server] - 2026-03-16T13:58:05.965Z - Handled json message GET_ESTIMATED_TASK_TIMINGS. Handling time: 0. Response time: 0.
[NX v22.5.4 Daemon Client] - 2026-03-16T13:58:05.965Z - [Messenger] Received message, length: 24
[NX v22.5.4 Daemon Server] - 2026-03-16T13:58:07.133Z - [WATCHER]: Processing file changes in outputs
[NX v22.5.4 Daemon Server] - 2026-03-16T13:58:08.217Z - [WATCHER]: Processing file changes in outputs
[NX v22.5.4 Daemon Server] - 2026-03-16T13:58:08.521Z - [WATCHER]: Processing file changes in outputs
[NX v22.5.4 Daemon Client] - 2026-03-16T13:58:08.576Z - [Messenger] Sending message type: RECORD_OUTPUTS_HASH
[NX v22.5.4 Daemon Client] - 2026-03-16T13:58:08.576Z - [Messenger] Message sent
[NX v22.5.4 Daemon Server] - 2026-03-16T13:58:08.576Z - Received raw message of length 143
[NX v22.5.4 Daemon Server] - 2026-03-16T13:58:08.576Z - Received json message of type RECORD_OUTPUTS_HASH
[NX v22.5.4 Daemon Server] - 2026-03-16T13:58:08.585Z - Serializing response for RECORD_OUTPUTS_HASH message in json mode
[NX v22.5.4 Daemon Server] - 2026-03-16T13:58:08.585Z - Responding to RECORD_OUTPUTS_HASH message
[NX v22.5.4 Daemon Server] - 2026-03-16T13:58:08.585Z - [REQUEST]: Responding to the client. recordOutputsHash
[NX v22.5.4 Daemon Server] - 2026-03-16T13:58:08.585Z - Done responding to the client recordOutputsHash
[NX v22.5.4 Daemon Server] - 2026-03-16T13:58:08.585Z - Handled json message RECORD_OUTPUTS_HASH. Handling time: 8. Response time: 0.
[NX v22.5.4 Daemon Client] - 2026-03-16T13:58:08.585Z - [Messenger] Received message, length: 2
[NX v22.5.4 Daemon Client] - 2026-03-16T13:58:08.586Z - [Messenger] Sending message type: RECORD_TASK_RUNS
[NX v22.5.4 Daemon Server] - 2026-03-16T13:58:08.587Z - Received raw message of length 207
[NX v22.5.4 Daemon Client] - 2026-03-16T13:58:08.586Z - [Messenger] Message sent
[NX v22.5.4 Daemon Server] - 2026-03-16T13:58:08.587Z - Received json message of type RECORD_TASK_RUNS
[NX v22.5.4 Daemon Server] - 2026-03-16T13:58:08.587Z - Serializing response for RECORD_TASK_RUNS message in json mode
[NX v22.5.4 Daemon Server] - 2026-03-16T13:58:08.587Z - Responding to RECORD_TASK_RUNS message
[NX v22.5.4 Daemon Server] - 2026-03-16T13:58:08.587Z - [REQUEST]: Responding to the client. handleRecordTaskRuns
[NX v22.5.4 Daemon Server] - 2026-03-16T13:58:08.587Z - Done responding to the client handleRecordTaskRuns
[NX v22.5.4 Daemon Server] - 2026-03-16T13:58:08.587Z - Handled json message RECORD_TASK_RUNS. Handling time: 0. Response time: 0.
[NX v22.5.4 Daemon Client] - 2026-03-16T13:58:08.587Z - [Messenger] Received message, length: 4
[NX v22.5.4 Daemon Client] - 2026-03-16T13:58:08.588Z - [Messenger] Sending message type: POST_TASKS_EXECUTION
[NX v22.5.4 Daemon Client] - 2026-03-16T13:58:08.588Z - [Messenger] Message sent
[NX v22.5.4 Daemon Server] - 2026-03-16T13:58:08.588Z - Received raw message of length 14101
[NX v22.5.4 Daemon Server] - 2026-03-16T13:58:08.589Z - Received json message of type POST_TASKS_EXECUTION
[NX v22.5.4 Daemon Server] - 2026-03-16T13:58:08.589Z - Serializing response for POST_TASKS_EXECUTION message in json mode
[NX v22.5.4 Daemon Server] - 2026-03-16T13:58:08.589Z - Responding to POST_TASKS_EXECUTION message
[NX v22.5.4 Daemon Server] - 2026-03-16T13:58:08.589Z - [REQUEST]: Responding to the client. handleRunPostTasksExecution
[NX v22.5.4 Daemon Server] - 2026-03-16T13:58:08.589Z - Done responding to the client handleRunPostTasksExecution
[NX v22.5.4 Daemon Server] - 2026-03-16T13:58:08.589Z - Handled json message POST_TASKS_EXECUTION. Handling time: 0. Response time: 0.
[NX v22.5.4 Daemon Client] - 2026-03-16T13:58:08.589Z - [Messenger] Received message, length: 4
[NX v22.5.4 Daemon Server] - 2026-03-16T13:58:08.589Z - Time taken for 'postTasksExecution' 0.07420800000545569ms
[NX v22.5.4 Daemon Server] - 2026-03-16T13:58:08.593Z - Closed a connection. Number of open connections: 0
[NX v22.5.4 Daemon Server] - 2026-03-16T15:22:36.039Z - [WATCHER]: 0 file(s) created or restored, 0 file(s) modified, 0 file(s) deleted
[NX v22.5.4 Daemon Server] - 2026-03-16T15:22:36.142Z - [REQUEST]: Updated workspace context based on watched changes, recomputing project graph...
[NX v22.5.4 Daemon Server] - 2026-03-16T15:22:36.142Z - [REQUEST]: 
[NX v22.5.4 Daemon Server] - 2026-03-16T15:22:36.142Z - [REQUEST]: 
[NX v22.5.4 Daemon Server] - 2026-03-16T15:22:36.148Z - Time taken for 'hash changed files from watcher' 0.5847499994561076ms
Time for 'nx/js/dependencies-and-lockfile:createNodes' 5.931334000080824
Time for 'plugin worker 76339 code loading' 6.144166
Time for 'plugin worker 76346 code loading' 6.194291999999999
Time for 'plugin worker 76347 code loading' 6.1331250000000015
[NX v22.5.4 Daemon Server] - 2026-03-16T15:22:36.176Z - Time taken for 'start-plugin-worker:@nx/eslint/plugin' 31.70975000038743ms
Time for 'plugin worker 76343 code loading' 6.4357500000000005
Time for 'plugin worker 76345 code loading' 6.541332999999998
[NX v22.5.4 Daemon Server] - 2026-03-16T15:22:36.178Z - Time taken for 'start-plugin-worker:nx/core/package-json' 30.70308299921453ms
Time for 'nx/core/package-json:createNodes' 2.219416999999993
[NX v22.5.4 Daemon Server] - 2026-03-16T15:22:36.371Z - Established a connection. Number of open connections: 1
[NX v22.5.4 Daemon Server] - 2026-03-16T15:22:36.372Z - Closed a connection. Number of open connections: 0
[NX v22.5.4 Daemon Server] - 2026-03-16T15:22:36.372Z - Established a connection. Number of open connections: 1
[NX v22.5.4 Daemon Client] - 2026-03-16T15:22:36.372Z - [Messenger] Setting up socket listeners
[NX v22.5.4 Daemon Client] - 2026-03-16T15:22:36.372Z - [Messenger] listen() complete
[NX v22.5.4 Daemon Client] - 2026-03-16T15:22:36.372Z - [Messenger] Sending message type: HASH_MULTI_GLOB
[NX v22.5.4 Daemon Client] - 2026-03-16T15:22:36.373Z - [Messenger] Message sent
Time for 'daemon-message-serialization-HASH_MULTI_GLOB' 0.0907500000000141
[NX v22.5.4 Daemon Server] - 2026-03-16T15:22:36.379Z - Received raw message of length 50
[NX v22.5.4 Daemon Server] - 2026-03-16T15:22:36.379Z - Received json message of type HASH_MULTI_GLOB
[NX v22.5.4 Daemon Server] - 2026-03-16T15:22:36.380Z - Serializing response for HASH_GLOB message in json mode
[NX v22.5.4 Daemon Server] - 2026-03-16T15:22:36.380Z - Responding to HASH_GLOB message
[NX v22.5.4 Daemon Server] - 2026-03-16T15:22:36.380Z - [REQUEST]: Responding to the client. handleHashMultiGlob
[NX v22.5.4 Daemon Server] - 2026-03-16T15:22:36.380Z - Done responding to the client handleHashMultiGlob
[NX v22.5.4 Daemon Server] - 2026-03-16T15:22:36.380Z - Handled json message HASH_GLOB. Handling time: 1. Response time: 0.
[NX v22.5.4 Daemon Client] - 2026-03-16T15:22:36.380Z - [Messenger] Received message, length: 24
[NX v22.5.4 Daemon Server] - 2026-03-16T15:22:36.384Z - Closed a connection. Number of open connections: 0
[NX v22.5.4 Daemon Server] - 2026-03-16T15:22:36.404Z - Established a connection. Number of open connections: 1
[NX v22.5.4 Daemon Server] - 2026-03-16T15:22:36.405Z - Closed a connection. Number of open connections: 0
[NX v22.5.4 Daemon Server] - 2026-03-16T15:22:36.405Z - Established a connection. Number of open connections: 1
[NX v22.5.4 Daemon Client] - 2026-03-16T15:22:36.405Z - [Messenger] Setting up socket listeners
[NX v22.5.4 Daemon Client] - 2026-03-16T15:22:36.406Z - [Messenger] listen() complete
[NX v22.5.4 Daemon Client] - 2026-03-16T15:22:36.406Z - [Messenger] Sending message type: GLOB
[NX v22.5.4 Daemon Client] - 2026-03-16T15:22:36.406Z - [Messenger] Message sent
Time for 'daemon-message-serialization-GLOB' 0.07233300000001464
[NX v22.5.4 Daemon Server] - 2026-03-16T15:22:36.413Z - Received raw message of length 73
[NX v22.5.4 Daemon Server] - 2026-03-16T15:22:36.413Z - Received json message of type GLOB
[NX v22.5.4 Daemon Server] - 2026-03-16T15:22:36.413Z - Serializing response for GLOB message in json mode
[NX v22.5.4 Daemon Server] - 2026-03-16T15:22:36.413Z - Responding to GLOB message
[NX v22.5.4 Daemon Server] - 2026-03-16T15:22:36.413Z - [REQUEST]: Responding to the client. handleGlob
[NX v22.5.4 Daemon Server] - 2026-03-16T15:22:36.414Z - Done responding to the client handleGlob
[NX v22.5.4 Daemon Server] - 2026-03-16T15:22:36.414Z - Handled json message GLOB. Handling time: 0. Response time: 1.
[NX v22.5.4 Daemon Client] - 2026-03-16T15:22:36.414Z - [Messenger] Received message, length: 31213
[NX v22.5.4 Daemon Client] - 2026-03-16T15:22:36.415Z - [Messenger] Sending message type: HASH_MULTI_GLOB
[NX v22.5.4 Daemon Client] - 2026-03-16T15:22:36.415Z - [Messenger] Message sent
[NX v22.5.4 Daemon Server] - 2026-03-16T15:22:36.415Z - Received raw message of length 349
[NX v22.5.4 Daemon Server] - 2026-03-16T15:22:36.415Z - Received json message of type HASH_MULTI_GLOB
[NX v22.5.4 Daemon Server] - 2026-03-16T15:22:36.416Z - Serializing response for HASH_GLOB message in json mode
[NX v22.5.4 Daemon Server] - 2026-03-16T15:22:36.416Z - Responding to HASH_GLOB message
[NX v22.5.4 Daemon Server] - 2026-03-16T15:22:36.416Z - [REQUEST]: Responding to the client. handleHashMultiGlob
[NX v22.5.4 Daemon Server] - 2026-03-16T15:22:36.416Z - Done responding to the client handleHashMultiGlob
[NX v22.5.4 Daemon Server] - 2026-03-16T15:22:36.416Z - Handled json message HASH_GLOB. Handling time: 1. Response time: 0.
[NX v22.5.4 Daemon Client] - 2026-03-16T15:22:36.416Z - [Messenger] Received message, length: 113
Time for 'GLOB round trip' 8.019583000000011
Time for 'deserialize daemon response - GLOB' 0.1031250000000341
Time for 'daemon-message-serialization-HASH_MULTI_GLOB' 0.012000000000000455
[NX v22.5.4 Daemon Server] - 2026-03-16T15:22:36.524Z - Time taken for 'build-project-configs' 374.0321659995243ms
[NX v22.5.4 Daemon Server] - 2026-03-16T15:22:36.527Z - Closed a connection. Number of open connections: 0
Time for 'build typescript dependencies' 0.017291000112891197
[NX v22.5.4 Daemon Server] - 2026-03-16T15:22:36.537Z - [SYNC]: collect registered sync generators
[NX v22.5.4 Daemon Server] - 2026-03-16T15:22:36.537Z - [SYNC]: project graph hash is the same, not collecting task sync generators
[NX v22.5.4 Daemon Server] - 2026-03-16T15:22:36.537Z - [SYNC]: nx.json hash is the same, not collecting global sync generators
[NX v22.5.4 Daemon Server] - 2026-03-16T15:22:36.538Z - Time taken for 'total execution time for createProjectGraph()' 17.44254200067371ms
[NX v22.5.4 Daemon Server] - 2026-03-16T15:22:39.445Z - [WATCHER]: functions/src/shared-api was deleted
[NX v22.5.4 Daemon Server] - 2026-03-16T15:22:39.446Z - [SYNC]: clearing sync generators cache due to file changes
[NX v22.5.4 Daemon Server] - 2026-03-16T15:22:39.446Z - [WATCHER]: Processing file changes in outputs
[NX v22.5.4 Daemon Server] - 2026-03-16T15:22:39.646Z - [REQUEST]: Updated workspace context based on watched changes, recomputing project graph...
[NX v22.5.4 Daemon Server] - 2026-03-16T15:22:39.646Z - [REQUEST]: 
[NX v22.5.4 Daemon Server] - 2026-03-16T15:22:39.646Z - [REQUEST]: functions/src/shared-api
[NX v22.5.4 Daemon Server] - 2026-03-16T15:22:39.652Z - Time taken for 'hash changed files from watcher' 0.7751660002395511ms
Time for 'nx/js/dependencies-and-lockfile:createNodes' 4.1105000004172325
[NX v22.5.4 Daemon Server] - 2026-03-16T15:22:39.680Z - Time taken for 'start-plugin-worker:@nx/eslint/plugin' 31.362792000174522ms
[NX v22.5.4 Daemon Server] - 2026-03-16T15:22:39.680Z - Time taken for 'start-plugin-worker:@nx/playwright/plugin' 30.49508299957961ms
Time for 'plugin worker 76531 code loading' 3.8242079999999987
Time for 'plugin worker 76529 code loading' 3.754333000000001
Time for 'plugin worker 76530 code loading' 3.8520839999999996
Time for 'plugin worker 76528 code loading' 3.9268330000000002
Time for 'plugin worker 76527 code loading' 4.023833
[NX v22.5.4 Daemon Server] - 2026-03-16T15:22:39.682Z - Time taken for 'start-plugin-worker:nx/core/package-json' 31.08029199950397ms
Time for 'nx/core/package-json:createNodes' 2.3377499999999998
[NX v22.5.4 Daemon Server] - 2026-03-16T15:22:39.779Z - Established a connection. Number of open connections: 1
[NX v22.5.4 Daemon Server] - 2026-03-16T15:22:39.779Z - Closed a connection. Number of open connections: 0
[NX v22.5.4 Daemon Server] - 2026-03-16T15:22:39.779Z - Established a connection. Number of open connections: 1
[NX v22.5.4 Daemon Client] - 2026-03-16T15:22:39.779Z - [Messenger] Setting up socket listeners
[NX v22.5.4 Daemon Client] - 2026-03-16T15:22:39.780Z - [Messenger] listen() complete
[NX v22.5.4 Daemon Client] - 2026-03-16T15:22:39.780Z - [Messenger] Sending message type: HASH_MULTI_GLOB
[NX v22.5.4 Daemon Client] - 2026-03-16T15:22:39.780Z - [Messenger] Message sent
Time for 'daemon-message-serialization-HASH_MULTI_GLOB' 0.08683400000001029
[NX v22.5.4 Daemon Server] - 2026-03-16T15:22:39.787Z - Received raw message of length 50
[NX v22.5.4 Daemon Server] - 2026-03-16T15:22:39.787Z - Received json message of type HASH_MULTI_GLOB
[NX v22.5.4 Daemon Server] - 2026-03-16T15:22:39.787Z - Serializing response for HASH_GLOB message in json mode
[NX v22.5.4 Daemon Server] - 2026-03-16T15:22:39.787Z - Responding to HASH_GLOB message
[NX v22.5.4 Daemon Server] - 2026-03-16T15:22:39.788Z - [REQUEST]: Responding to the client. handleHashMultiGlob
[NX v22.5.4 Daemon Server] - 2026-03-16T15:22:39.788Z - Done responding to the client handleHashMultiGlob
[NX v22.5.4 Daemon Server] - 2026-03-16T15:22:39.788Z - Handled json message HASH_GLOB. Handling time: 0. Response time: 1.
[NX v22.5.4 Daemon Client] - 2026-03-16T15:22:39.788Z - [Messenger] Received message, length: 24
[NX v22.5.4 Daemon Server] - 2026-03-16T15:22:39.795Z - Established a connection. Number of open connections: 2
[NX v22.5.4 Daemon Server] - 2026-03-16T15:22:39.795Z - Closed a connection. Number of open connections: 1
[NX v22.5.4 Daemon Server] - 2026-03-16T15:22:39.795Z - Established a connection. Number of open connections: 2
[NX v22.5.4 Daemon Client] - 2026-03-16T15:22:39.795Z - [Messenger] Setting up socket listeners
[NX v22.5.4 Daemon Client] - 2026-03-16T15:22:39.796Z - [Messenger] listen() complete
[NX v22.5.4 Daemon Client] - 2026-03-16T15:22:39.796Z - [Messenger] Sending message type: GLOB
[NX v22.5.4 Daemon Client] - 2026-03-16T15:22:39.796Z - [Messenger] Message sent
Time for 'daemon-message-serialization-GLOB' 0.07754099999999653
[NX v22.5.4 Daemon Server] - 2026-03-16T15:22:39.804Z - Received raw message of length 73
[NX v22.5.4 Daemon Server] - 2026-03-16T15:22:39.804Z - Received json message of type GLOB
[NX v22.5.4 Daemon Server] - 2026-03-16T15:22:39.805Z - Serializing response for GLOB message in json mode
[NX v22.5.4 Daemon Server] - 2026-03-16T15:22:39.805Z - Responding to GLOB message
[NX v22.5.4 Daemon Server] - 2026-03-16T15:22:39.805Z - [REQUEST]: Responding to the client. handleGlob
[NX v22.5.4 Daemon Server] - 2026-03-16T15:22:39.805Z - Done responding to the client handleGlob
[NX v22.5.4 Daemon Server] - 2026-03-16T15:22:39.805Z - Handled json message GLOB. Handling time: 1. Response time: 0.
[NX v22.5.4 Daemon Client] - 2026-03-16T15:22:39.805Z - [Messenger] Received message, length: 29175
[NX v22.5.4 Daemon Client] - 2026-03-16T15:22:39.806Z - [Messenger] Sending message type: HASH_MULTI_GLOB
[NX v22.5.4 Daemon Client] - 2026-03-16T15:22:39.806Z - [Messenger] Message sent
[NX v22.5.4 Daemon Server] - 2026-03-16T15:22:39.806Z - Received raw message of length 349
[NX v22.5.4 Daemon Server] - 2026-03-16T15:22:39.806Z - Received json message of type HASH_MULTI_GLOB
[NX v22.5.4 Daemon Server] - 2026-03-16T15:22:39.807Z - Serializing response for HASH_GLOB message in json mode
[NX v22.5.4 Daemon Server] - 2026-03-16T15:22:39.807Z - Responding to HASH_GLOB message
[NX v22.5.4 Daemon Server] - 2026-03-16T15:22:39.807Z - [REQUEST]: Responding to the client. handleHashMultiGlob
[NX v22.5.4 Daemon Server] - 2026-03-16T15:22:39.807Z - Done responding to the client handleHashMultiGlob
[NX v22.5.4 Daemon Server] - 2026-03-16T15:22:39.807Z - Handled json message HASH_GLOB. Handling time: 1. Response time: 0.
Time for 'GLOB round trip' 9.281624999999991
Time for 'deserialize daemon response - GLOB' 0.08395799999999554
Time for 'daemon-message-serialization-HASH_MULTI_GLOB' 0.009500000000002728
[NX v22.5.4 Daemon Client] - 2026-03-16T15:22:39.807Z - [Messenger] Received message, length: 113
[NX v22.5.4 Daemon Server] - 2026-03-16T15:22:39.812Z - Closed a connection. Number of open connections: 1
Time for 'HASH_MULTI_GLOB round trip' 1.3993329999999844
Time for 'deserialize daemon response - HASH_MULTI_GLOB' 0.006583000000006223
[baseline-browser-mapping] The data in this module is over two months old.  To ensure accurate Baseline data, please update: `npm i baseline-browser-mapping@latest -D`
[NX v22.5.4 Daemon Server] - 2026-03-16T15:22:40.302Z - Time taken for 'build-project-configs' 649.3856669999659ms
Time for 'build typescript dependencies' 0.010499999858438969
[NX v22.5.4 Daemon Server] - 2026-03-16T15:22:40.312Z - [SYNC]: collect registered sync generators
[NX v22.5.4 Daemon Server] - 2026-03-16T15:22:40.312Z - [SYNC]: project graph hash is the same, not collecting task sync generators
[NX v22.5.4 Daemon Server] - 2026-03-16T15:22:40.312Z - [SYNC]: nx.json hash is the same, not collecting global sync generators
[NX v22.5.4 Daemon Server] - 2026-03-16T15:22:40.312Z - Time taken for 'total execution time for createProjectGraph()' 12.740207999944687ms
[NX v22.5.4 Daemon Server] - 2026-03-16T15:22:40.313Z - Closed a connection. Number of open connections: 0
[NX v22.5.4 Daemon Server] - 2026-03-16T15:22:42.159Z - [WATCHER]: 0 file(s) created or restored, 0 file(s) modified, 4 file(s) deleted
[NX v22.5.4 Daemon Server] - 2026-03-16T15:22:42.159Z - [SYNC]: clearing sync generators cache due to file changes
[NX v22.5.4 Daemon Server] - 2026-03-16T15:22:42.160Z - [WATCHER]: Processing file changes in outputs
[NX v22.5.4 Daemon Server] - 2026-03-16T15:22:42.561Z - [REQUEST]: Updated workspace context based on watched changes, recomputing project graph...
[NX v22.5.4 Daemon Server] - 2026-03-16T15:22:42.562Z - [REQUEST]: 
[NX v22.5.4 Daemon Server] - 2026-03-16T15:22:42.562Z - [REQUEST]: functions/src/constants,functions/src/types,functions/src/test-utils,functions/src/collections
[NX v22.5.4 Daemon Server] - 2026-03-16T15:22:42.567Z - Time taken for 'hash changed files from watcher' 0.7334159994497895ms
Time for 'nx/js/dependencies-and-lockfile:createNodes' 3.8695830004289746
Time for 'plugin worker 76692 code loading' 3.4723749999999995
Time for 'plugin worker 76693 code loading' 3.3824579999999997
Time for 'plugin worker 76691 code loading' 3.547542
Time for 'plugin worker 76694 code loading' 3.259875000000001
Time for 'plugin worker 76695 code loading' 3.404458
[NX v22.5.4 Daemon Server] - 2026-03-16T15:22:42.599Z - Time taken for 'start-plugin-worker:@nx/eslint/plugin' 35.59554099943489ms
Time for 'nx/core/package-json:createNodes' 2.3051669999999973
[NX v22.5.4 Daemon Server] - 2026-03-16T15:22:42.694Z - Established a connection. Number of open connections: 1
[NX v22.5.4 Daemon Server] - 2026-03-16T15:22:42.694Z - Closed a connection. Number of open connections: 0
[NX v22.5.4 Daemon Server] - 2026-03-16T15:22:42.694Z - Established a connection. Number of open connections: 1
[NX v22.5.4 Daemon Client] - 2026-03-16T15:22:42.694Z - [Messenger] Setting up socket listeners
[NX v22.5.4 Daemon Client] - 2026-03-16T15:22:42.695Z - [Messenger] listen() complete
[NX v22.5.4 Daemon Client] - 2026-03-16T15:22:42.695Z - [Messenger] Sending message type: HASH_MULTI_GLOB
[NX v22.5.4 Daemon Client] - 2026-03-16T15:22:42.695Z - [Messenger] Message sent
Time for 'daemon-message-serialization-HASH_MULTI_GLOB' 0.09495799999999122
[NX v22.5.4 Daemon Server] - 2026-03-16T15:22:42.702Z - Received raw message of length 50
[NX v22.5.4 Daemon Server] - 2026-03-16T15:22:42.702Z - Received json message of type HASH_MULTI_GLOB
[NX v22.5.4 Daemon Server] - 2026-03-16T15:22:42.702Z - Serializing response for HASH_GLOB message in json mode
[NX v22.5.4 Daemon Server] - 2026-03-16T15:22:42.702Z - Responding to HASH_GLOB message
[NX v22.5.4 Daemon Server] - 2026-03-16T15:22:42.702Z - [REQUEST]: Responding to the client. handleHashMultiGlob
[NX v22.5.4 Daemon Server] - 2026-03-16T15:22:42.703Z - Done responding to the client handleHashMultiGlob
[NX v22.5.4 Daemon Server] - 2026-03-16T15:22:42.703Z - Handled json message HASH_GLOB. Handling time: 0. Response time: 1.
[NX v22.5.4 Daemon Client] - 2026-03-16T15:22:42.703Z - [Messenger] Received message, length: 24
[NX v22.5.4 Daemon Server] - 2026-03-16T15:22:42.709Z - Established a connection. Number of open connections: 2
[NX v22.5.4 Daemon Server] - 2026-03-16T15:22:42.710Z - Closed a connection. Number of open connections: 1
[NX v22.5.4 Daemon Server] - 2026-03-16T15:22:42.710Z - Established a connection. Number of open connections: 2
[NX v22.5.4 Daemon Client] - 2026-03-16T15:22:42.710Z - [Messenger] Setting up socket listeners
[NX v22.5.4 Daemon Client] - 2026-03-16T15:22:42.710Z - [Messenger] listen() complete
[NX v22.5.4 Daemon Client] - 2026-03-16T15:22:42.710Z - [Messenger] Sending message type: GLOB
[NX v22.5.4 Daemon Client] - 2026-03-16T15:22:42.711Z - [Messenger] Message sent
Time for 'daemon-message-serialization-GLOB' 0.08020799999999895
[NX v22.5.4 Daemon Server] - 2026-03-16T15:22:42.719Z - Received raw message of length 73
[NX v22.5.4 Daemon Server] - 2026-03-16T15:22:42.719Z - Received json message of type GLOB
[NX v22.5.4 Daemon Server] - 2026-03-16T15:22:42.719Z - Serializing response for GLOB message in json mode
[NX v22.5.4 Daemon Server] - 2026-03-16T15:22:42.719Z - Responding to GLOB message
[NX v22.5.4 Daemon Server] - 2026-03-16T15:22:42.719Z - [REQUEST]: Responding to the client. handleGlob
[NX v22.5.4 Daemon Server] - 2026-03-16T15:22:42.720Z - Done responding to the client handleGlob
[NX v22.5.4 Daemon Server] - 2026-03-16T15:22:42.720Z - Handled json message GLOB. Handling time: 0. Response time: 1.
[NX v22.5.4 Daemon Client] - 2026-03-16T15:22:42.720Z - [Messenger] Received message, length: 28081
[NX v22.5.4 Daemon Client] - 2026-03-16T15:22:42.720Z - [Messenger] Sending message type: HASH_MULTI_GLOB
[NX v22.5.4 Daemon Client] - 2026-03-16T15:22:42.721Z - [Messenger] Message sent
[NX v22.5.4 Daemon Server] - 2026-03-16T15:22:42.721Z - Received raw message of length 349
[NX v22.5.4 Daemon Server] - 2026-03-16T15:22:42.721Z - Received json message of type HASH_MULTI_GLOB
[NX v22.5.4 Daemon Server] - 2026-03-16T15:22:42.721Z - Serializing response for HASH_GLOB message in json mode
[NX v22.5.4 Daemon Server] - 2026-03-16T15:22:42.722Z - Responding to HASH_GLOB message
[NX v22.5.4 Daemon Server] - 2026-03-16T15:22:42.722Z - [REQUEST]: Responding to the client. handleHashMultiGlob
[NX v22.5.4 Daemon Server] - 2026-03-16T15:22:42.722Z - Done responding to the client handleHashMultiGlob
[NX v22.5.4 Daemon Server] - 2026-03-16T15:22:42.722Z - Handled json message HASH_GLOB. Handling time: 0. Response time: 1.
Time for 'GLOB round trip' 9.370666999999997
Time for 'deserialize daemon response - GLOB' 0.09499999999999886
Time for 'daemon-message-serialization-HASH_MULTI_GLOB' 0.011291999999997415
[NX v22.5.4 Daemon Client] - 2026-03-16T15:22:42.722Z - [Messenger] Received message, length: 113
[NX v22.5.4 Daemon Server] - 2026-03-16T15:22:42.727Z - Closed a connection. Number of open connections: 1
Time for 'HASH_MULTI_GLOB round trip' 1.2981249999999989
Time for 'deserialize daemon response - HASH_MULTI_GLOB' 0.008791999999999689
[baseline-browser-mapping] The data in this module is over two months old.  To ensure accurate Baseline data, please update: `npm i baseline-browser-mapping@latest -D`
[NX v22.5.4 Daemon Server] - 2026-03-16T15:22:43.073Z - Time taken for 'build-project-configs' 506.5020829997957ms
[NX v22.5.4 Daemon Server] - 2026-03-16T15:22:43.079Z - Closed a connection. Number of open connections: 0
Time for 'build typescript dependencies' 0.00904100015759468
[NX v22.5.4 Daemon Server] - 2026-03-16T15:22:43.087Z - [SYNC]: collect registered sync generators
[NX v22.5.4 Daemon Server] - 2026-03-16T15:22:43.088Z - [SYNC]: project graph hash is the same, not collecting task sync generators
[NX v22.5.4 Daemon Server] - 2026-03-16T15:22:43.088Z - [SYNC]: nx.json hash is the same, not collecting global sync generators
[NX v22.5.4 Daemon Server] - 2026-03-16T15:22:43.088Z - Time taken for 'total execution time for createProjectGraph()' 16.427209000103176ms
[NX v22.5.4 Daemon Server] - 2026-03-16T15:22:47.828Z - [WATCHER]: 1 file(s) created or restored, 0 file(s) modified, 1 file(s) deleted
[NX v22.5.4 Daemon Server] - 2026-03-16T15:22:47.829Z - [SYNC]: clearing sync generators cache due to file changes
[NX v22.5.4 Daemon Server] - 2026-03-16T15:22:47.829Z - [WATCHER]: Processing file changes in outputs
[NX v22.5.4 Daemon Server] - 2026-03-16T15:22:47.931Z - [REQUEST]: Updated workspace context based on watched changes, recomputing project graph...
[NX v22.5.4 Daemon Server] - 2026-03-16T15:22:47.931Z - [REQUEST]: libs/functions-shared/project.json
[NX v22.5.4 Daemon Server] - 2026-03-16T15:22:47.931Z - [REQUEST]: libs/functions-shared/project.json.tmp.93003.1773674567765
[NX v22.5.4 Daemon Server] - 2026-03-16T15:22:47.937Z - Time taken for 'hash changed files from watcher' 0.7652080003172159ms
Time for 'nx/js/dependencies-and-lockfile:createNodes' 3.6507500000298023
Time for 'plugin worker 76757 code loading' 3.713750000000001
Time for 'plugin worker 76758 code loading' 3.694458000000001
Time for 'plugin worker 76755 code loading' 3.657167000000001
Time for 'plugin worker 76759 code loading' 3.5872910000000005
Time for 'plugin worker 76756 code loading' 3.972958
[NX v22.5.4 Daemon Server] - 2026-03-16T15:22:47.969Z - Time taken for 'start-plugin-worker:@nx/eslint/plugin' 35.25191699992865ms
Time for 'nx/core/package-json:createNodes' 2.1200000000000045
[NX v22.5.4 Daemon Server] - 2026-03-16T15:22:48.061Z - Established a connection. Number of open connections: 1
[NX v22.5.4 Daemon Server] - 2026-03-16T15:22:48.061Z - Established a connection. Number of open connections: 2
[NX v22.5.4 Daemon Server] - 2026-03-16T15:22:48.061Z - Closed a connection. Number of open connections: 1
[NX v22.5.4 Daemon Client] - 2026-03-16T15:22:48.061Z - [Messenger] Setting up socket listeners
[NX v22.5.4 Daemon Client] - 2026-03-16T15:22:48.062Z - [Messenger] listen() complete
[NX v22.5.4 Daemon Client] - 2026-03-16T15:22:48.062Z - [Messenger] Sending message type: HASH_MULTI_GLOB
[NX v22.5.4 Daemon Client] - 2026-03-16T15:22:48.062Z - [Messenger] Message sent
Time for 'daemon-message-serialization-HASH_MULTI_GLOB' 0.09454200000000412
[NX v22.5.4 Daemon Server] - 2026-03-16T15:22:48.069Z - Received raw message of length 50
[NX v22.5.4 Daemon Server] - 2026-03-16T15:22:48.069Z - Received json message of type HASH_MULTI_GLOB
[NX v22.5.4 Daemon Server] - 2026-03-16T15:22:48.070Z - Serializing response for HASH_GLOB message in json mode
[NX v22.5.4 Daemon Server] - 2026-03-16T15:22:48.070Z - Responding to HASH_GLOB message
[NX v22.5.4 Daemon Server] - 2026-03-16T15:22:48.070Z - [REQUEST]: Responding to the client. handleHashMultiGlob
[NX v22.5.4 Daemon Server] - 2026-03-16T15:22:48.070Z - Done responding to the client handleHashMultiGlob
[NX v22.5.4 Daemon Server] - 2026-03-16T15:22:48.070Z - Handled json message HASH_GLOB. Handling time: 1. Response time: 0.
[NX v22.5.4 Daemon Client] - 2026-03-16T15:22:48.070Z - [Messenger] Received message, length: 24
[NX v22.5.4 Daemon Server] - 2026-03-16T15:22:48.077Z - Established a connection. Number of open connections: 2
[NX v22.5.4 Daemon Server] - 2026-03-16T15:22:48.077Z - Closed a connection. Number of open connections: 1
[NX v22.5.4 Daemon Server] - 2026-03-16T15:22:48.077Z - Established a connection. Number of open connections: 2
[NX v22.5.4 Daemon Client] - 2026-03-16T15:22:48.077Z - [Messenger] Setting up socket listeners
[NX v22.5.4 Daemon Client] - 2026-03-16T15:22:48.078Z - [Messenger] listen() complete
[NX v22.5.4 Daemon Client] - 2026-03-16T15:22:48.078Z - [Messenger] Sending message type: GLOB
[NX v22.5.4 Daemon Client] - 2026-03-16T15:22:48.078Z - [Messenger] Message sent
Time for 'daemon-message-serialization-GLOB' 0.07004100000000335
[NX v22.5.4 Daemon Server] - 2026-03-16T15:22:48.087Z - Received raw message of length 73
[NX v22.5.4 Daemon Server] - 2026-03-16T15:22:48.087Z - Received json message of type GLOB
[NX v22.5.4 Daemon Server] - 2026-03-16T15:22:48.087Z - Serializing response for GLOB message in json mode
[NX v22.5.4 Daemon Server] - 2026-03-16T15:22:48.087Z - Responding to GLOB message
[NX v22.5.4 Daemon Server] - 2026-03-16T15:22:48.087Z - [REQUEST]: Responding to the client. handleGlob
[NX v22.5.4 Daemon Server] - 2026-03-16T15:22:48.087Z - Done responding to the client handleGlob
[NX v22.5.4 Daemon Server] - 2026-03-16T15:22:48.088Z - Handled json message GLOB. Handling time: 0. Response time: 1.
[NX v22.5.4 Daemon Client] - 2026-03-16T15:22:48.088Z - [Messenger] Received message, length: 28081
[NX v22.5.4 Daemon Client] - 2026-03-16T15:22:48.088Z - [Messenger] Sending message type: HASH_MULTI_GLOB
[NX v22.5.4 Daemon Server] - 2026-03-16T15:22:48.089Z - Received raw message of length 429
[NX v22.5.4 Daemon Client] - 2026-03-16T15:22:48.088Z - [Messenger] Message sent
[NX v22.5.4 Daemon Server] - 2026-03-16T15:22:48.089Z - Received json message of type HASH_MULTI_GLOB
[NX v22.5.4 Daemon Server] - 2026-03-16T15:22:48.090Z - Serializing response for HASH_GLOB message in json mode
[NX v22.5.4 Daemon Server] - 2026-03-16T15:22:48.090Z - Responding to HASH_GLOB message
[NX v22.5.4 Daemon Server] - 2026-03-16T15:22:48.090Z - [REQUEST]: Responding to the client. handleHashMultiGlob
[NX v22.5.4 Daemon Server] - 2026-03-16T15:22:48.090Z - Done responding to the client handleHashMultiGlob
[NX v22.5.4 Daemon Server] - 2026-03-16T15:22:48.090Z - Handled json message HASH_GLOB. Handling time: 1. Response time: 0.
Time for 'GLOB round trip' 9.744625000000013
Time for 'deserialize daemon response - GLOB' 0.09074999999998568
Time for 'daemon-message-serialization-HASH_MULTI_GLOB' 0.01029199999999264
[NX v22.5.4 Daemon Client] - 2026-03-16T15:22:48.090Z - [Messenger] Received message, length: 135
[NX v22.5.4 Daemon Server] - 2026-03-16T15:22:48.095Z - Closed a connection. Number of open connections: 1
Time for 'HASH_MULTI_GLOB round trip' 1.4900409999999908
Time for 'deserialize daemon response - HASH_MULTI_GLOB' 0.01041599999999221
[baseline-browser-mapping] The data in this module is over two months old.  To ensure accurate Baseline data, please update: `npm i baseline-browser-mapping@latest -D`
[NX v22.5.4 Daemon Server] - 2026-03-16T15:22:48.447Z - Time taken for 'build-project-configs' 509.9922080002725ms
[NX v22.5.4 Daemon Server] - 2026-03-16T15:22:48.453Z - Closed a connection. Number of open connections: 0
Time for 'build typescript dependencies' 1.522499999962747
[NX v22.5.4 Daemon Server] - 2026-03-16T15:22:48.463Z - [SYNC]: collect registered sync generators
[NX v22.5.4 Daemon Server] - 2026-03-16T15:22:48.463Z - [SYNC]: nx.json hash is the same, not collecting global sync generators
[NX v22.5.4 Daemon Server] - 2026-03-16T15:22:48.463Z - Time taken for 'total execution time for createProjectGraph()' 18.084250000305474ms
[NX v22.5.4 Daemon Server] - 2026-03-16T15:22:51.068Z - [WATCHER]: Processing file changes in outputs
[NX v22.5.4 Daemon Server] - 2026-03-16T15:22:51.068Z - [WATCHER]: 1 file(s) created or restored, 0 file(s) modified, 1 file(s) deleted
[NX v22.5.4 Daemon Server] - 2026-03-16T15:22:51.068Z - [SYNC]: clearing sync generators cache due to file changes
[NX v22.5.4 Daemon Server] - 2026-03-16T15:22:51.168Z - [REQUEST]: Updated workspace context based on watched changes, recomputing project graph...
[NX v22.5.4 Daemon Server] - 2026-03-16T15:22:51.169Z - [REQUEST]: libs/functions-shared/tsconfig.json
[NX v22.5.4 Daemon Server] - 2026-03-16T15:22:51.169Z - [REQUEST]: libs/functions-shared/tsconfig.json.tmp.93003.1773674571004
[NX v22.5.4 Daemon Server] - 2026-03-16T15:22:51.175Z - Time taken for 'hash changed files from watcher' 0.8672080002725124ms
Time for 'nx/js/dependencies-and-lockfile:createNodes' 4.701208000071347
Time for 'plugin worker 77390 code loading' 3.9517500000000005
Time for 'plugin worker 77388 code loading' 3.9479170000000003
[NX v22.5.4 Daemon Server] - 2026-03-16T15:22:51.204Z - Time taken for 'start-plugin-worker:@nx/eslint/plugin' 32.410749999806285ms
Time for 'plugin worker 77389 code loading' 4.161249999999999
Time for 'plugin worker 77387 code loading' 3.9159169999999985
Time for 'plugin worker 77391 code loading' 4.0785420000000006
[NX v22.5.4 Daemon Server] - 2026-03-16T15:22:51.210Z - Time taken for 'start-plugin-worker:nx/core/package-json' 35.90191600006074ms
Time for 'nx/core/package-json:createNodes' 2.086833999999996
[NX v22.5.4 Daemon Server] - 2026-03-16T15:22:51.295Z - Established a connection. Number of open connections: 1
[NX v22.5.4 Daemon Server] - 2026-03-16T15:22:51.296Z - Closed a connection. Number of open connections: 0
[NX v22.5.4 Daemon Server] - 2026-03-16T15:22:51.296Z - Established a connection. Number of open connections: 1
[NX v22.5.4 Daemon Client] - 2026-03-16T15:22:51.296Z - [Messenger] Setting up socket listeners
[NX v22.5.4 Daemon Client] - 2026-03-16T15:22:51.296Z - [Messenger] listen() complete
[NX v22.5.4 Daemon Client] - 2026-03-16T15:22:51.296Z - [Messenger] Sending message type: HASH_MULTI_GLOB
[NX v22.5.4 Daemon Client] - 2026-03-16T15:22:51.297Z - [Messenger] Message sent
Time for 'daemon-message-serialization-HASH_MULTI_GLOB' 0.0956249999999983
[NX v22.5.4 Daemon Server] - 2026-03-16T15:22:51.304Z - Received raw message of length 50
[NX v22.5.4 Daemon Server] - 2026-03-16T15:22:51.304Z - Received json message of type HASH_MULTI_GLOB
[NX v22.5.4 Daemon Server] - 2026-03-16T15:22:51.304Z - Serializing response for HASH_GLOB message in json mode
[NX v22.5.4 Daemon Server] - 2026-03-16T15:22:51.304Z - Responding to HASH_GLOB message
[NX v22.5.4 Daemon Server] - 2026-03-16T15:22:51.304Z - [REQUEST]: Responding to the client. handleHashMultiGlob
[NX v22.5.4 Daemon Server] - 2026-03-16T15:22:51.304Z - Done responding to the client handleHashMultiGlob
[NX v22.5.4 Daemon Server] - 2026-03-16T15:22:51.304Z - Handled json message HASH_GLOB. Handling time: 0. Response time: 0.
[NX v22.5.4 Daemon Client] - 2026-03-16T15:22:51.304Z - [Messenger] Received message, length: 23
[NX v22.5.4 Daemon Server] - 2026-03-16T15:22:51.311Z - Established a connection. Number of open connections: 2
[NX v22.5.4 Daemon Server] - 2026-03-16T15:22:51.311Z - Closed a connection. Number of open connections: 1
[NX v22.5.4 Daemon Server] - 2026-03-16T15:22:51.312Z - Established a connection. Number of open connections: 2
[NX v22.5.4 Daemon Client] - 2026-03-16T15:22:51.312Z - [Messenger] Setting up socket listeners
[NX v22.5.4 Daemon Client] - 2026-03-16T15:22:51.312Z - [Messenger] listen() complete
[NX v22.5.4 Daemon Client] - 2026-03-16T15:22:51.312Z - [Messenger] Sending message type: GLOB
[NX v22.5.4 Daemon Client] - 2026-03-16T15:22:51.312Z - [Messenger] Message sent
Time for 'daemon-message-serialization-GLOB' 0.0799999999999983
[NX v22.5.4 Daemon Server] - 2026-03-16T15:22:51.321Z - Received raw message of length 73
[NX v22.5.4 Daemon Server] - 2026-03-16T15:22:51.321Z - Received json message of type GLOB
[NX v22.5.4 Daemon Server] - 2026-03-16T15:22:51.321Z - Serializing response for GLOB message in json mode
[NX v22.5.4 Daemon Server] - 2026-03-16T15:22:51.321Z - Responding to GLOB message
[NX v22.5.4 Daemon Server] - 2026-03-16T15:22:51.322Z - [REQUEST]: Responding to the client. handleGlob
[NX v22.5.4 Daemon Server] - 2026-03-16T15:22:51.322Z - Done responding to the client handleGlob
[NX v22.5.4 Daemon Server] - 2026-03-16T15:22:51.322Z - Handled json message GLOB. Handling time: 0. Response time: 1.
[NX v22.5.4 Daemon Client] - 2026-03-16T15:22:51.322Z - [Messenger] Received message, length: 28081
[NX v22.5.4 Daemon Client] - 2026-03-16T15:22:51.323Z - [Messenger] Sending message type: HASH_MULTI_GLOB
[NX v22.5.4 Daemon Client] - 2026-03-16T15:22:51.323Z - [Messenger] Message sent
[NX v22.5.4 Daemon Server] - 2026-03-16T15:22:51.323Z - Received raw message of length 429
[NX v22.5.4 Daemon Server] - 2026-03-16T15:22:51.323Z - Received json message of type HASH_MULTI_GLOB
[NX v22.5.4 Daemon Server] - 2026-03-16T15:22:51.324Z - Serializing response for HASH_GLOB message in json mode
[NX v22.5.4 Daemon Server] - 2026-03-16T15:22:51.324Z - Responding to HASH_GLOB message
[NX v22.5.4 Daemon Server] - 2026-03-16T15:22:51.324Z - [REQUEST]: Responding to the client. handleHashMultiGlob
[NX v22.5.4 Daemon Server] - 2026-03-16T15:22:51.324Z - Done responding to the client handleHashMultiGlob
[NX v22.5.4 Daemon Server] - 2026-03-16T15:22:51.324Z - Handled json message HASH_GLOB. Handling time: 1. Response time: 0.
[NX v22.5.4 Daemon Client] - 2026-03-16T15:22:51.324Z - [Messenger] Received message, length: 134
Time for 'GLOB round trip' 9.783625
Time for 'deserialize daemon response - GLOB' 0.09591700000001424
Time for 'daemon-message-serialization-HASH_MULTI_GLOB' 0.014042000000017651
[NX v22.5.4 Daemon Server] - 2026-03-16T15:22:51.330Z - Closed a connection. Number of open connections: 1
Time for 'HASH_MULTI_GLOB round trip' 1.610749999999996
Time for 'deserialize daemon response - HASH_MULTI_GLOB' 0.008000000000009777
[baseline-browser-mapping] The data in this module is over two months old.  To ensure accurate Baseline data, please update: `npm i baseline-browser-mapping@latest -D`
[NX v22.5.4 Daemon Server] - 2026-03-16T15:22:51.672Z - Time taken for 'build-project-configs' 497.9810830000788ms
[NX v22.5.4 Daemon Server] - 2026-03-16T15:22:51.678Z - Closed a connection. Number of open connections: 0
Time for 'build typescript dependencies' 1.7393749998882413
[NX v22.5.4 Daemon Server] - 2026-03-16T15:22:51.682Z - [SYNC]: collect registered sync generators
[NX v22.5.4 Daemon Server] - 2026-03-16T15:22:51.682Z - [SYNC]: project graph hash is the same, not collecting task sync generators
[NX v22.5.4 Daemon Server] - 2026-03-16T15:22:51.682Z - [SYNC]: nx.json hash is the same, not collecting global sync generators
[NX v22.5.4 Daemon Server] - 2026-03-16T15:22:51.682Z - Time taken for 'total execution time for createProjectGraph()' 12.731417000293732ms
[NX v22.5.4 Daemon Server] - 2026-03-16T15:23:05.461Z - [WATCHER]: 1 file(s) created or restored, 0 file(s) modified, 1 file(s) deleted
[NX v22.5.4 Daemon Server] - 2026-03-16T15:23:05.461Z - [SYNC]: clearing sync generators cache due to file changes
[NX v22.5.4 Daemon Server] - 2026-03-16T15:23:05.461Z - [WATCHER]: Processing file changes in outputs
[NX v22.5.4 Daemon Server] - 2026-03-16T15:23:05.563Z - [REQUEST]: Updated workspace context based on watched changes, recomputing project graph...
[NX v22.5.4 Daemon Server] - 2026-03-16T15:23:05.563Z - [REQUEST]: libs/functions-shared/src/index.ts
[NX v22.5.4 Daemon Server] - 2026-03-16T15:23:05.563Z - [REQUEST]: libs/functions-shared/src/index.ts.tmp.93003.1773674585398
[NX v22.5.4 Daemon Server] - 2026-03-16T15:23:05.566Z - Time taken for 'hash changed files from watcher' 0.4626249996945262ms
Time for 'nx/js/dependencies-and-lockfile:createNodes' 2.7298330003395677
Time for 'plugin worker 77636 code loading' 3.0010410000000007
Time for 'plugin worker 77637 code loading' 3.157541
[NX v22.5.4 Daemon Server] - 2026-03-16T15:23:05.588Z - Time taken for 'start-plugin-worker:nx/core/package-json' 21.930833999998868ms
Time for 'plugin worker 77633 code loading' 3.2158750000000005
Time for 'plugin worker 77635 code loading' 3.185416
Time for 'plugin worker 77634 code loading' 3.3058750000000003
[NX v22.5.4 Daemon Server] - 2026-03-16T15:23:05.597Z - Time taken for 'start-plugin-worker:@nx/eslint/plugin' 32.78500000014901ms
Time for 'nx/core/package-json:createNodes' 2.4997499999999917
[NX v22.5.4 Daemon Server] - 2026-03-16T15:23:05.691Z - Established a connection. Number of open connections: 1
[NX v22.5.4 Daemon Server] - 2026-03-16T15:23:05.691Z - Established a connection. Number of open connections: 2
[NX v22.5.4 Daemon Server] - 2026-03-16T15:23:05.691Z - Closed a connection. Number of open connections: 1
[NX v22.5.4 Daemon Client] - 2026-03-16T15:23:05.691Z - [Messenger] Setting up socket listeners
[NX v22.5.4 Daemon Client] - 2026-03-16T15:23:05.691Z - [Messenger] listen() complete
[NX v22.5.4 Daemon Client] - 2026-03-16T15:23:05.692Z - [Messenger] Sending message type: HASH_MULTI_GLOB
[NX v22.5.4 Daemon Client] - 2026-03-16T15:23:05.692Z - [Messenger] Message sent
Time for 'daemon-message-serialization-HASH_MULTI_GLOB' 0.08408399999999006
[NX v22.5.4 Daemon Server] - 2026-03-16T15:23:05.699Z - Received raw message of length 50
[NX v22.5.4 Daemon Server] - 2026-03-16T15:23:05.699Z - Received json message of type HASH_MULTI_GLOB
[NX v22.5.4 Daemon Server] - 2026-03-16T15:23:05.699Z - Serializing response for HASH_GLOB message in json mode
[NX v22.5.4 Daemon Server] - 2026-03-16T15:23:05.699Z - Responding to HASH_GLOB message
[NX v22.5.4 Daemon Server] - 2026-03-16T15:23:05.699Z - [REQUEST]: Responding to the client. handleHashMultiGlob
[NX v22.5.4 Daemon Server] - 2026-03-16T15:23:05.699Z - Done responding to the client handleHashMultiGlob
[NX v22.5.4 Daemon Server] - 2026-03-16T15:23:05.699Z - Handled json message HASH_GLOB. Handling time: 0. Response time: 0.
[NX v22.5.4 Daemon Client] - 2026-03-16T15:23:05.699Z - [Messenger] Received message, length: 23
[NX v22.5.4 Daemon Server] - 2026-03-16T15:23:05.708Z - Established a connection. Number of open connections: 2
[NX v22.5.4 Daemon Server] - 2026-03-16T15:23:05.708Z - Closed a connection. Number of open connections: 1
[NX v22.5.4 Daemon Server] - 2026-03-16T15:23:05.708Z - Established a connection. Number of open connections: 2
[NX v22.5.4 Daemon Client] - 2026-03-16T15:23:05.709Z - [Messenger] Setting up socket listeners
[NX v22.5.4 Daemon Client] - 2026-03-16T15:23:05.709Z - [Messenger] listen() complete
[NX v22.5.4 Daemon Client] - 2026-03-16T15:23:05.709Z - [Messenger] Sending message type: GLOB
[NX v22.5.4 Daemon Client] - 2026-03-16T15:23:05.710Z - [Messenger] Message sent
Time for 'daemon-message-serialization-GLOB' 0.11224999999998886
[NX v22.5.4 Daemon Server] - 2026-03-16T15:23:05.719Z - Received raw message of length 73
[NX v22.5.4 Daemon Server] - 2026-03-16T15:23:05.719Z - Received json message of type GLOB
[NX v22.5.4 Daemon Server] - 2026-03-16T15:23:05.720Z - Serializing response for GLOB message in json mode
[NX v22.5.4 Daemon Server] - 2026-03-16T15:23:05.720Z - Responding to GLOB message
[NX v22.5.4 Daemon Server] - 2026-03-16T15:23:05.720Z - [REQUEST]: Responding to the client. handleGlob
[NX v22.5.4 Daemon Server] - 2026-03-16T15:23:05.720Z - Done responding to the client handleGlob
[NX v22.5.4 Daemon Server] - 2026-03-16T15:23:05.720Z - Handled json message GLOB. Handling time: 1. Response time: 0.
[NX v22.5.4 Daemon Client] - 2026-03-16T15:23:05.720Z - [Messenger] Received message, length: 28118
[NX v22.5.4 Daemon Client] - 2026-03-16T15:23:05.721Z - [Messenger] Sending message type: HASH_MULTI_GLOB
[NX v22.5.4 Daemon Client] - 2026-03-16T15:23:05.721Z - [Messenger] Message sent
[NX v22.5.4 Daemon Server] - 2026-03-16T15:23:05.721Z - Received raw message of length 429
[NX v22.5.4 Daemon Server] - 2026-03-16T15:23:05.721Z - Received json message of type HASH_MULTI_GLOB
[NX v22.5.4 Daemon Server] - 2026-03-16T15:23:05.722Z - Serializing response for HASH_GLOB message in json mode
[NX v22.5.4 Daemon Server] - 2026-03-16T15:23:05.722Z - Responding to HASH_GLOB message
[NX v22.5.4 Daemon Server] - 2026-03-16T15:23:05.722Z - [REQUEST]: Responding to the client. handleHashMultiGlob
[NX v22.5.4 Daemon Server] - 2026-03-16T15:23:05.722Z - Done responding to the client handleHashMultiGlob
[NX v22.5.4 Daemon Server] - 2026-03-16T15:23:05.722Z - Handled json message HASH_GLOB. Handling time: 1. Response time: 0.
[NX v22.5.4 Daemon Client] - 2026-03-16T15:23:05.722Z - [Messenger] Received message, length: 135
Time for 'GLOB round trip' 10.893332999999984
Time for 'deserialize daemon response - GLOB' 0.09287499999999227
Time for 'daemon-message-serialization-HASH_MULTI_GLOB' 0.010750000000001592
[NX v22.5.4 Daemon Server] - 2026-03-16T15:23:05.725Z - Closed a connection. Number of open connections: 1
Time for 'HASH_MULTI_GLOB round trip' 1.2990000000000066
Time for 'deserialize daemon response - HASH_MULTI_GLOB' 0.009458999999992557
[baseline-browser-mapping] The data in this module is over two months old.  To ensure accurate Baseline data, please update: `npm i baseline-browser-mapping@latest -D`
[NX v22.5.4 Daemon Server] - 2026-03-16T15:23:06.114Z - Time taken for 'build-project-configs' 545.2619589995593ms
[NX v22.5.4 Daemon Server] - 2026-03-16T15:23:06.120Z - Closed a connection. Number of open connections: 0
Time for 'build typescript dependencies' 2.4123749993741512
[NX v22.5.4 Daemon Server] - 2026-03-16T15:23:06.128Z - [SYNC]: collect registered sync generators
[NX v22.5.4 Daemon Server] - 2026-03-16T15:23:06.128Z - [SYNC]: nx.json hash is the same, not collecting global sync generators
[NX v22.5.4 Daemon Server] - 2026-03-16T15:23:06.129Z - Time taken for 'total execution time for createProjectGraph()' 17.097167000174522ms
[NX v22.5.4 Daemon Server] - 2026-03-16T15:25:51.295Z - [WATCHER]: 1 file(s) created or restored, 0 file(s) modified, 1 file(s) deleted
[NX v22.5.4 Daemon Server] - 2026-03-16T15:25:51.296Z - [SYNC]: clearing sync generators cache due to file changes
[NX v22.5.4 Daemon Server] - 2026-03-16T15:25:51.296Z - [WATCHER]: Processing file changes in outputs
[NX v22.5.4 Daemon Server] - 2026-03-16T15:25:51.398Z - [REQUEST]: Updated workspace context based on watched changes, recomputing project graph...
[NX v22.5.4 Daemon Server] - 2026-03-16T15:25:51.398Z - [REQUEST]: tsconfig.base.json
[NX v22.5.4 Daemon Server] - 2026-03-16T15:25:51.398Z - [REQUEST]: tsconfig.base.json.tmp.93003.1773674751233
[NX v22.5.4 Daemon Server] - 2026-03-16T15:25:51.403Z - Time taken for 'hash changed files from watcher' 0.6504999995231628ms
Time for 'nx/js/dependencies-and-lockfile:createNodes' 4.00904200039804
Time for 'plugin worker 79363 code loading' 3.566166000000001
Time for 'plugin worker 79367 code loading' 3.552332999999999
Time for 'plugin worker 79366 code loading' 3.565709
Time for 'plugin worker 79364 code loading' 3.6889579999999995
Time for 'plugin worker 79365 code loading' 3.5674159999999997
[NX v22.5.4 Daemon Server] - 2026-03-16T15:25:51.433Z - Time taken for 'start-plugin-worker:@nx/eslint/plugin' 32.71291700005531ms
[NX v22.5.4 Daemon Server] - 2026-03-16T15:25:51.435Z - Time taken for 'start-plugin-worker:@nx/playwright/plugin' 34.04037499986589ms
Time for 'nx/core/package-json:createNodes' 2.009709000000001
[NX v22.5.4 Daemon Server] - 2026-03-16T15:25:51.523Z - Established a connection. Number of open connections: 1
[NX v22.5.4 Daemon Server] - 2026-03-16T15:25:51.523Z - Closed a connection. Number of open connections: 0
[NX v22.5.4 Daemon Server] - 2026-03-16T15:25:51.523Z - Established a connection. Number of open connections: 1
[NX v22.5.4 Daemon Client] - 2026-03-16T15:25:51.523Z - [Messenger] Setting up socket listeners
[NX v22.5.4 Daemon Client] - 2026-03-16T15:25:51.524Z - [Messenger] listen() complete
[NX v22.5.4 Daemon Client] - 2026-03-16T15:25:51.524Z - [Messenger] Sending message type: HASH_MULTI_GLOB
[NX v22.5.4 Daemon Client] - 2026-03-16T15:25:51.524Z - [Messenger] Message sent
Time for 'daemon-message-serialization-HASH_MULTI_GLOB' 0.09658400000000711
[NX v22.5.4 Daemon Server] - 2026-03-16T15:25:51.531Z - Received raw message of length 50
[NX v22.5.4 Daemon Server] - 2026-03-16T15:25:51.531Z - Received json message of type HASH_MULTI_GLOB
[NX v22.5.4 Daemon Server] - 2026-03-16T15:25:51.531Z - Serializing response for HASH_GLOB message in json mode
[NX v22.5.4 Daemon Server] - 2026-03-16T15:25:51.531Z - Responding to HASH_GLOB message
[NX v22.5.4 Daemon Server] - 2026-03-16T15:25:51.531Z - [REQUEST]: Responding to the client. handleHashMultiGlob
[NX v22.5.4 Daemon Server] - 2026-03-16T15:25:51.531Z - Done responding to the client handleHashMultiGlob
[NX v22.5.4 Daemon Server] - 2026-03-16T15:25:51.531Z - Handled json message HASH_GLOB. Handling time: 0. Response time: 0.
[NX v22.5.4 Daemon Client] - 2026-03-16T15:25:51.531Z - [Messenger] Received message, length: 24
[NX v22.5.4 Daemon Server] - 2026-03-16T15:25:51.538Z - Established a connection. Number of open connections: 2
[NX v22.5.4 Daemon Server] - 2026-03-16T15:25:51.539Z - Closed a connection. Number of open connections: 1
[NX v22.5.4 Daemon Server] - 2026-03-16T15:25:51.539Z - Established a connection. Number of open connections: 2
[NX v22.5.4 Daemon Client] - 2026-03-16T15:25:51.539Z - [Messenger] Setting up socket listeners
[NX v22.5.4 Daemon Client] - 2026-03-16T15:25:51.539Z - [Messenger] listen() complete
[NX v22.5.4 Daemon Client] - 2026-03-16T15:25:51.539Z - [Messenger] Sending message type: GLOB
[NX v22.5.4 Daemon Client] - 2026-03-16T15:25:51.539Z - [Messenger] Message sent
Time for 'daemon-message-serialization-GLOB' 0.08037500000000364
[NX v22.5.4 Daemon Server] - 2026-03-16T15:25:51.547Z - Received raw message of length 73
[NX v22.5.4 Daemon Server] - 2026-03-16T15:25:51.547Z - Received json message of type GLOB
[NX v22.5.4 Daemon Server] - 2026-03-16T15:25:51.547Z - Serializing response for GLOB message in json mode
[NX v22.5.4 Daemon Server] - 2026-03-16T15:25:51.547Z - Responding to GLOB message
[NX v22.5.4 Daemon Server] - 2026-03-16T15:25:51.547Z - [REQUEST]: Responding to the client. handleGlob
[NX v22.5.4 Daemon Server] - 2026-03-16T15:25:51.548Z - Done responding to the client handleGlob
[NX v22.5.4 Daemon Server] - 2026-03-16T15:25:51.548Z - Handled json message GLOB. Handling time: 0. Response time: 1.
[NX v22.5.4 Daemon Client] - 2026-03-16T15:25:51.548Z - [Messenger] Received message, length: 28118
[NX v22.5.4 Daemon Client] - 2026-03-16T15:25:51.549Z - [Messenger] Sending message type: HASH_MULTI_GLOB
[NX v22.5.4 Daemon Server] - 2026-03-16T15:25:51.549Z - Received raw message of length 429
[NX v22.5.4 Daemon Server] - 2026-03-16T15:25:51.549Z - Received json message of type HASH_MULTI_GLOB
[NX v22.5.4 Daemon Client] - 2026-03-16T15:25:51.549Z - [Messenger] Message sent
[NX v22.5.4 Daemon Server] - 2026-03-16T15:25:51.550Z - Serializing response for HASH_GLOB message in json mode
[NX v22.5.4 Daemon Server] - 2026-03-16T15:25:51.550Z - Responding to HASH_GLOB message
[NX v22.5.4 Daemon Server] - 2026-03-16T15:25:51.550Z - [REQUEST]: Responding to the client. handleHashMultiGlob
[NX v22.5.4 Daemon Server] - 2026-03-16T15:25:51.550Z - Done responding to the client handleHashMultiGlob
[NX v22.5.4 Daemon Server] - 2026-03-16T15:25:51.550Z - Handled json message HASH_GLOB. Handling time: 1. Response time: 0.
Time for 'GLOB round trip' 8.958291999999986
Time for 'deserialize daemon response - GLOB' 0.09420799999998053
Time for 'daemon-message-serialization-HASH_MULTI_GLOB' 0.010874999999998636
[NX v22.5.4 Daemon Client] - 2026-03-16T15:25:51.550Z - [Messenger] Received message, length: 136
[NX v22.5.4 Daemon Server] - 2026-03-16T15:25:51.556Z - Closed a connection. Number of open connections: 1
Time for 'HASH_MULTI_GLOB round trip' 1.2404999999999973
Time for 'deserialize daemon response - HASH_MULTI_GLOB' 0.009582999999992126
[baseline-browser-mapping] The data in this module is over two months old.  To ensure accurate Baseline data, please update: `npm i baseline-browser-mapping@latest -D`
[NX v22.5.4 Daemon Server] - 2026-03-16T15:25:51.902Z - Time taken for 'build-project-configs' 498.7217089999467ms
[NX v22.5.4 Daemon Server] - 2026-03-16T15:25:51.908Z - Closed a connection. Number of open connections: 0
Time for 'build typescript dependencies' 1.6944169998168945
[NX v22.5.4 Daemon Server] - 2026-03-16T15:25:51.913Z - [SYNC]: collect registered sync generators
[NX v22.5.4 Daemon Server] - 2026-03-16T15:25:51.913Z - [SYNC]: project graph hash is the same, not collecting task sync generators
[NX v22.5.4 Daemon Server] - 2026-03-16T15:25:51.914Z - [SYNC]: nx.json hash is the same, not collecting global sync generators
[NX v22.5.4 Daemon Server] - 2026-03-16T15:25:51.914Z - Time taken for 'total execution time for createProjectGraph()' 13.372375000268221ms
[NX v22.5.4 Daemon Server] - 2026-03-16T15:25:58.640Z - [WATCHER]: Processing file changes in outputs
[NX v22.5.4 Daemon Server] - 2026-03-16T15:25:58.640Z - [WATCHER]: 1 file(s) created or restored, 0 file(s) modified, 1 file(s) deleted
[NX v22.5.4 Daemon Server] - 2026-03-16T15:25:58.640Z - [SYNC]: clearing sync generators cache due to file changes
[NX v22.5.4 Daemon Server] - 2026-03-16T15:25:58.742Z - [REQUEST]: Updated workspace context based on watched changes, recomputing project graph...
[NX v22.5.4 Daemon Server] - 2026-03-16T15:25:58.742Z - [REQUEST]: libs/functions-shared/src/index.ts
[NX v22.5.4 Daemon Server] - 2026-03-16T15:25:58.742Z - [REQUEST]: libs/functions-shared/src/index.ts.tmp.93003.1773674758576
[NX v22.5.4 Daemon Server] - 2026-03-16T15:25:58.745Z - Time taken for 'hash changed files from watcher' 0.451791999861598ms
Time for 'nx/js/dependencies-and-lockfile:createNodes' 2.9504159996286035
Time for 'plugin worker 79478 code loading' 3.1637080000000015
Time for 'plugin worker 79479 code loading' 3.179290999999999
Time for 'plugin worker 79480 code loading' 3.1495420000000003
Time for 'plugin worker 79482 code loading' 2.664459000000001
Time for 'plugin worker 79481 code loading' 2.9120420000000014
[NX v22.5.4 Daemon Server] - 2026-03-16T15:25:58.766Z - Time taken for 'start-plugin-worker:@nx/playwright/plugin' 22.176167000085115ms
[NX v22.5.4 Daemon Server] - 2026-03-16T15:25:58.767Z - Time taken for 'start-plugin-worker:nx/core/project-json' 22.190790999680758ms
[NX v22.5.4 Daemon Server] - 2026-03-16T15:25:58.775Z - Time taken for 'start-plugin-worker:@nx/eslint/plugin' 32.27499999944121ms
Time for 'nx/core/package-json:createNodes' 2.1311249999999973
[NX v22.5.4 Daemon Server] - 2026-03-16T15:25:58.862Z - Established a connection. Number of open connections: 1
[NX v22.5.4 Daemon Server] - 2026-03-16T15:25:58.862Z - Closed a connection. Number of open connections: 0
[NX v22.5.4 Daemon Server] - 2026-03-16T15:25:58.862Z - Established a connection. Number of open connections: 1
[NX v22.5.4 Daemon Client] - 2026-03-16T15:25:58.862Z - [Messenger] Setting up socket listeners
[NX v22.5.4 Daemon Client] - 2026-03-16T15:25:58.863Z - [Messenger] listen() complete
[NX v22.5.4 Daemon Client] - 2026-03-16T15:25:58.863Z - [Messenger] Sending message type: HASH_MULTI_GLOB
[NX v22.5.4 Daemon Client] - 2026-03-16T15:25:58.863Z - [Messenger] Message sent
Time for 'daemon-message-serialization-HASH_MULTI_GLOB' 0.08912499999999568
[NX v22.5.4 Daemon Server] - 2026-03-16T15:25:58.870Z - Received raw message of length 50
[NX v22.5.4 Daemon Server] - 2026-03-16T15:25:58.870Z - Received json message of type HASH_MULTI_GLOB
[NX v22.5.4 Daemon Server] - 2026-03-16T15:25:58.870Z - Serializing response for HASH_GLOB message in json mode
[NX v22.5.4 Daemon Server] - 2026-03-16T15:25:58.870Z - Responding to HASH_GLOB message
[NX v22.5.4 Daemon Server] - 2026-03-16T15:25:58.870Z - [REQUEST]: Responding to the client. handleHashMultiGlob
[NX v22.5.4 Daemon Server] - 2026-03-16T15:25:58.870Z - Done responding to the client handleHashMultiGlob
[NX v22.5.4 Daemon Server] - 2026-03-16T15:25:58.870Z - Handled json message HASH_GLOB. Handling time: 0. Response time: 0.
[NX v22.5.4 Daemon Client] - 2026-03-16T15:25:58.870Z - [Messenger] Received message, length: 24
[NX v22.5.4 Daemon Server] - 2026-03-16T15:25:58.881Z - Established a connection. Number of open connections: 2
[NX v22.5.4 Daemon Server] - 2026-03-16T15:25:58.882Z - Closed a connection. Number of open connections: 1
[NX v22.5.4 Daemon Server] - 2026-03-16T15:25:58.882Z - Established a connection. Number of open connections: 2
[NX v22.5.4 Daemon Client] - 2026-03-16T15:25:58.882Z - [Messenger] Setting up socket listeners
[NX v22.5.4 Daemon Client] - 2026-03-16T15:25:58.882Z - [Messenger] listen() complete
[NX v22.5.4 Daemon Client] - 2026-03-16T15:25:58.883Z - [Messenger] Sending message type: GLOB
[NX v22.5.4 Daemon Client] - 2026-03-16T15:25:58.883Z - [Messenger] Message sent
Time for 'daemon-message-serialization-GLOB' 0.08804200000000151
[NX v22.5.4 Daemon Server] - 2026-03-16T15:25:58.890Z - Received raw message of length 73
[NX v22.5.4 Daemon Server] - 2026-03-16T15:25:58.890Z - Received json message of type GLOB
[NX v22.5.4 Daemon Server] - 2026-03-16T15:25:58.890Z - Serializing response for GLOB message in json mode
[NX v22.5.4 Daemon Server] - 2026-03-16T15:25:58.890Z - Responding to GLOB message
[NX v22.5.4 Daemon Server] - 2026-03-16T15:25:58.890Z - [REQUEST]: Responding to the client. handleGlob
[NX v22.5.4 Daemon Server] - 2026-03-16T15:25:58.891Z - Done responding to the client handleGlob
[NX v22.5.4 Daemon Server] - 2026-03-16T15:25:58.891Z - Handled json message GLOB. Handling time: 0. Response time: 1.
[NX v22.5.4 Daemon Client] - 2026-03-16T15:25:58.891Z - [Messenger] Received message, length: 28118
[NX v22.5.4 Daemon Client] - 2026-03-16T15:25:58.892Z - [Messenger] Sending message type: HASH_MULTI_GLOB
[NX v22.5.4 Daemon Client] - 2026-03-16T15:25:58.892Z - [Messenger] Message sent
[NX v22.5.4 Daemon Server] - 2026-03-16T15:25:58.892Z - Received raw message of length 429
[NX v22.5.4 Daemon Server] - 2026-03-16T15:25:58.892Z - Received json message of type HASH_MULTI_GLOB
[NX v22.5.4 Daemon Server] - 2026-03-16T15:25:58.893Z - Serializing response for HASH_GLOB message in json mode
[NX v22.5.4 Daemon Server] - 2026-03-16T15:25:58.893Z - Responding to HASH_GLOB message
[NX v22.5.4 Daemon Server] - 2026-03-16T15:25:58.893Z - [REQUEST]: Responding to the client. handleHashMultiGlob
[NX v22.5.4 Daemon Server] - 2026-03-16T15:25:58.893Z - Done responding to the client handleHashMultiGlob
[NX v22.5.4 Daemon Server] - 2026-03-16T15:25:58.893Z - Handled json message HASH_GLOB. Handling time: 1. Response time: 0.
Time for 'GLOB round trip' 8.84104099999999
Time for 'deserialize daemon response - GLOB' 0.12083300000000463
Time for 'daemon-message-serialization-HASH_MULTI_GLOB' 0.014999999999986358
[NX v22.5.4 Daemon Client] - 2026-03-16T15:25:58.894Z - [Messenger] Received message, length: 136
[NX v22.5.4 Daemon Server] - 2026-03-16T15:25:58.896Z - Closed a connection. Number of open connections: 1
Time for 'HASH_MULTI_GLOB round trip' 1.4982499999999845
Time for 'deserialize daemon response - HASH_MULTI_GLOB' 0.008874999999989086
[baseline-browser-mapping] The data in this module is over two months old.  To ensure accurate Baseline data, please update: `npm i baseline-browser-mapping@latest -D`
[NX v22.5.4 Daemon Server] - 2026-03-16T15:25:59.275Z - Time taken for 'build-project-configs' 528.7440410004929ms
[NX v22.5.4 Daemon Server] - 2026-03-16T15:25:59.281Z - Closed a connection. Number of open connections: 0
Time for 'build typescript dependencies' 1.8152080001309514
[NX v22.5.4 Daemon Server] - 2026-03-16T15:25:59.288Z - [SYNC]: collect registered sync generators
[NX v22.5.4 Daemon Server] - 2026-03-16T15:25:59.288Z - [SYNC]: project graph hash is the same, not collecting task sync generators
[NX v22.5.4 Daemon Server] - 2026-03-16T15:25:59.288Z - [SYNC]: nx.json hash is the same, not collecting global sync generators
[NX v22.5.4 Daemon Server] - 2026-03-16T15:25:59.288Z - Time taken for 'total execution time for createProjectGraph()' 14.326500000432134ms
[NX v22.5.4 Daemon Server] - 2026-03-16T15:26:22.665Z - [WATCHER]: 1 file(s) created or restored, 0 file(s) modified, 1 file(s) deleted
[NX v22.5.4 Daemon Server] - 2026-03-16T15:26:22.665Z - [SYNC]: clearing sync generators cache due to file changes
[NX v22.5.4 Daemon Server] - 2026-03-16T15:26:22.665Z - [WATCHER]: Processing file changes in outputs
[NX v22.5.4 Daemon Server] - 2026-03-16T15:26:22.767Z - [REQUEST]: Updated workspace context based on watched changes, recomputing project graph...
[NX v22.5.4 Daemon Server] - 2026-03-16T15:26:22.767Z - [REQUEST]: libs/functions-shared/src/shared-api/utils/update-profile-with-rebuild.ts
[NX v22.5.4 Daemon Server] - 2026-03-16T15:26:22.767Z - [REQUEST]: libs/functions-shared/src/shared-api/utils/update-profile-with-rebuild.ts.tmp.93003.1773674782588
[NX v22.5.4 Daemon Server] - 2026-03-16T15:26:22.771Z - Time taken for 'hash changed files from watcher' 0.4684999994933605ms
Time for 'nx/js/dependencies-and-lockfile:createNodes' 3.1102919997647405
[NX v22.5.4 Daemon Server] - 2026-03-16T15:26:22.792Z - Time taken for 'start-plugin-worker:@nx/eslint/plugin' 23.33329199999571ms
Time for 'plugin worker 79799 code loading' 3.3941660000000002
Time for 'plugin worker 79797 code loading' 3.3394999999999992
Time for 'plugin worker 79801 code loading' 3.444167
Time for 'plugin worker 79798 code loading' 3.1654999999999998
Time for 'plugin worker 79800 code loading' 3.546125
[NX v22.5.4 Daemon Server] - 2026-03-16T15:26:22.802Z - Time taken for 'start-plugin-worker:@nx/docker' 32.58016599994153ms
Time for 'nx/core/package-json:createNodes' 2.2916249999999962
[NX v22.5.4 Daemon Server] - 2026-03-16T15:26:22.895Z - Established a connection. Number of open connections: 1
[NX v22.5.4 Daemon Server] - 2026-03-16T15:26:22.895Z - Closed a connection. Number of open connections: 0
[NX v22.5.4 Daemon Server] - 2026-03-16T15:26:22.895Z - Established a connection. Number of open connections: 1
[NX v22.5.4 Daemon Client] - 2026-03-16T15:26:22.895Z - [Messenger] Setting up socket listeners
[NX v22.5.4 Daemon Client] - 2026-03-16T15:26:22.895Z - [Messenger] listen() complete
[NX v22.5.4 Daemon Client] - 2026-03-16T15:26:22.896Z - [Messenger] Sending message type: HASH_MULTI_GLOB
[NX v22.5.4 Daemon Client] - 2026-03-16T15:26:22.896Z - [Messenger] Message sent
Time for 'daemon-message-serialization-HASH_MULTI_GLOB' 0.12699999999999534
[NX v22.5.4 Daemon Server] - 2026-03-16T15:26:22.904Z - Received raw message of length 50
[NX v22.5.4 Daemon Server] - 2026-03-16T15:26:22.904Z - Received json message of type HASH_MULTI_GLOB
[NX v22.5.4 Daemon Server] - 2026-03-16T15:26:22.904Z - Serializing response for HASH_GLOB message in json mode
[NX v22.5.4 Daemon Server] - 2026-03-16T15:26:22.904Z - Responding to HASH_GLOB message
[NX v22.5.4 Daemon Server] - 2026-03-16T15:26:22.904Z - [REQUEST]: Responding to the client. handleHashMultiGlob
[NX v22.5.4 Daemon Server] - 2026-03-16T15:26:22.904Z - Done responding to the client handleHashMultiGlob
[NX v22.5.4 Daemon Server] - 2026-03-16T15:26:22.904Z - Handled json message HASH_GLOB. Handling time: 0. Response time: 0.
[NX v22.5.4 Daemon Client] - 2026-03-16T15:26:22.904Z - [Messenger] Received message, length: 23
[NX v22.5.4 Daemon Server] - 2026-03-16T15:26:22.905Z - Established a connection. Number of open connections: 2
[NX v22.5.4 Daemon Server] - 2026-03-16T15:26:22.905Z - Closed a connection. Number of open connections: 1
[NX v22.5.4 Daemon Server] - 2026-03-16T15:26:22.905Z - Established a connection. Number of open connections: 2
[NX v22.5.4 Daemon Client] - 2026-03-16T15:26:22.905Z - [Messenger] Setting up socket listeners
[NX v22.5.4 Daemon Client] - 2026-03-16T15:26:22.906Z - [Messenger] listen() complete
[NX v22.5.4 Daemon Client] - 2026-03-16T15:26:22.906Z - [Messenger] Sending message type: GLOB
[NX v22.5.4 Daemon Client] - 2026-03-16T15:26:22.907Z - [Messenger] Message sent
Time for 'daemon-message-serialization-GLOB' 0.08333300000001032
[NX v22.5.4 Daemon Server] - 2026-03-16T15:26:22.914Z - Received raw message of length 73
[NX v22.5.4 Daemon Server] - 2026-03-16T15:26:22.914Z - Received json message of type GLOB
[NX v22.5.4 Daemon Server] - 2026-03-16T15:26:22.915Z - Serializing response for GLOB message in json mode
[NX v22.5.4 Daemon Server] - 2026-03-16T15:26:22.915Z - Responding to GLOB message
[NX v22.5.4 Daemon Server] - 2026-03-16T15:26:22.915Z - [REQUEST]: Responding to the client. handleGlob
[NX v22.5.4 Daemon Server] - 2026-03-16T15:26:22.915Z - Done responding to the client handleGlob
[NX v22.5.4 Daemon Server] - 2026-03-16T15:26:22.915Z - Handled json message GLOB. Handling time: 1. Response time: 0.
[NX v22.5.4 Daemon Client] - 2026-03-16T15:26:22.915Z - [Messenger] Received message, length: 28194
[NX v22.5.4 Daemon Client] - 2026-03-16T15:26:22.916Z - [Messenger] Sending message type: HASH_MULTI_GLOB
[NX v22.5.4 Daemon Client] - 2026-03-16T15:26:22.916Z - [Messenger] Message sent
[NX v22.5.4 Daemon Server] - 2026-03-16T15:26:22.916Z - Received raw message of length 429
[NX v22.5.4 Daemon Server] - 2026-03-16T15:26:22.916Z - Received json message of type HASH_MULTI_GLOB
[NX v22.5.4 Daemon Server] - 2026-03-16T15:26:22.918Z - Serializing response for HASH_GLOB message in json mode
[NX v22.5.4 Daemon Server] - 2026-03-16T15:26:22.918Z - Responding to HASH_GLOB message
[NX v22.5.4 Daemon Server] - 2026-03-16T15:26:22.918Z - [REQUEST]: Responding to the client. handleHashMultiGlob
[NX v22.5.4 Daemon Server] - 2026-03-16T15:26:22.918Z - Done responding to the client handleHashMultiGlob
[NX v22.5.4 Daemon Server] - 2026-03-16T15:26:22.918Z - Handled json message HASH_GLOB. Handling time: 2. Response time: 0.
Time for 'GLOB round trip' 9.383292000000012
Time for 'deserialize daemon response - GLOB' 0.08766700000001038
Time for 'daemon-message-serialization-HASH_MULTI_GLOB' 0.011167000000000371
[NX v22.5.4 Daemon Client] - 2026-03-16T15:26:22.918Z - [Messenger] Received message, length: 134
[NX v22.5.4 Daemon Server] - 2026-03-16T15:26:22.930Z - Closed a connection. Number of open connections: 1
Time for 'HASH_MULTI_GLOB round trip' 1.4701670000000036
Time for 'deserialize daemon response - HASH_MULTI_GLOB' 0.005291999999997188
[baseline-browser-mapping] The data in this module is over two months old.  To ensure accurate Baseline data, please update: `npm i baseline-browser-mapping@latest -D`
[NX v22.5.4 Daemon Server] - 2026-03-16T15:26:23.304Z - Time taken for 'build-project-configs' 530.9001250006258ms
[NX v22.5.4 Daemon Server] - 2026-03-16T15:26:23.309Z - Closed a connection. Number of open connections: 0
Time for 'build typescript dependencies' 81.61433400027454
[NX v22.5.4 Daemon Server] - 2026-03-16T15:26:23.395Z - [SYNC]: collect registered sync generators
[NX v22.5.4 Daemon Server] - 2026-03-16T15:26:23.395Z - [SYNC]: project graph hash is the same, not collecting task sync generators
[NX v22.5.4 Daemon Server] - 2026-03-16T15:26:23.395Z - [SYNC]: nx.json hash is the same, not collecting global sync generators
[NX v22.5.4 Daemon Server] - 2026-03-16T15:26:23.395Z - Time taken for 'total execution time for createProjectGraph()' 94.15099999960512ms
[NX v22.5.4 Daemon Server] - 2026-03-16T15:28:53.551Z - [WATCHER]: 1 file(s) created or restored, 0 file(s) modified, 1 file(s) deleted
[NX v22.5.4 Daemon Server] - 2026-03-16T15:28:53.552Z - [SYNC]: clearing sync generators cache due to file changes
[NX v22.5.4 Daemon Server] - 2026-03-16T15:28:53.552Z - [WATCHER]: Processing file changes in outputs
[NX v22.5.4 Daemon Server] - 2026-03-16T15:28:53.653Z - [REQUEST]: Updated workspace context based on watched changes, recomputing project graph...
[NX v22.5.4 Daemon Server] - 2026-03-16T15:28:53.653Z - [REQUEST]: libs/functions-shared/src/collections/profiles.ts
[NX v22.5.4 Daemon Server] - 2026-03-16T15:28:53.653Z - [REQUEST]: libs/functions-shared/src/collections/profiles.ts.tmp.93003.1773674933472
[NX v22.5.4 Daemon Server] - 2026-03-16T15:28:53.659Z - Time taken for 'hash changed files from watcher' 0.584583000279963ms
Time for 'nx/js/dependencies-and-lockfile:createNodes' 6.093166999518871
Time for 'plugin worker 83578 code loading' 4.243875000000001
Time for 'plugin worker 83577 code loading' 4.502958000000001
Time for 'plugin worker 83579 code loading' 4.287958
Time for 'plugin worker 83580 code loading' 4.245667000000001
Time for 'plugin worker 83576 code loading' 4.283999999999999
[NX v22.5.4 Daemon Server] - 2026-03-16T15:28:53.689Z - Time taken for 'start-plugin-worker:@nx/eslint/plugin' 33.54700000025332ms
Time for 'nx/core/package-json:createNodes' 2.8200000000000216
[NX v22.5.4 Daemon Server] - 2026-03-16T15:28:53.860Z - Established a connection. Number of open connections: 1
[NX v22.5.4 Daemon Server] - 2026-03-16T15:28:53.860Z - Closed a connection. Number of open connections: 0
[NX v22.5.4 Daemon Server] - 2026-03-16T15:28:53.861Z - Established a connection. Number of open connections: 1
[NX v22.5.4 Daemon Client] - 2026-03-16T15:28:53.861Z - [Messenger] Setting up socket listeners
[NX v22.5.4 Daemon Client] - 2026-03-16T15:28:53.861Z - [Messenger] listen() complete
[NX v22.5.4 Daemon Client] - 2026-03-16T15:28:53.861Z - [Messenger] Sending message type: HASH_MULTI_GLOB
[NX v22.5.4 Daemon Client] - 2026-03-16T15:28:53.861Z - [Messenger] Message sent
Time for 'daemon-message-serialization-HASH_MULTI_GLOB' 0.10087500000000205
[NX v22.5.4 Daemon Server] - 2026-03-16T15:28:53.870Z - Received raw message of length 50
[NX v22.5.4 Daemon Server] - 2026-03-16T15:28:53.870Z - Received json message of type HASH_MULTI_GLOB
[NX v22.5.4 Daemon Server] - 2026-03-16T15:28:53.870Z - Serializing response for HASH_GLOB message in json mode
[NX v22.5.4 Daemon Server] - 2026-03-16T15:28:53.870Z - Responding to HASH_GLOB message
[NX v22.5.4 Daemon Server] - 2026-03-16T15:28:53.870Z - [REQUEST]: Responding to the client. handleHashMultiGlob
[NX v22.5.4 Daemon Server] - 2026-03-16T15:28:53.870Z - Done responding to the client handleHashMultiGlob
[NX v22.5.4 Daemon Server] - 2026-03-16T15:28:53.870Z - Handled json message HASH_GLOB. Handling time: 0. Response time: 0.
[NX v22.5.4 Daemon Client] - 2026-03-16T15:28:53.870Z - [Messenger] Received message, length: 24
[NX v22.5.4 Daemon Server] - 2026-03-16T15:28:53.891Z - Established a connection. Number of open connections: 2
[NX v22.5.4 Daemon Server] - 2026-03-16T15:28:53.892Z - Closed a connection. Number of open connections: 1
[NX v22.5.4 Daemon Server] - 2026-03-16T15:28:53.892Z - Established a connection. Number of open connections: 2
[NX v22.5.4 Daemon Client] - 2026-03-16T15:28:53.892Z - [Messenger] Setting up socket listeners
[NX v22.5.4 Daemon Client] - 2026-03-16T15:28:53.893Z - [Messenger] listen() complete
[NX v22.5.4 Daemon Client] - 2026-03-16T15:28:53.893Z - [Messenger] Sending message type: GLOB
[NX v22.5.4 Daemon Client] - 2026-03-16T15:28:53.893Z - [Messenger] Message sent
[NX v22.5.4 Daemon Server] - 2026-03-16T15:28:53.895Z - Closed a connection. Number of open connections: 1
Time for 'daemon-message-serialization-GLOB' 0.07979100000000017
[NX v22.5.4 Daemon Server] - 2026-03-16T15:28:53.902Z - Received raw message of length 73
[NX v22.5.4 Daemon Server] - 2026-03-16T15:28:53.902Z - Received json message of type GLOB
[NX v22.5.4 Daemon Server] - 2026-03-16T15:28:53.902Z - Serializing response for GLOB message in json mode
[NX v22.5.4 Daemon Server] - 2026-03-16T15:28:53.902Z - Responding to GLOB message
[NX v22.5.4 Daemon Server] - 2026-03-16T15:28:53.902Z - [REQUEST]: Responding to the client. handleGlob
[NX v22.5.4 Daemon Server] - 2026-03-16T15:28:53.902Z - Done responding to the client handleGlob
[NX v22.5.4 Daemon Server] - 2026-03-16T15:28:53.902Z - Handled json message GLOB. Handling time: 0. Response time: 0.
[NX v22.5.4 Daemon Client] - 2026-03-16T15:28:53.902Z - [Messenger] Received message, length: 28246
[NX v22.5.4 Daemon Client] - 2026-03-16T15:28:53.903Z - [Messenger] Sending message type: HASH_MULTI_GLOB
[NX v22.5.4 Daemon Client] - 2026-03-16T15:28:53.903Z - [Messenger] Message sent
[NX v22.5.4 Daemon Server] - 2026-03-16T15:28:53.904Z - Received raw message of length 429
[NX v22.5.4 Daemon Server] - 2026-03-16T15:28:53.904Z - Received json message of type HASH_MULTI_GLOB
[NX v22.5.4 Daemon Server] - 2026-03-16T15:28:53.904Z - Serializing response for HASH_GLOB message in json mode
[NX v22.5.4 Daemon Server] - 2026-03-16T15:28:53.904Z - Responding to HASH_GLOB message
[NX v22.5.4 Daemon Server] - 2026-03-16T15:28:53.904Z - [REQUEST]: Responding to the client. handleHashMultiGlob
[NX v22.5.4 Daemon Server] - 2026-03-16T15:28:53.905Z - Done responding to the client handleHashMultiGlob
[NX v22.5.4 Daemon Server] - 2026-03-16T15:28:53.905Z - Handled json message HASH_GLOB. Handling time: 0. Response time: 1.
Time for 'GLOB round trip' 9.524708000000004
Time for 'deserialize daemon response - GLOB' 0.09945799999999849
Time for 'daemon-message-serialization-HASH_MULTI_GLOB' 0.013374999999996362
[NX v22.5.4 Daemon Client] - 2026-03-16T15:28:53.905Z - [Messenger] Received message, length: 135
Time for 'HASH_MULTI_GLOB round trip' 1.2317079999999976
Time for 'deserialize daemon response - HASH_MULTI_GLOB' 0.008624999999994998
[baseline-browser-mapping] The data in this module is over two months old.  To ensure accurate Baseline data, please update: `npm i baseline-browser-mapping@latest -D`
[NX v22.5.4 Daemon Server] - 2026-03-16T15:28:54.306Z - Time taken for 'build-project-configs' 645.2168330000713ms
[NX v22.5.4 Daemon Server] - 2026-03-16T15:28:54.314Z - Closed a connection. Number of open connections: 0
Time for 'build typescript dependencies' 2.2902500005438924
[NX v22.5.4 Daemon Server] - 2026-03-16T15:28:54.321Z - [SYNC]: collect registered sync generators
[NX v22.5.4 Daemon Server] - 2026-03-16T15:28:54.321Z - [SYNC]: project graph hash is the same, not collecting task sync generators
[NX v22.5.4 Daemon Server] - 2026-03-16T15:28:54.321Z - [SYNC]: nx.json hash is the same, not collecting global sync generators
[NX v22.5.4 Daemon Server] - 2026-03-16T15:28:54.321Z - Time taken for 'total execution time for createProjectGraph()' 18.181334000080824ms
[NX v22.5.4 Daemon Server] - 2026-03-16T15:30:19.158Z - [WATCHER]: Processing file changes in outputs
[NX v22.5.4 Daemon Server] - 2026-03-16T15:30:19.165Z - [WATCHER]: 11 file(s) created or restored, 0 file(s) modified, 11 file(s) deleted
[NX v22.5.4 Daemon Server] - 2026-03-16T15:30:19.165Z - [SYNC]: clearing sync generators cache due to file changes
[NX v22.5.4 Daemon Server] - 2026-03-16T15:30:19.268Z - [REQUEST]: Updated workspace context based on watched changes, recomputing project graph...
[NX v22.5.4 Daemon Server] - 2026-03-16T15:30:19.268Z - [REQUEST]: functions/src/admin-members-api/routes/update-claims.ts,functions/src/admin-members-api/routes/update-member.ts,functions/src/admin-members-api/plugins/admin-members-plugin.ts,functions/src/admin-members-api/types/services.ts,functions/src/admin-members-api/routes/link-profile.test.ts,functions/src/admin-members-api/handler.ts,functions/src/admin-members-api/app.ts,functions/src/admin-members-api/routes/read-profile.ts,functions/src/admin-members-api/test-utils/create-admin-test-plugin.ts,functions/src/admin-members-api/routes/update-member.test.ts,functions/src/admin-members-api/schemas/member-schemas.ts
[NX v22.5.4 Daemon Server] - 2026-03-16T15:30:19.268Z - [REQUEST]: functions/src/admin-members-api/routes/.!85583!read-profile.ts,functions/src/admin-members-api/types/.!85583!services.ts,functions/src/admin-members-api/.!85583!handler.ts,functions/src/admin-members-api/test-utils/.!85583!create-admin-test-plugin.ts,functions/src/admin-members-api/routes/.!85583!update-member.ts,functions/src/admin-members-api/routes/.!85583!link-profile.test.ts,functions/src/admin-members-api/.!85583!app.ts,functions/src/admin-members-api/plugins/.!85583!admin-members-plugin.ts,functions/src/admin-members-api/routes/.!85583!update-member.test.ts,functions/src/admin-members-api/schemas/.!85583!member-schemas.ts,functions/src/admin-members-api/routes/.!85583!update-claims.ts
[NX v22.5.4 Daemon Server] - 2026-03-16T15:30:19.273Z - Time taken for 'hash changed files from watcher' 1.1716249994933605ms
Time for 'nx/js/dependencies-and-lockfile:createNodes' 5.613707999698818
[NX v22.5.4 Daemon Server] - 2026-03-16T15:30:19.288Z - [WATCHER]: 112 file(s) created or restored, 0 file(s) modified, 111 file(s) deleted
[NX v22.5.4 Daemon Server] - 2026-03-16T15:30:19.288Z - [SYNC]: clearing sync generators cache due to file changes
[NX v22.5.4 Daemon Server] - 2026-03-16T15:30:19.290Z - [WATCHER]: Processing file changes in outputs
Time for 'plugin worker 85589 code loading' 15.624792000000001
[NX v22.5.4 Daemon Server] - 2026-03-16T15:30:19.314Z - Time taken for 'start-plugin-worker:nx/core/package-json' 41.76404199935496ms
Time for 'plugin worker 85586 code loading' 15.665625000000002
Time for 'plugin worker 85587 code loading' 15.68525
Time for 'plugin worker 85584 code loading' 15.688166999999998
Time for 'plugin worker 85585 code loading' 15.678
[NX v22.5.4 Daemon Server] - 2026-03-16T15:30:19.319Z - Time taken for 'start-plugin-worker:@nx/eslint/plugin' 49.22775000054389ms
[NX v22.5.4 Daemon Server] - 2026-03-16T15:30:19.322Z - Time taken for 'start-plugin-worker:@nx/playwright/plugin' 50.934249999932945ms
[NX v22.5.4 Daemon Server] - 2026-03-16T15:30:19.337Z - [WATCHER]: 30 file(s) created or restored, 0 file(s) modified, 30 file(s) deleted
[NX v22.5.4 Daemon Server] - 2026-03-16T15:30:19.338Z - [SYNC]: clearing sync generators cache due to file changes
[NX v22.5.4 Daemon Server] - 2026-03-16T15:30:19.412Z - [REQUEST]: Updated workspace context based on watched changes, recomputing project graph...
[NX v22.5.4 Daemon Server] - 2026-03-16T15:30:19.412Z - [REQUEST]: functions/src/admin-members-api/routes/update-claims.ts,functions/src/admin-members-api/routes/update-member.ts,functions/src/admin-members-api/plugins/admin-members-plugin.ts,functions/src/admin-members-api/types/services.ts,functions/src/admin-members-api/routes/link-profile.test.ts,functions/src/admin-members-api/handler.ts,functions/src/admin-members-api/app.ts,functions/src/admin-members-api/routes/read-profile.ts,functions/src/admin-members-api/test-utils/create-admin-test-plugin.ts,functions/src/admin-members-api/routes/update-member.test.ts,functions/src/admin-members-api/schemas/member-schemas.ts,functions/src/admin-members-api/services/toggle-profile-draft.ts,functions/src/admin-messages-api/app.ts,functions/src/admin-messages-api/services/index.ts,functions/src/admin-unclaimed-profiles-api/plugins/admin-unclaimed-profiles-plugin.ts,functions/src/admin-unclaimed-profiles-api/routes/delete-unclaimed-profile.test.ts,functions/src/admin-unclaimed-profiles-api/routes/index.ts,functions/src/admin-unclaimed-profiles-api/services/list-unclaimed-profiles.ts,functions/src/admin-messages-api/test-utils/create-admin-test-plugin.ts,functions/src/admin-unclaimed-profiles-api/services/delete-unclaimed-profile.test.ts,functions/src/admin-unclaimed-profiles-api/services/get-unclaimed-profile.ts,functions/src/admin-messages-api/schemas/message-schemas.ts,functions/src/admin-members-api/services/update-member.ts,functions/src/members-api/routes/cancel-membership.ts,functions/src/admin-members-api/routes/extend-membership.test.ts,functions/src/admin-members-api/routes/list-unlinked-profiles.ts,functions/src/admin-members-api/routes/list-unlinked-profiles.test.ts,functions/src/members-api/routes/update-member-name.ts,functions/src/admin-unclaimed-profiles-api/routes/refresh-payment-dates.ts,functions/src/members-api/services/verify-email/verify-email-service.ts,functions/src/admin-members-api/routes/update-claims.test.ts,functions/src/admin-members-api/routes/link-profile.ts,functions/src/admin-unclaimed-profiles-api/routes/list-unclaimed-profiles.test.ts,functions/src/admin-unclaimed-profiles-api/routes/update-email.ts,functions/src/scripts/sync-collection-to-emulator.ts,functions/src/admin-members-api/routes/route-handler-factory.ts,functions/src/members-api/routes/verify-email.ts,functions/src/admin-members-api/routes/refund-membership.test.ts,functions/src/members-api/services/newsletter/newsletter-service.ts,functions/src/members-api/routes/verify-email.test.ts,functions/src/admin-members-api/services/firestore-helpers.ts,functions/src/members-api/handler.test.ts,functions/src/members-api/routes/update-newsletter-preference.ts,functions/src/admin-members-api/services/update-claims.ts,functions/src/admin-messages-api/types/services.ts,functions/src/admin-unclaimed-profiles-api/routes/delete-unclaimed-profile.ts,functions/src/admin-unclaimed-profiles-api/services/delete-unclaimed-profile.ts,functions/src/admin-messages-api/services/list-messages.ts,functions/src/admin-unclaimed-profiles-api/test-utils/create-admin-test-plugin.ts,functions/src/members-api/services/member/interface.ts,functions/src/members-api/services/newsletter/interface.ts,functions/src/members-api/types/services.ts,functions/src/members-api/test-utils/create-members-test-plugin.ts,functions/src/admin-unclaimed-profiles-api/types/services.ts,functions/src/admin-members-api/services/list-unlinked-profiles.ts,functions/src/admin-members-api/services/interface.ts,functions/src/admin-unclaimed-profiles-api/schemas/unclaimed-profile-schemas.ts,functions/src/admin-unclaimed-profiles-api/routes/refresh-payment-dates.test.ts,functions/src/admin-unclaimed-profiles-api/routes/get-unclaimed-profile.ts,functions/src/admin-members-api/services/refund-membership.ts,functions/src/admin-members-api/routes/get-member.ts,functions/src/admin-unclaimed-profiles-api/handler.ts,functions/src/members-api/app.ts,functions/src/admin-messages-api/handler.ts,functions/src/admin-messages-api/routes/list-messages.ts,functions/src/admin-members-api/routes/toggle-profile-draft.ts,functions/src/admin-members-api/services/is-admin.ts,functions/src/admin-unclaimed-profiles-api/routes/admin-unclaimed-profiles.test.ts,functions/src/admin-members-api/services/list-members.ts,functions/src/admin-members-api/services/read-profile.ts,functions/src/admin-unclaimed-profiles-api/routes/get-unclaimed-profile.test.ts,functions/src/members-api/routes/members.test.ts,functions/src/members-api/services/verify-email/interface.ts,functions/src/members-api/routes/cancel-membership.test.ts,functions/src/admin-members-api/routes/clean-slate-delete.test.ts,functions/src/members-api/routes/update-newsletter-preference.test.ts,functions/src/members-api/routes/update-member-name.test.ts,functions/src/members-api/services/member/member-service.ts,functions/src/admin-members-api/routes/health.ts,functions/src/members-api/plugins/members-plugin.ts,functions/src/admin-messages-api/routes/admin-messages.test.ts,functions/src/members-api/handler.ts,functions/src/admin-messages-api/routes/update-message.ts,functions/src/admin-messages-api/services/update-message.ts,functions/src/admin-unclaimed-profiles-api/app.ts,functions/src/admin-unclaimed-profiles-api/routes/update-email.test.ts,functions/src/admin-unclaimed-profiles-api/routes/list-unclaimed-profiles.ts,functions/src/admin-unclaimed-profiles-api/services/update-email.ts,functions/src/admin-members-api/routes/activate-membership.ts,functions/src/admin-messages-api/plugins/admin-messages-plugin.ts,functions/src/members-api/routes/health.test.ts,functions/src/admin-messages-api/services/interface.ts,functions/src/admin-members-api/routes/list-members.ts,functions/src/admin-members-api/services/link-profile.ts,functions/src/admin-messages-api/routes/index.ts,functions/src/admin-members-api/routes/read-profile.test.ts,functions/src/admin-members-api/routes/refund-membership.ts,functions/src/admin-unclaimed-profiles-api/services/index.ts,functions/src/admin-members-api/routes/clean-slate-delete.ts,functions/src/admin-members-api/routes/toggle-profile-draft.test.ts,functions/src/admin-members-api/services/clean-slate-delete.ts,functions/src/admin-members-api/routes/cancel-membership.ts,functions/src/admin-members-api/services/extend-membership.ts,functions/src/members-api/routes/members.ts,functions/src/admin-members-api/routes/extend-membership.ts,functions/src/admin-members-api/routes/index.ts,functions/src/admin-messages-api/routes/get-message.ts,functions/src/admin-members-api/routes/activate-membership.test.ts,functions/src/members-api/fix-types.ts,functions/src/admin-unclaimed-profiles-api/services/refresh-payment-dates.ts,functions/src/admin-unclaimed-profiles-api/services/interface.ts,functions/src/members-api/routes/health.ts,functions/src/admin-members-api/routes/list-members.test.ts,functions/src/admin-members-api/services/verify-member-exists.ts,functions/src/admin-members-api/services/activate-membership.ts,functions/src/admin-messages-api/services/get-message.ts,functions/src/members-api/schemas/member-schemas.ts,functions/src/admin-members-api/routes/get-member.test.ts,functions/src/admin-members-api/services/cancel-membership.ts,functions/src/members-api/types/route-context.ts,functions/src/admin-members-api/services/index.ts,functions/src/admin-members-api/routes/cancel-membership.test.ts,functions/src/scripts/test-stripe-webhook.ts,functions/src/scripts/import-subscribers.ts,functions/src/stripe-webhook-api/types/services.ts,functions/src/stripe-webhook-api/routes/handle-webhook.test.ts,functions/src/stripe-webhook-api/services/build-refund-notification-email.ts,functions/src/stripe-webhook-api/handler.ts,functions/src/stripe-webhook-api/utils/create-stripe-member-update.ts,functions/src/stripe-webhook-api/services/delete-stripe-customer.ts,functions/src/stripe-webhook-api/routes/handle-webhook.ts,functions/src/scripts/cleanup-test-data.ts,functions/src/stripe-webhook-api/services/process-refund-actions.ts,functions/src/scripts/sync-profile-timestamps.ts,functions/src/stripe-webhook-api/handler.test.ts,functions/src/stripe-webhook-api/test-utils/stripe-mocks.ts,functions/src/stripe-webhook-api/test-utils/create-stripe-webhook-test-plugin.ts,functions/src/stripe-webhook-api/services/process-charge-refunded.ts,functions/src/stripe-webhook-api/services/cancel-stripe-subscription-at-period-end.ts,functions/src/scripts/fix-unclaimed-profile-slugs.ts,functions/src/stripe-webhook-api/utils/create-stripe-member-document.ts,functions/src/stripe-webhook-api/utils/index.ts,functions/src/scripts/set-initial-admin.ts,functions/src/stripe-webhook-api/plugins/stripe-webhook-plugin.ts,functions/src/stripe-webhook-api/schemas/stripe-webhook-schemas.ts,functions/src/stripe-webhook-api/app.ts,functions/src/stripe-webhook-api/utils/membership-dates.ts,functions/src/scripts/seed-claim-test.ts,functions/src/stripe-webhook-api/utils/create-new-member-document.ts,functions/src/stripe-webhook-api/services/process-checkout-completed.ts,functions/src/stripe-webhook-api/services/find-member-by-stripe-customer.ts,functions/src/stripe-webhook-api/services/mark-event-processed.ts
[NX v22.5.4 Daemon Server] - 2026-03-16T15:30:19.412Z - [REQUEST]: functions/src/admin-members-api/routes/.!85583!read-profile.ts,functions/src/admin-members-api/types/.!85583!services.ts,functions/src/admin-members-api/.!85583!handler.ts,functions/src/admin-members-api/test-utils/.!85583!create-admin-test-plugin.ts,functions/src/admin-members-api/routes/.!85583!update-member.ts,functions/src/admin-members-api/routes/.!85583!link-profile.test.ts,functions/src/admin-members-api/.!85583!app.ts,functions/src/admin-members-api/plugins/.!85583!admin-members-plugin.ts,functions/src/admin-members-api/routes/.!85583!update-member.test.ts,functions/src/admin-members-api/schemas/.!85583!member-schemas.ts,functions/src/admin-members-api/routes/.!85583!update-claims.ts,functions/src/members-api/.!85583!handler.test.ts,functions/src/admin-unclaimed-profiles-api/test-utils/.!85583!create-admin-test-plugin.ts,functions/src/admin-members-api/services/.!85583!clean-slate-delete.ts,functions/src/admin-members-api/routes/.!85583!list-members.test.ts,functions/src/members-api/routes/.!85583!update-member-name.ts,functions/src/admin-unclaimed-profiles-api/.!85583!handler.ts,functions/src/admin-unclaimed-profiles-api/routes/.!85583!delete-unclaimed-profile.test.ts,functions/src/admin-messages-api/test-utils/.!85583!create-admin-test-plugin.ts,functions/src/admin-members-api/routes/.!85583!list-members.ts,functions/src/admin-members-api/services/.!85583!index.ts,functions/src/members-api/routes/.!85583!members.ts,functions/src/admin-members-api/routes/.!85583!health.ts,functions/src/members-api/services/newsletter/.!85583!newsletter-service.ts,functions/src/admin-messages-api/services/.!85583!list-messages.ts,functions/src/admin-members-api/routes/.!85583!get-member.ts,functions/src/admin-unclaimed-profiles-api/routes/.!85583!update-email.ts,functions/src/admin-unclaimed-profiles-api/routes/.!85583!get-unclaimed-profile.test.ts,functions/src/members-api/routes/.!85583!health.ts,functions/src/members-api/services/verify-email/.!85583!verify-email-service.ts,functions/src/admin-unclaimed-profiles-api/.!85583!app.ts,functions/src/members-api/routes/.!85583!verify-email.ts,functions/src/admin-messages-api/routes/.!85583!update-message.ts,functions/src/members-api/routes/.!85583!members.test.ts,functions/src/admin-unclaimed-profiles-api/routes/.!85583!index.ts,functions/src/admin-unclaimed-profiles-api/schemas/.!85583!unclaimed-profile-schemas.ts,functions/src/admin-members-api/routes/.!85583!list-unlinked-profiles.test.ts,functions/src/members-api/services/verify-email/.!85583!interface.ts,functions/src/admin-members-api/routes/.!85583!refund-membership.test.ts,functions/src/admin-members-api/services/.!85583!firestore-helpers.ts,functions/src/admin-messages-api/services/.!85583!update-message.ts,functions/src/admin-unclaimed-profiles-api/routes/.!85583!delete-unclaimed-profile.ts,functions/src/admin-unclaimed-profiles-api/services/.!85583!delete-unclaimed-profile.ts,functions/src/admin-unclaimed-profiles-api/routes/.!85583!get-unclaimed-profile.ts,functions/src/members-api/test-utils/.!85583!create-members-test-plugin.ts,functions/src/admin-members-api/routes/.!85583!toggle-profile-draft.ts,functions/src/admin-messages-api/routes/.!85583!admin-messages.test.ts,functions/src/admin-members-api/services/.!85583!toggle-profile-draft.ts,functions/src/admin-messages-api/services/.!85583!interface.ts,functions/src/admin-unclaimed-profiles-api/routes/.!85583!refresh-payment-dates.ts,functions/src/admin-unclaimed-profiles-api/routes/.!85583!list-unclaimed-profiles.ts,functions/src/admin-unclaimed-profiles-api/routes/.!85583!list-unclaimed-profiles.test.ts,functions/src/admin-unclaimed-profiles-api/services/.!85583!list-unclaimed-profiles.ts,functions/src/admin-unclaimed-profiles-api/services/.!85583!update-email.ts,functions/src/admin-members-api/routes/.!85583!extend-membership.ts,functions/src/admin-members-api/services/.!85583!interface.ts,functions/src/members-api/plugins/.!85583!members-plugin.ts,functions/src/admin-unclaimed-profiles-api/services/.!85583!delete-unclaimed-profile.test.ts,functions/src/admin-members-api/services/.!85583!activate-membership.ts,functions/src/members-api/services/member/.!85583!member-service.ts,functions/src/admin-messages-api/routes/.!85583!list-messages.ts,functions/src/admin-members-api/services/.!85583!extend-membership.ts,functions/src/admin-unclaimed-profiles-api/routes/.!85583!refresh-payment-dates.test.ts,functions/src/members-api/.!85583!app.ts,functions/src/members-api/routes/.!85583!update-newsletter-preference.ts,functions/src/admin-members-api/routes/.!85583!cancel-membership.test.ts,functions/src/admin-members-api/services/.!85583!list-unlinked-profiles.ts,functions/src/admin-members-api/routes/.!85583!route-handler-factory.ts,functions/src/admin-members-api/services/.!85583!is-admin.ts,functions/src/admin-members-api/routes/.!85583!update-claims.test.ts,functions/src/admin-unclaimed-profiles-api/routes/.!85583!update-email.test.ts,functions/src/admin-members-api/routes/.!85583!list-unlinked-profiles.ts,functions/src/admin-members-api/routes/.!85583!link-profile.ts,functions/src/members-api/services/member/.!85583!interface.ts,functions/src/admin-members-api/services/.!85583!update-member.ts,functions/src/admin-messages-api/services/.!85583!get-message.ts,functions/src/admin-members-api/routes/.!85583!clean-slate-delete.test.ts,functions/src/admin-members-api/routes/.!85583!index.ts,functions/src/admin-members-api/routes/.!85583!cancel-membership.ts,functions/src/members-api/services/newsletter/.!85583!interface.ts,functions/src/members-api/types/.!85583!services.ts,functions/src/members-api/routes/.!85583!health.test.ts,functions/src/admin-members-api/services/.!85583!refund-membership.ts,functions/src/admin-messages-api/.!85583!handler.ts,functions/src/admin-messages-api/schemas/.!85583!message-schemas.ts,functions/src/scripts/.!85583!sync-collection-to-emulator.ts,functions/src/admin-members-api/routes/.!85583!extend-membership.test.ts,functions/src/admin-members-api/routes/.!85583!get-member.test.ts,functions/src/admin-unclaimed-profiles-api/routes/.!85583!admin-unclaimed-profiles.test.ts,functions/src/admin-unclaimed-profiles-api/services/.!85583!get-unclaimed-profile.ts,functions/src/members-api/.!85583!handler.ts,functions/src/admin-messages-api/types/.!85583!services.ts,functions/src/admin-members-api/services/.!85583!read-profile.ts,functions/src/admin-members-api/services/.!85583!list-members.ts,functions/src/admin-messages-api/.!85583!app.ts,functions/src/admin-members-api/routes/.!85583!clean-slate-delete.ts,functions/src/members-api/routes/.!85583!cancel-membership.ts,functions/src/admin-members-api/routes/.!85583!activate-membership.test.ts,functions/src/admin-messages-api/routes/.!85583!get-message.ts,functions/src/members-api/routes/.!85583!verify-email.test.ts,functions/src/admin-messages-api/plugins/.!85583!admin-messages-plugin.ts,functions/src/members-api/schemas/.!85583!member-schemas.ts,functions/src/members-api/routes/.!85583!update-member-name.test.ts,functions/src/admin-unclaimed-profiles-api/types/.!85583!services.ts,functions/src/admin-unclaimed-profiles-api/plugins/.!85583!admin-unclaimed-profiles-plugin.ts,functions/src/admin-members-api/routes/.!85583!read-profile.test.ts,functions/src/admin-members-api/services/.!85583!update-claims.ts,functions/src/admin-members-api/services/.!85583!cancel-membership.ts,functions/src/admin-members-api/services/.!85583!link-profile.ts,functions/src/admin-unclaimed-profiles-api/services/.!85583!refresh-payment-dates.ts,functions/src/admin-members-api/routes/.!85583!toggle-profile-draft.test.ts,functions/src/admin-members-api/routes/.!85583!activate-membership.ts,functions/src/members-api/.!85583!fix-types.ts,functions/src/admin-messages-api/services/.!85583!index.ts,functions/src/admin-unclaimed-profiles-api/services/.!85583!index.ts,functions/src/admin-unclaimed-profiles-api/services/.!85583!interface.ts,functions/src/admin-messages-api/routes/.!85583!index.ts,functions/src/members-api/routes/.!85583!cancel-membership.test.ts,functions/src/members-api/routes/.!85583!update-newsletter-preference.test.ts,functions/src/admin-members-api/services/.!85583!verify-member-exists.ts,functions/src/admin-members-api/routes/.!85583!refund-membership.ts,functions/src/members-api/types/.!85583!route-context.ts,functions/src/stripe-webhook-api/services/.!85583!cancel-stripe-subscription-at-period-end.ts,functions/src/stripe-webhook-api/utils/.!85583!create-stripe-member-document.ts,functions/src/stripe-webhook-api/.!85583!handler.test.ts,functions/src/stripe-webhook-api/utils/.!85583!membership-dates.ts,functions/src/stripe-webhook-api/services/.!85583!mark-event-processed.ts,functions/src/scripts/.!85583!set-initial-admin.ts,functions/src/stripe-webhook-api/routes/.!85583!handle-webhook.test.ts,functions/src/stripe-webhook-api/utils/.!85583!create-stripe-member-update.ts,functions/src/stripe-webhook-api/utils/.!85583!index.ts,functions/src/scripts/.!85583!cleanup-test-data.ts,functions/src/scripts/.!85583!sync-profile-timestamps.ts,functions/src/stripe-webhook-api/services/.!85583!process-charge-refunded.ts,functions/src/stripe-webhook-api/plugins/.!85583!stripe-webhook-plugin.ts,functions/src/stripe-webhook-api/utils/.!85583!create-new-member-document.ts,functions/src/stripe-webhook-api/services/.!85583!process-checkout-completed.ts,functions/src/stripe-webhook-api/routes/.!85583!handle-webhook.ts,functions/src/scripts/.!85583!import-subscribers.ts,functions/src/stripe-webhook-api/.!85583!handler.ts,functions/src/stripe-webhook-api/services/.!85583!find-member-by-stripe-customer.ts,functions/src/stripe-webhook-api/services/.!85583!build-refund-notification-email.ts,functions/src/stripe-webhook-api/.!85583!app.ts,functions/src/stripe-webhook-api/test-utils/.!85583!stripe-mocks.ts,functions/src/stripe-webhook-api/schemas/.!85583!stripe-webhook-schemas.ts,functions/src/scripts/.!85583!seed-claim-test.ts,functions/src/stripe-webhook-api/services/.!85583!delete-stripe-customer.ts,functions/src/stripe-webhook-api/services/.!85583!process-refund-actions.ts,functions/src/scripts/.!85583!fix-unclaimed-profile-slugs.ts,functions/src/stripe-webhook-api/types/.!85583!services.ts,functions/src/stripe-webhook-api/test-utils/.!85583!create-stripe-webhook-test-plugin.ts,functions/src/scripts/.!85583!test-stripe-webhook.ts
[NX v22.5.4 Daemon Server] - 2026-03-16T15:30:19.414Z - Time taken for 'hash changed files from watcher' 22.254875000566244ms
Time for 'nx/js/dependencies-and-lockfile:createNodes' 3.0401250002905726
Time for 'nx/core/project-json:createNodes' 1.097709000000009
Time for 'nx/core/package-json:createNodes' 2.8709580000000017
[NX v22.5.4 Daemon Server] - 2026-03-16T15:30:19.488Z - Established a connection. Number of open connections: 1
[NX v22.5.4 Daemon Server] - 2026-03-16T15:30:19.488Z - Closed a connection. Number of open connections: 0
[NX v22.5.4 Daemon Server] - 2026-03-16T15:30:19.489Z - Established a connection. Number of open connections: 1
[NX v22.5.4 Daemon Client] - 2026-03-16T15:30:19.489Z - [Messenger] Setting up socket listeners
[NX v22.5.4 Daemon Client] - 2026-03-16T15:30:19.489Z - [Messenger] listen() complete
[NX v22.5.4 Daemon Client] - 2026-03-16T15:30:19.489Z - [Messenger] Sending message type: HASH_MULTI_GLOB
[NX v22.5.4 Daemon Client] - 2026-03-16T15:30:19.490Z - [Messenger] Message sent
Time for 'daemon-message-serialization-HASH_MULTI_GLOB' 0.033375000000006594
[NX v22.5.4 Daemon Server] - 2026-03-16T15:30:19.498Z - Received raw message of length 50
[NX v22.5.4 Daemon Server] - 2026-03-16T15:30:19.498Z - Received json message of type HASH_MULTI_GLOB
[NX v22.5.4 Daemon Server] - 2026-03-16T15:30:19.498Z - Serializing response for HASH_GLOB message in json mode
[NX v22.5.4 Daemon Server] - 2026-03-16T15:30:19.498Z - Responding to HASH_GLOB message
[NX v22.5.4 Daemon Server] - 2026-03-16T15:30:19.498Z - [REQUEST]: Responding to the client. handleHashMultiGlob
[NX v22.5.4 Daemon Server] - 2026-03-16T15:30:19.498Z - Done responding to the client handleHashMultiGlob
[NX v22.5.4 Daemon Server] - 2026-03-16T15:30:19.498Z - Handled json message HASH_GLOB. Handling time: 0. Response time: 0.
[NX v22.5.4 Daemon Client] - 2026-03-16T15:30:19.498Z - [Messenger] Received message, length: 23
[NX v22.5.4 Daemon Client] - 2026-03-16T15:30:19.499Z - [Messenger] Sending message type: HASH_MULTI_GLOB
[NX v22.5.4 Daemon Server] - 2026-03-16T15:30:19.499Z - Received raw message of length 50
[NX v22.5.4 Daemon Client] - 2026-03-16T15:30:19.499Z - [Messenger] Message sent
[NX v22.5.4 Daemon Server] - 2026-03-16T15:30:19.499Z - Received json message of type HASH_MULTI_GLOB
[NX v22.5.4 Daemon Server] - 2026-03-16T15:30:19.499Z - Serializing response for HASH_GLOB message in json mode
[NX v22.5.4 Daemon Server] - 2026-03-16T15:30:19.499Z - Responding to HASH_GLOB message
[NX v22.5.4 Daemon Server] - 2026-03-16T15:30:19.499Z - [REQUEST]: Responding to the client. handleHashMultiGlob
[NX v22.5.4 Daemon Server] - 2026-03-16T15:30:19.499Z - Done responding to the client handleHashMultiGlob
[NX v22.5.4 Daemon Server] - 2026-03-16T15:30:19.499Z - Handled json message HASH_GLOB. Handling time: 0. Response time: 0.
[NX v22.5.4 Daemon Server] - 2026-03-16T15:30:19.517Z - Established a connection. Number of open connections: 2
[NX v22.5.4 Daemon Server] - 2026-03-16T15:30:19.519Z - Closed a connection. Number of open connections: 1
[NX v22.5.4 Daemon Server] - 2026-03-16T15:30:19.519Z - Established a connection. Number of open connections: 2
Time for '@nx/docker:createNodes' 31.957499999999982
[NX v22.5.4 Daemon Client] - 2026-03-16T15:30:19.519Z - [Messenger] Setting up socket listeners
[NX v22.5.4 Daemon Client] - 2026-03-16T15:30:19.520Z - [Messenger] listen() complete
Time for 'HASH_MULTI_GLOB round trip' 9.140166999999991
Time for 'deserialize daemon response - HASH_MULTI_GLOB' 0.033582999999993035
Time for 'daemon-message-serialization-HASH_MULTI_GLOB' 0.00870899999998187
[NX v22.5.4 Daemon Client] - 2026-03-16T15:30:19.520Z - [Messenger] Sending message type: GLOB
[NX v22.5.4 Daemon Client] - 2026-03-16T15:30:19.520Z - [Messenger] Received message, length: 23
[NX v22.5.4 Daemon Client] - 2026-03-16T15:30:19.520Z - [Messenger] Message sent
Time for 'daemon-message-serialization-GLOB' 0.0327920000000006
[NX v22.5.4 Daemon Server] - 2026-03-16T15:30:19.528Z - Received raw message of length 73
[NX v22.5.4 Daemon Server] - 2026-03-16T15:30:19.528Z - Received json message of type GLOB
[NX v22.5.4 Daemon Server] - 2026-03-16T15:30:19.529Z - Serializing response for GLOB message in json mode
[NX v22.5.4 Daemon Server] - 2026-03-16T15:30:19.529Z - Responding to GLOB message
[NX v22.5.4 Daemon Server] - 2026-03-16T15:30:19.529Z - [REQUEST]: Responding to the client. handleGlob
[NX v22.5.4 Daemon Server] - 2026-03-16T15:30:19.529Z - Done responding to the client handleGlob
[NX v22.5.4 Daemon Server] - 2026-03-16T15:30:19.529Z - Handled json message GLOB. Handling time: 1. Response time: 0.
[NX v22.5.4 Daemon Client] - 2026-03-16T15:30:19.529Z - [Messenger] Received message, length: 28246
[NX v22.5.4 Daemon Client] - 2026-03-16T15:30:19.530Z - [Messenger] Sending message type: GLOB
[NX v22.5.4 Daemon Server] - 2026-03-16T15:30:19.530Z - Received raw message of length 73
[NX v22.5.4 Daemon Client] - 2026-03-16T15:30:19.530Z - [Messenger] Message sent
[NX v22.5.4 Daemon Server] - 2026-03-16T15:30:19.530Z - Received json message of type GLOB
[NX v22.5.4 Daemon Server] - 2026-03-16T15:30:19.531Z - Serializing response for GLOB message in json mode
[NX v22.5.4 Daemon Server] - 2026-03-16T15:30:19.531Z - Responding to GLOB message
[NX v22.5.4 Daemon Server] - 2026-03-16T15:30:19.531Z - [REQUEST]: Responding to the client. handleGlob
Time for 'GLOB round trip' 9.284666999999985
Time for 'deserialize daemon response - GLOB' 0.05237500000001205
Time for 'daemon-message-serialization-GLOB' 0.008416999999980135
[NX v22.5.4 Daemon Server] - 2026-03-16T15:30:19.531Z - Done responding to the client handleGlob
[NX v22.5.4 Daemon Server] - 2026-03-16T15:30:19.531Z - Handled json message GLOB. Handling time: 1. Response time: 0.
[NX v22.5.4 Daemon Client] - 2026-03-16T15:30:19.531Z - [Messenger] Received message, length: 28246
[NX v22.5.4 Daemon Client] - 2026-03-16T15:30:19.531Z - [Messenger] Sending message type: HASH_MULTI_GLOB
[NX v22.5.4 Daemon Server] - 2026-03-16T15:30:19.531Z - Received raw message of length 429
[NX v22.5.4 Daemon Client] - 2026-03-16T15:30:19.531Z - [Messenger] Message sent
[NX v22.5.4 Daemon Server] - 2026-03-16T15:30:19.531Z - Received json message of type HASH_MULTI_GLOB
[NX v22.5.4 Daemon Server] - 2026-03-16T15:30:19.533Z - Serializing response for HASH_GLOB message in json mode
[NX v22.5.4 Daemon Server] - 2026-03-16T15:30:19.533Z - Responding to HASH_GLOB message
[NX v22.5.4 Daemon Server] - 2026-03-16T15:30:19.533Z - [REQUEST]: Responding to the client. handleHashMultiGlob
[NX v22.5.4 Daemon Server] - 2026-03-16T15:30:19.533Z - Done responding to the client handleHashMultiGlob
[NX v22.5.4 Daemon Server] - 2026-03-16T15:30:19.533Z - Handled json message HASH_GLOB. Handling time: 2. Response time: 0.
Time for 'GLOB round trip' 0.8155409999999961
Time for 'deserialize daemon response - GLOB' 0.02779099999997925
Time for 'daemon-message-serialization-HASH_MULTI_GLOB' 0.006582999999977801
[NX v22.5.4 Daemon Client] - 2026-03-16T15:30:19.533Z - [Messenger] Received message, length: 134
[NX v22.5.4 Daemon Client] - 2026-03-16T15:30:19.533Z - [Messenger] Sending message type: HASH_MULTI_GLOB
[NX v22.5.4 Daemon Client] - 2026-03-16T15:30:19.533Z - [Messenger] Message sent
[NX v22.5.4 Daemon Server] - 2026-03-16T15:30:19.533Z - Received raw message of length 429
[NX v22.5.4 Daemon Server] - 2026-03-16T15:30:19.533Z - Received json message of type HASH_MULTI_GLOB
[NX v22.5.4 Daemon Server] - 2026-03-16T15:30:19.534Z - Serializing response for HASH_GLOB message in json mode
[NX v22.5.4 Daemon Server] - 2026-03-16T15:30:19.534Z - Responding to HASH_GLOB message
[NX v22.5.4 Daemon Server] - 2026-03-16T15:30:19.534Z - [REQUEST]: Responding to the client. handleHashMultiGlob
[NX v22.5.4 Daemon Server] - 2026-03-16T15:30:19.534Z - Done responding to the client handleHashMultiGlob
[NX v22.5.4 Daemon Server] - 2026-03-16T15:30:19.534Z - Handled json message HASH_GLOB. Handling time: 1. Response time: 0.
[NX v22.5.4 Daemon Server] - 2026-03-16T15:30:19.546Z - Closed a connection. Number of open connections: 1
Time for 'HASH_MULTI_GLOB round trip' 1.4661250000000052
Time for 'deserialize daemon response - HASH_MULTI_GLOB' 0.010000000000019327
Time for 'daemon-message-serialization-HASH_MULTI_GLOB' 0.007167000000009693
[NX v22.5.4 Daemon Client] - 2026-03-16T15:30:19.622Z - [Messenger] Received message, length: 134
Time for 'HASH_MULTI_GLOB round trip' 89.01112500000002
Time for 'deserialize daemon response - HASH_MULTI_GLOB' 0.009292000000016287
[baseline-browser-mapping] The data in this module is over two months old.  To ensure accurate Baseline data, please update: `npm i baseline-browser-mapping@latest -D`
[NX v22.5.4 Daemon Server] - 2026-03-16T15:30:20.068Z - Time taken for 'build-project-configs' 654.6997090000659ms
[NX v22.5.4 Daemon Server] - 2026-03-16T15:30:20.080Z - Time taken for 'build-project-configs' 661.491833999753ms
[NX v22.5.4 Daemon Server] - 2026-03-16T15:30:20.086Z - Closed a connection. Number of open connections: 0
Time for 'build typescript dependencies' 24.388416000641882
[NX v22.5.4 Daemon Server] - 2026-03-16T15:30:20.118Z - [SYNC]: collect registered sync generators
[NX v22.5.4 Daemon Server] - 2026-03-16T15:30:20.118Z - [SYNC]: project graph hash is the same, not collecting task sync generators
[NX v22.5.4 Daemon Server] - 2026-03-16T15:30:20.118Z - [SYNC]: nx.json hash is the same, not collecting global sync generators
[NX v22.5.4 Daemon Server] - 2026-03-16T15:30:20.118Z - [SYNC]: collect registered sync generators
[NX v22.5.4 Daemon Server] - 2026-03-16T15:30:20.118Z - [SYNC]: project graph hash is the same, not collecting task sync generators
[NX v22.5.4 Daemon Server] - 2026-03-16T15:30:20.118Z - [SYNC]: nx.json hash is the same, not collecting global sync generators
[NX v22.5.4 Daemon Server] - 2026-03-16T15:30:20.118Z - Time taken for 'total execution time for createProjectGraph()' 40.984291000291705ms
[NX v22.5.4 Daemon Server] - 2026-03-16T15:30:22.993Z - [WATCHER]: Processing file changes in outputs
[NX v22.5.4 Daemon Server] - 2026-03-16T15:30:22.994Z - [WATCHER]: 176 file(s) created or restored, 0 file(s) modified, 177 file(s) deleted
[NX v22.5.4 Daemon Server] - 2026-03-16T15:30:22.995Z - [SYNC]: clearing sync generators cache due to file changes
[NX v22.5.4 Daemon Server] - 2026-03-16T15:30:23.047Z - [WATCHER]: Processing file changes in outputs
[NX v22.5.4 Daemon Server] - 2026-03-16T15:30:23.048Z - [WATCHER]: 84 file(s) created or restored, 0 file(s) modified, 84 file(s) deleted
[NX v22.5.4 Daemon Server] - 2026-03-16T15:30:23.048Z - [SYNC]: clearing sync generators cache due to file changes
[NX v22.5.4 Daemon Server] - 2026-03-16T15:30:23.111Z - [REQUEST]: Updated workspace context based on watched changes, recomputing project graph...
[NX v22.5.4 Daemon Server] - 2026-03-16T15:30:23.111Z - [REQUEST]: functions/src/scripts/seed-claim-test.ts,functions/src/admin-members-api/routes/update-claims.test.ts,functions/src/admin-members-api/routes/get-member.test.ts,functions/src/admin-members-api/routes/update-claims.ts,functions/src/admin-members-api/routes/activate-membership.ts,functions/src/members-api/routes/update-newsletter-preference.ts,functions/src/admin-unclaimed-profiles-api/types/services.ts,functions/src/stripe-webhook-api/services/build-refund-notification-email.ts,functions/src/members-api/plugins/members-plugin.ts,functions/src/admin-members-api/routes/cancel-membership.test.ts,functions/src/admin-members-api/services/list-members.ts,functions/src/admin-members-api/routes/list-members.ts,functions/src/admin-members-api/services/read-profile.ts,functions/src/admin-members-api/routes/toggle-profile-draft.test.ts,functions/src/members-api/services/verify-email/verify-email-service.ts,functions/src/admin-unclaimed-profiles-api/handler.ts,functions/src/admin-members-api/services/refund-membership.ts,functions/src/stripe-webhook-api/app.ts,functions/src/admin-members-api/routes/refund-membership.test.ts,functions/src/admin-unclaimed-profiles-api/routes/refresh-payment-dates.ts,functions/src/admin-members-api/routes/cancel-membership.ts,functions/src/members-api/handler.test.ts,functions/src/members-api/routes/update-member-name.ts,functions/src/members-api/routes/verify-email.test.ts,functions/src/admin-unclaimed-profiles-api/routes/get-unclaimed-profile.test.ts,functions/src/admin-messages-api/plugins/admin-messages-plugin.ts,functions/src/stripe-webhook-api/utils/create-new-member-document.ts,functions/src/members-api/schemas/member-schemas.ts,functions/src/scripts/sync-collection-to-emulator.ts,functions/src/members-api/services/verify-email/interface.ts,functions/src/admin-members-api/routes/clean-slate-delete.ts,functions/src/profiles-api/routes/delete-image.test.ts,functions/src/admin-members-api/test-utils/create-admin-test-plugin.ts,functions/src/admin-unclaimed-profiles-api/services/refresh-payment-dates.ts,functions/src/admin-unclaimed-profiles-api/routes/admin-unclaimed-profiles.test.ts,functions/src/members-api/routes/cancel-membership.test.ts,functions/src/admin-unclaimed-profiles-api/test-utils/create-admin-test-plugin.ts,functions/src/admin-unclaimed-profiles-api/routes/update-email.test.ts,functions/src/stripe-webhook-api/routes/handle-webhook.ts,functions/src/admin-members-api/routes/extend-membership.ts,functions/src/admin-members-api/routes/list-members.test.ts,functions/src/admin-members-api/types/services.ts,functions/src/members-api/services/member/interface.ts,functions/src/profiles-api/routes/claim-profile.test.ts,functions/src/stripe-webhook-api/types/services.ts,functions/src/admin-members-api/services/list-unlinked-profiles.ts,functions/src/members-api/test-utils/create-members-test-plugin.ts,functions/src/admin-members-api/services/verify-member-exists.ts,functions/src/admin-messages-api/routes/admin-messages.test.ts,functions/src/members-api/services/member/member-service.ts,functions/src/scripts/set-initial-admin.ts,functions/src/scripts/sync-profile-timestamps.ts,functions/src/scripts/import-subscribers.ts,functions/src/stripe-webhook-api/services/delete-stripe-customer.ts,functions/src/profiles-api/utils/imagekit-client.ts,functions/src/stripe-webhook-api/services/process-checkout-completed.ts,functions/src/admin-members-api/routes/update-member.test.ts,functions/src/members-api/routes/update-newsletter-preference.test.ts,functions/src/scripts/fix-unclaimed-profile-slugs.ts,functions/src/profiles-api/types/services.ts,functions/src/admin-members-api/routes/update-member.ts,functions/src/stripe-webhook-api/utils/create-stripe-member-document.ts,functions/src/members-api/app.ts,functions/src/admin-unclaimed-profiles-api/plugins/admin-unclaimed-profiles-plugin.ts,functions/src/stripe-webhook-api/services/process-subscription-ended.ts,functions/src/profiles-api/handler.ts,functions/src/admin-members-api/services/extend-membership.ts,functions/src/stripe-webhook-api/services/cancel-stripe-subscription.ts,functions/src/admin-members-api/services/toggle-profile-draft.ts,functions/src/admin-members-api/services/is-admin.ts,functions/src/members-api/types/services.ts,functions/src/admin-messages-api/types/services.ts,functions/src/admin-members-api/schemas/member-schemas.ts,functions/src/profiles-api/routes/write-profile.ts,functions/src/stripe-webhook-api/services/cancel-stripe-subscription-at-period-end.ts,functions/src/admin-members-api/routes/refund-membership.ts,functions/src/admin-messages-api/schemas/message-schemas.ts,functions/src/admin-messages-api/routes/index.ts,functions/src/stripe-webhook-api/handler.ts,functions/src/admin-unclaimed-profiles-api/schemas/unclaimed-profile-schemas.ts,functions/src/admin-unclaimed-profiles-api/routes/get-unclaimed-profile.ts,functions/src/admin-messages-api/routes/update-message.ts,functions/src/admin-members-api/plugins/admin-members-plugin.ts,functions/src/stripe-webhook-api/schemas/stripe-webhook-schemas.ts,functions/src/stripe-webhook-api/services/interface.ts,functions/src/stripe-webhook-api/services/check-idempotency.ts,functions/src/admin-unclaimed-profiles-api/services/interface.ts,functions/src/profiles-api/routes/check-slug-available.ts,functions/src/stripe-webhook-api/services/process-refund-actions.ts,functions/src/admin-members-api/routes/route-handler-factory.ts,functions/src/admin-unclaimed-profiles-api/routes/list-unclaimed-profiles.ts,functions/src/admin-unclaimed-profiles-api/routes/index.ts,functions/src/admin-members-api/services/update-member.ts,functions/src/admin-members-api/routes/activate-membership.test.ts,functions/src/members-api/routes/members.test.ts,functions/src/members-api/routes/update-member-name.test.ts,functions/src/admin-unclaimed-profiles-api/routes/delete-unclaimed-profile.test.ts,functions/src/stripe-webhook-api/services/find-member-by-stripe-customer.ts,functions/src/admin-members-api/services/cancel-membership.ts,functions/src/admin-unclaimed-profiles-api/app.ts,functions/src/admin-members-api/routes/link-profile.ts,functions/src/admin-messages-api/services/interface.ts,functions/src/admin-messages-api/services/list-messages.ts,functions/src/stripe-webhook-api/services/process-subscription-updated.ts,functions/src/profiles-api/routes/claim-profile.ts,functions/src/profiles-api/routes/write-profile.test.ts,functions/src/admin-members-api/services/clean-slate-delete.ts,functions/src/admin-unclaimed-profiles-api/services/update-email.ts,functions/src/stripe-webhook-api/handler.test.ts,functions/src/admin-unclaimed-profiles-api/services/delete-unclaimed-profile.ts,functions/src/admin-members-api/services/activate-membership.ts,functions/src/stripe-webhook-api/services/index.ts,functions/src/profiles-api/routes/read-profile-by-slug.test.ts,functions/src/admin-members-api/routes/list-unlinked-profiles.ts,functions/src/admin-members-api/routes/index.ts,functions/src/admin-members-api/app.ts,functions/src/admin-members-api/services/update-claims.ts,functions/src/profiles-api/routes/create-profile.test.ts,functions/src/stripe-webhook-api/test-utils/create-stripe-webhook-test-plugin.ts,functions/src/admin-unclaimed-profiles-api/routes/update-email.ts,functions/src/admin-members-api/services/index.ts,functions/src/admin-messages-api/services/update-message.ts,functions/src/stripe-webhook-api/services/mark-event-processed.ts,functions/src/stripe-webhook-api/services/verify-signature.ts,functions/src/admin-members-api/routes/clean-slate-delete.test.ts,functions/src/members-api/routes/health.ts,functions/src/stripe-webhook-api/routes/handle-webhook.test.ts,functions/src/admin-members-api/services/firestore-helpers.ts,functions/src/members-api/services/newsletter/interface.ts,functions/src/stripe-webhook-api/utils/create-stripe-member-update.ts,functions/src/admin-members-api/routes/toggle-profile-draft.ts,functions/src/profiles-api/plugins/profiles-plugin.ts,functions/src/admin-members-api/handler.ts,functions/src/admin-messages-api/test-utils/create-admin-test-plugin.ts,functions/src/stripe-webhook-api/plugins/stripe-webhook-plugin.ts,functions/src/profiles-api/schemas/profile-schemas.ts,functions/src/admin-messages-api/app.ts,functions/src/admin-members-api/routes/link-profile.test.ts,functions/src/admin-messages-api/routes/list-messages.ts,functions/src/members-api/handler.ts,functions/src/admin-unclaimed-profiles-api/services/get-unclaimed-profile.ts,functions/src/profiles-api/routes/read-profile-by-slug.ts,functions/src/members-api/services/newsletter/newsletter-service.ts,functions/src/admin-unclaimed-profiles-api/services/delete-unclaimed-profile.test.ts,functions/src/profiles-api/app.ts,functions/src/admin-messages-api/services/get-message.ts,functions/src/admin-unclaimed-profiles-api/routes/refresh-payment-dates.test.ts,functions/src/stripe-webhook-api/test-utils/stripe-mocks.ts,functions/src/scripts/cleanup-test-data.ts,functions/src/members-api/routes/health.test.ts,functions/src/admin-messages-api/services/index.ts,functions/src/profiles-api/test-utils/create-profiles-test-plugin.ts,functions/src/admin-members-api/routes/read-profile.ts,functions/src/members-api/routes/cancel-membership.ts,functions/src/admin-members-api/services/link-profile.ts,functions/src/members-api/routes/verify-email.ts,functions/src/admin-members-api/services/interface.ts,functions/src/members-api/routes/members.ts,functions/src/admin-messages-api/routes/get-message.ts,functions/src/admin-unclaimed-profiles-api/routes/delete-unclaimed-profile.ts,functions/src/members-api/fix-types.ts,functions/src/admin-members-api/routes/list-unlinked-profiles.test.ts,functions/src/stripe-webhook-api/services/process-charge-refunded.ts,functions/src/members-api/types/route-context.ts,functions/src/admin-members-api/routes/health.ts,functions/src/admin-members-api/routes/get-member.ts,functions/src/admin-members-api/routes/read-profile.test.ts,functions/src/scripts/test-stripe-webhook.ts,functions/src/stripe-webhook-api/utils/index.ts,functions/src/admin-unclaimed-profiles-api/services/list-unclaimed-profiles.ts,functions/src/admin-unclaimed-profiles-api/services/index.ts,functions/src/stripe-webhook-api/utils/membership-dates.ts,functions/src/admin-unclaimed-profiles-api/routes/list-unclaimed-profiles.test.ts,functions/src/admin-members-api/routes/extend-membership.test.ts,functions/src/admin-messages-api/handler.ts,functions/src/profiles-api/routes/upload-image.test.ts,functions/src/profiles-api/routes/health.test.ts,functions/src/profiles-api/routes/create-profile.ts,functions/src/profiles-api/routes/imagekit-auth.test.ts,functions/src/profiles-api/routes/profile-route-handler-factory.ts,functions/src/admin-match-requests-api/app.ts,functions/src/profile-webhook-api/services/verify-secret.ts,functions/src/forms-api/services/recaptcha/interface.ts,functions/src/profile-webhook-api/services/validate-payload.ts,functions/src/admin-match-requests-api/routes/update-match-request.ts,functions/src/profiles-api/routes/delete-image.ts,functions/src/profile-webhook-api/handler.ts,functions/src/profile-webhook-api/routes/handle-webhook.test.ts,functions/src/forms-api/types/services.ts,functions/src/index.ts,functions/src/profile-webhook-api/services/index.ts,functions/src/forms-api/routes/handle-contact-form.ts,functions/src/profile-webhook-api/services/interface.ts,functions/src/admin-match-requests-api/test-utils/create-admin-test-plugin.ts,functions/src/profiles-api/services/imagekit/delete-profile-image.ts,functions/src/admin-match-requests-api/routes/update-match-request.test.ts,functions/src/admin-match-requests-api/services/index.ts,functions/src/admin-match-requests-api/routes/list-match-requests.ts,functions/src/forms-api/services/form-storage/save-match-request.ts,functions/src/profiles-api/services/auth-update/index.ts,functions/src/profiles-api/routes/set-slug.ts,functions/src/forms-api/plugins/contact-us-form-plugin.ts,functions/src/forms-api/plugins/doula-match-form-plugin.ts,functions/src/forms-api/services/form-storage/index.ts,functions/src/forms-api/services/build-doula-match-notification.ts,functions/src/forms-api/test-utils/create-forms-test-plugins.ts,functions/src/admin-match-requests-api/schemas/match-request-schemas.ts,functions/src/forms-api/services/form-storage/types.ts,functions/src/profiles-api/services/profile-store/trigger-rebuild.ts,functions/src/profiles-api/services/profile-store/write-profile.ts,functions/src/profiles-api/services/profile-store/interface.ts,functions/src/profiles-api/services/profile-store/delete-profile.ts,functions/src/forms-api/app.ts,functions/src/admin-match-requests-api/services/get-match-request.ts,functions/src/profile-webhook-api/services/types.ts,functions/src/profiles-api/services/firestore/interface.ts,functions/src/forms-api/services/build-contact-form-notification.ts,functions/src/forms-api/services/recaptcha/types.ts,functions/src/profiles-api/routes/check-slug-available.test.ts,functions/src/forms-api/schemas/form-response-schemas.ts,functions/src/admin-match-requests-api/routes/list-match-requests.test.ts,functions/src/admin-match-requests-api/services/list-match-requests.ts,functions/src/profiles-api/services/firestore/index.ts,functions/src/admin-match-requests-api/services/interface.ts,functions/src/profiles-api/services/auth-update/interface.ts,functions/src/profiles-api/services/profile-store/create-profile.ts,functions/src/forms-api/routes/handle-match-form.test.ts,functions/src/profile-webhook-api/test-utils/create-profile-webhook-test-plugin.ts,functions/src/admin-match-requests-api/types/services.ts,functions/src/profiles-api/routes/upload-image.ts,functions/src/forms-api/routes/handle-match-form.ts,functions/src/profile-webhook-api/services/send-notification-email.ts,functions/src/profile-webhook-api/routes/handle-webhook.ts,functions/src/profiles-api/services/profile-store/read-profile.ts,functions/src/profiles-api/services/profile-store/get-octokit.ts,functions/src/profiles-api/services/member/interface.ts,functions/src/profiles-api/routes/index.ts,functions/src/forms-api/services/recaptcha/index.ts,functions/src/admin-match-requests-api/plugins/admin-match-requests-plugin.ts,functions/src/admin-match-requests-api/routes/index.ts,functions/src/admin-match-requests-api/routes/get-match-request.test.ts,functions/src/profiles-api/routes/set-slug.test.ts,functions/src/profiles-api/services/member/index.ts,functions/src/forms-api/services/form-storage/save-contact-form.ts,functions/src/admin-match-requests-api/handler.ts,functions/src/profiles-api/routes/imagekit-auth.ts,functions/src/admin-match-requests-api/services/update-match-request.ts,functions/src/profiles-api/routes/health.ts,functions/src/profiles-api/services/profile-store/draft-profile.ts,functions/src/profile-webhook-api/plugins/profile-webhook-plugin.ts,functions/src/profile-webhook-api/types/services.ts,functions/src/profile-webhook-api/services/find-member-by-slug.ts,functions/src/admin-match-requests-api/routes/get-match-request.ts,functions/src/forms-api/handler.ts,functions/src/forms-api/services/recaptcha/verify-token.ts,functions/src/forms-api/services/form-storage/interface.ts,functions/src/profiles-api/services/profile-store/index.ts,functions/src/profile-webhook-api/schemas/profile-webhook-schemas.ts,functions/src/profile-webhook-api/app.ts,functions/src/forms-api/routes/handle-contact-form.test.ts
[NX v22.5.4 Daemon Server] - 2026-03-16T15:30:23.111Z - [REQUEST]: functions/src/admin-unclaimed-profiles-api/routes/.!85654!get-unclaimed-profile.ts,functions/src/admin-members-api/test-utils/.!85654!create-admin-test-plugin.ts,functions/src/members-api/routes/.!85654!verify-email.ts,functions/src/stripe-webhook-api/services/.!85654!process-subscription-updated.ts,functions/src/scripts/.!85654!sync-profile-timestamps.ts,functions/src/profiles-api/utils/.!85654!imagekit-client.ts,functions/src/admin-unclaimed-profiles-api/services/.!85654!delete-unclaimed-profile.test.ts,functions/src/stripe-webhook-api/services/.!85654!process-refund-actions.ts,functions/src/profiles-api/types/.!85654!services.ts,functions/src/admin-members-api/routes/.!85654!update-claims.test.ts,functions/src/admin-members-api/routes/.!85654!activate-membership.ts,functions/src/admin-members-api/services/.!85654!cancel-membership.ts,functions/src/stripe-webhook-api/services/.!85654!process-subscription-ended.ts,functions/src/profiles-api/routes/.!85654!read-profile-by-slug.ts,functions/src/members-api/services/verify-email/.!85654!verify-email-service.ts,functions/src/admin-members-api/services/.!85654!extend-membership.ts,functions/src/scripts/.!85654!set-initial-admin.ts,functions/src/admin-messages-api/services/.!85654!list-messages.ts,functions/src/members-api/schemas/.!85654!member-schemas.ts,functions/src/stripe-webhook-api/services/.!85654!mark-event-processed.ts,functions/src/profiles-api/.!85654!app.ts,functions/src/stripe-webhook-api/services/.!85654!cancel-stripe-subscription-at-period-end.ts,functions/src/admin-unclaimed-profiles-api/services/.!85654!index.ts,functions/src/admin-members-api/services/.!85654!interface.ts,functions/src/admin-members-api/routes/.!85654!extend-membership.ts,functions/src/admin-members-api/routes/.!85654!list-unlinked-profiles.test.ts,functions/src/stripe-webhook-api/utils/.!85654!create-stripe-member-update.ts,functions/src/stripe-webhook-api/services/.!85654!delete-stripe-customer.ts,functions/src/admin-members-api/services/.!85654!update-claims.ts,functions/src/profiles-api/routes/.!85654!claim-profile.test.ts,functions/src/admin-unclaimed-profiles-api/types/.!85654!services.ts,functions/src/members-api/routes/.!85654!cancel-membership.test.ts,functions/src/members-api/routes/.!85654!members.test.ts,functions/src/admin-unclaimed-profiles-api/.!85654!app.ts,functions/src/admin-messages-api/routes/.!85654!list-messages.ts,functions/src/members-api/routes/.!85654!update-member-name.test.ts,functions/src/stripe-webhook-api/schemas/.!85654!stripe-webhook-schemas.ts,functions/src/admin-unclaimed-profiles-api/routes/.!85654!list-unclaimed-profiles.ts,functions/src/admin-members-api/routes/.!85654!update-member.ts,functions/src/admin-members-api/types/.!85654!services.ts,functions/src/admin-members-api/routes/.!85654!get-member.test.ts,functions/src/stripe-webhook-api/plugins/.!85654!stripe-webhook-plugin.ts,functions/src/stripe-webhook-api/.!85654!app.ts,functions/src/stripe-webhook-api/utils/.!85654!index.ts,functions/src/stripe-webhook-api/services/.!85654!find-member-by-stripe-customer.ts,functions/src/admin-members-api/services/.!85654!refund-membership.ts,functions/src/members-api/services/member/.!85654!interface.ts,functions/src/admin-unclaimed-profiles-api/routes/.!85654!refresh-payment-dates.ts,functions/src/profiles-api/plugins/.!85654!profiles-plugin.ts,functions/src/profiles-api/routes/.!85654!check-slug-available.ts,functions/src/profiles-api/schemas/.!85654!profile-schemas.ts,functions/src/stripe-webhook-api/routes/.!85654!handle-webhook.ts,functions/src/stripe-webhook-api/test-utils/.!85654!create-stripe-webhook-test-plugin.ts,functions/src/profiles-api/routes/.!85654!imagekit-auth.ts,functions/src/admin-members-api/.!85654!app.ts,functions/src/members-api/services/verify-email/.!85654!interface.ts,functions/src/members-api/routes/.!85654!members.ts,functions/src/admin-unclaimed-profiles-api/plugins/.!85654!admin-unclaimed-profiles-plugin.ts,functions/src/members-api/plugins/.!85654!members-plugin.ts,functions/src/admin-members-api/routes/.!85654!list-members.ts,functions/src/admin-members-api/routes/.!85654!clean-slate-delete.ts,functions/src/stripe-webhook-api/services/.!85654!process-charge-refunded.ts,functions/src/admin-members-api/routes/.!85654!cancel-membership.ts,functions/src/admin-messages-api/routes/.!85654!get-message.ts,functions/src/admin-members-api/services/.!85654!is-admin.ts,functions/src/admin-members-api/routes/.!85654!read-profile.ts,functions/src/members-api/services/newsletter/.!85654!interface.ts,functions/src/members-api/types/.!85654!route-context.ts,functions/src/admin-unclaimed-profiles-api/routes/.!85654!admin-unclaimed-profiles.test.ts,functions/src/admin-messages-api/routes/.!85654!update-message.ts,functions/src/admin-unclaimed-profiles-api/routes/.!85654!get-unclaimed-profile.test.ts,functions/src/admin-members-api/services/.!85654!index.ts,functions/src/admin-unclaimed-profiles-api/routes/.!85654!delete-unclaimed-profile.ts,functions/src/profiles-api/routes/.!85654!write-profile.test.ts,functions/src/admin-members-api/routes/.!85654!cancel-membership.test.ts,functions/src/stripe-webhook-api/test-utils/.!85654!stripe-mocks.ts,functions/src/admin-messages-api/plugins/.!85654!admin-messages-plugin.ts,functions/src/admin-members-api/routes/.!85654!link-profile.ts,functions/src/members-api/.!85654!handler.test.ts,functions/src/admin-messages-api/.!85654!handler.ts,functions/src/admin-members-api/services/.!85654!read-profile.ts,functions/src/admin-unclaimed-profiles-api/services/.!85654!delete-unclaimed-profile.ts,functions/src/stripe-webhook-api/utils/.!85654!create-new-member-document.ts,functions/src/members-api/routes/.!85654!update-member-name.ts,functions/src/admin-members-api/routes/.!85654!toggle-profile-draft.ts,functions/src/admin-members-api/services/.!85654!toggle-profile-draft.ts,functions/src/admin-members-api/.!85654!handler.ts,functions/src/admin-members-api/routes/.!85654!read-profile.test.ts,functions/src/members-api/.!85654!handler.ts,functions/src/admin-messages-api/test-utils/.!85654!create-admin-test-plugin.ts,functions/src/admin-members-api/routes/.!85654!update-claims.ts,functions/src/admin-unclaimed-profiles-api/routes/.!85654!refresh-payment-dates.test.ts,functions/src/admin-messages-api/routes/.!85654!admin-messages.test.ts,functions/src/stripe-webhook-api/types/.!85654!services.ts,functions/src/stripe-webhook-api/services/.!85654!verify-signature.ts,functions/src/stripe-webhook-api/services/.!85654!check-idempotency.ts,functions/src/admin-members-api/services/.!85654!firestore-helpers.ts,functions/src/admin-members-api/schemas/.!85654!member-schemas.ts,functions/src/admin-messages-api/services/.!85654!update-message.ts,functions/src/scripts/.!85654!fix-unclaimed-profile-slugs.ts,functions/src/stripe-webhook-api/utils/.!85654!create-stripe-member-document.ts,functions/src/scripts/.!85654!test-stripe-webhook.ts,functions/src/admin-members-api/routes/.!85654!update-member.test.ts,functions/src/admin-members-api/services/.!85654!list-members.ts,functions/src/admin-messages-api/services/.!85654!index.ts,functions/src/admin-unclaimed-profiles-api/routes/.!85654!list-unclaimed-profiles.test.ts,functions/src/members-api/routes/.!85654!verify-email.test.ts,functions/src/admin-unclaimed-profiles-api/routes/.!85654!delete-unclaimed-profile.test.ts,functions/src/members-api/services/newsletter/.!85654!newsletter-service.ts,functions/src/stripe-webhook-api/.!85654!handler.ts,functions/src/admin-members-api/plugins/.!85654!admin-members-plugin.ts,functions/src/admin-messages-api/schemas/.!85654!message-schemas.ts,functions/src/members-api/.!85654!fix-types.ts,functions/src/admin-messages-api/.!85654!app.ts,functions/src/stripe-webhook-api/services/.!85654!cancel-stripe-subscription.ts,functions/src/admin-members-api/routes/.!85654!health.ts,functions/src/admin-messages-api/services/.!85654!get-message.ts,functions/src/stripe-webhook-api/routes/.!85654!handle-webhook.test.ts,functions/src/members-api/routes/.!85654!cancel-membership.ts,functions/src/scripts/.!85654!sync-collection-to-emulator.ts,functions/src/profiles-api/routes/.!85654!upload-image.test.ts,functions/src/admin-unclaimed-profiles-api/services/.!85654!get-unclaimed-profile.ts,functions/src/members-api/routes/.!85654!health.ts,functions/src/admin-unclaimed-profiles-api/routes/.!85654!update-email.ts,functions/src/scripts/.!85654!import-subscribers.ts,functions/src/admin-members-api/services/.!85654!verify-member-exists.ts,functions/src/admin-messages-api/services/.!85654!interface.ts,functions/src/profiles-api/.!85654!handler.ts,functions/src/admin-unclaimed-profiles-api/services/.!85654!list-unclaimed-profiles.ts,functions/src/admin-members-api/routes/.!85654!route-handler-factory.ts,functions/src/profiles-api/test-utils/.!85654!create-profiles-test-plugin.ts,functions/src/admin-unclaimed-profiles-api/services/.!85654!refresh-payment-dates.ts,functions/src/admin-members-api/routes/.!85654!extend-membership.test.ts,functions/src/admin-members-api/routes/.!85654!index.ts,functions/src/admin-members-api/services/.!85654!update-member.ts,functions/src/admin-members-api/routes/.!85654!refund-membership.ts,functions/src/scripts/.!85654!seed-claim-test.ts,functions/src/admin-members-api/routes/.!85654!link-profile.test.ts,functions/src/members-api/.!85654!app.ts,functions/src/stripe-webhook-api/services/.!85654!interface.ts,functions/src/members-api/routes/.!85654!update-newsletter-preference.test.ts,functions/src/admin-unclaimed-profiles-api/.!85654!handler.ts,functions/src/members-api/routes/.!85654!health.test.ts,functions/src/admin-members-api/routes/.!85654!activate-membership.test.ts,functions/src/admin-unclaimed-profiles-api/test-utils/.!85654!create-admin-test-plugin.ts,functions/src/admin-unclaimed-profiles-api/routes/.!85654!update-email.test.ts,functions/src/admin-members-api/services/.!85654!link-profile.ts,functions/src/stripe-webhook-api/utils/.!85654!membership-dates.ts,functions/src/admin-unclaimed-profiles-api/schemas/.!85654!unclaimed-profile-schemas.ts,functions/src/admin-members-api/services/.!85654!clean-slate-delete.ts,functions/src/members-api/test-utils/.!85654!create-members-test-plugin.ts,functions/src/admin-unclaimed-profiles-api/services/.!85654!interface.ts,functions/src/admin-unclaimed-profiles-api/services/.!85654!update-email.ts,functions/src/members-api/routes/.!85654!update-newsletter-preference.ts,functions/src/stripe-webhook-api/.!85654!handler.test.ts,functions/src/admin-members-api/routes/.!85654!toggle-profile-draft.test.ts,functions/src/stripe-webhook-api/services/.!85654!build-refund-notification-email.ts,functions/src/scripts/.!85654!cleanup-test-data.ts,functions/src/profiles-api/routes/.!85654!delete-image.test.ts,functions/src/admin-members-api/services/.!85654!list-unlinked-profiles.ts,functions/src/admin-messages-api/routes/.!85654!index.ts,functions/src/admin-members-api/routes/.!85654!list-unlinked-profiles.ts,functions/src/admin-members-api/services/.!85654!activate-membership.ts,functions/src/members-api/types/.!85654!services.ts,functions/src/admin-messages-api/types/.!85654!services.ts,functions/src/admin-members-api/routes/.!85654!refund-membership.test.ts,functions/src/members-api/services/member/.!85654!member-service.ts,functions/src/profiles-api/routes/.!85654!create-profile.test.ts,functions/src/profiles-api/routes/.!85654!read-profile-by-slug.test.ts,functions/src/admin-members-api/routes/.!85654!get-member.ts,functions/src/admin-members-api/routes/.!85654!clean-slate-delete.test.ts,functions/src/admin-unclaimed-profiles-api/routes/.!85654!index.ts,functions/src/admin-members-api/routes/.!85654!list-members.test.ts,functions/src/stripe-webhook-api/services/.!85654!process-checkout-completed.ts,functions/src/profiles-api/routes/.!85654!write-profile.ts,functions/src/stripe-webhook-api/services/.!85654!index.ts,functions/src/profiles-api/routes/.!85654!claim-profile.ts,functions/src/forms-api/routes/.!85654!handle-contact-form.ts,functions/src/forms-api/services/recaptcha/.!85654!index.ts,functions/src/admin-match-requests-api/services/.!85654!update-match-request.ts,functions/src/profiles-api/services/profile-store/.!85654!draft-profile.ts,functions/src/admin-match-requests-api/routes/.!85654!update-match-request.ts,functions/src/profile-webhook-api/test-utils/.!85654!create-profile-webhook-test-plugin.ts,functions/src/profiles-api/routes/.!85654!health.ts,functions/src/profile-webhook-api/routes/.!85654!handle-webhook.test.ts,functions/src/profiles-api/services/profile-store/.!85654!delete-profile.ts,functions/src/.!85654!index.ts,functions/src/profile-webhook-api/types/.!85654!services.ts,functions/src/profile-webhook-api/services/.!85654!send-notification-email.ts,functions/src/forms-api/.!85654!app.ts,functions/src/admin-match-requests-api/routes/.!85654!update-match-request.test.ts,functions/src/profiles-api/routes/.!85654!set-slug.ts,functions/src/profiles-api/services/imagekit/.!85654!delete-profile-image.ts,functions/src/profiles-api/services/profile-store/.!85654!interface.ts,functions/src/admin-match-requests-api/services/.!85654!index.ts,functions/src/profiles-api/services/profile-store/.!85654!create-profile.ts,functions/src/profiles-api/services/firestore/.!85654!interface.ts,functions/src/profiles-api/services/member/.!85654!index.ts,functions/src/profiles-api/routes/.!85654!check-slug-available.test.ts,functions/src/forms-api/services/recaptcha/.!85654!interface.ts,functions/src/forms-api/services/.!85654!build-doula-match-notification.ts,functions/src/admin-match-requests-api/plugins/.!85654!admin-match-requests-plugin.ts,functions/src/profiles-api/services/profile-store/.!85654!get-octokit.ts,functions/src/profiles-api/routes/.!85654!create-profile.ts,functions/src/profile-webhook-api/services/.!85654!validate-payload.ts,functions/src/profile-webhook-api/services/.!85654!interface.ts,functions/src/profile-webhook-api/.!85654!app.ts,functions/src/profile-webhook-api/services/.!85654!index.ts,functions/src/profile-webhook-api/plugins/.!85654!profile-webhook-plugin.ts,functions/src/profile-webhook-api/.!85654!handler.ts,functions/src/admin-match-requests-api/routes/.!85654!get-match-request.test.ts,functions/src/profiles-api/routes/.!85654!health.test.ts,functions/src/profiles-api/services/firestore/.!85654!index.ts,functions/src/profile-webhook-api/services/.!85654!find-member-by-slug.ts,functions/src/profiles-api/routes/.!85654!set-slug.test.ts,functions/src/admin-match-requests-api/schemas/.!85654!match-request-schemas.ts,functions/src/admin-match-requests-api/routes/.!85654!get-match-request.ts,functions/src/profile-webhook-api/services/.!85654!types.ts,functions/src/profiles-api/services/profile-store/.!85654!write-profile.ts,functions/src/admin-match-requests-api/test-utils/.!85654!create-admin-test-plugin.ts,functions/src/admin-match-requests-api/services/.!85654!list-match-requests.ts,functions/src/admin-match-requests-api/routes/.!85654!index.ts,functions/src/profiles-api/services/auth-update/.!85654!index.ts,functions/src/forms-api/schemas/.!85654!form-response-schemas.ts,functions/src/forms-api/routes/.!85654!handle-contact-form.test.ts,functions/src/profile-webhook-api/services/.!85654!verify-secret.ts,functions/src/forms-api/services/form-storage/.!85654!index.ts,functions/src/forms-api/plugins/.!85654!contact-us-form-plugin.ts,functions/src/admin-match-requests-api/.!85654!app.ts,functions/src/forms-api/types/.!85654!services.ts,functions/src/profile-webhook-api/routes/.!85654!handle-webhook.ts,functions/src/forms-api/services/form-storage/.!85654!save-contact-form.ts,functions/src/admin-match-requests-api/routes/.!85654!list-match-requests.test.ts,functions/src/profiles-api/routes/.!85654!delete-image.ts,functions/src/profiles-api/services/profile-store/.!85654!trigger-rebuild.ts,functions/src/profiles-api/routes/.!85654!index.ts,functions/src/profiles-api/services/profile-store/.!85654!index.ts,functions/src/profile-webhook-api/schemas/.!85654!profile-webhook-schemas.ts,functions/src/forms-api/routes/.!85654!handle-match-form.test.ts,functions/src/forms-api/services/form-storage/.!85654!save-match-request.ts,functions/src/profiles-api/routes/.!85654!upload-image.ts,functions/src/profiles-api/routes/.!85654!imagekit-auth.test.ts,functions/src/forms-api/test-utils/.!85654!create-forms-test-plugins.ts,functions/src/forms-api/services/.!85654!build-contact-form-notification.ts,functions/src/admin-match-requests-api/services/.!85654!get-match-request.ts,functions/src/forms-api/plugins/.!85654!doula-match-form-plugin.ts,functions/src/profiles-api/services/auth-update/.!85654!interface.ts,functions/src/forms-api/services/form-storage/.!85654!interface.ts,functions/src/forms-api/.!85654!handler.ts,functions/src/admin-match-requests-api/routes/.!85654!list-match-requests.ts,functions/src/forms-api/services/recaptcha/.!85654!verify-token.ts,functions/src/forms-api/routes/.!85654!handle-match-form.ts,functions/src/profiles-api/services/member/.!85654!interface.ts,functions/src/profiles-api/routes/.!85654!profile-route-handler-factory.ts,functions/src/forms-api/services/recaptcha/.!85654!types.ts,functions/src/admin-match-requests-api/types/.!85654!services.ts,functions/src/admin-match-requests-api/services/.!85654!interface.ts,functions/src/admin-match-requests-api/.!85654!handler.ts,functions/src/profiles-api/services/profile-store/.!85654!read-profile.ts,functions/src/forms-api/services/form-storage/.!85654!types.ts
[NX v22.5.4 Daemon Server] - 2026-03-16T15:30:23.115Z - Time taken for 'hash changed files from watcher' 13.95445799920708ms
Time for 'nx/js/dependencies-and-lockfile:createNodes' 2.833541000261903
Time for 'plugin worker 85657 code loading' 3.2899589999999996
Time for 'plugin worker 85656 code loading' 3.135167000000001
Time for 'plugin worker 85655 code loading' 3.2033330000000007
Time for 'plugin worker 85659 code loading' 2.873958
Time for 'plugin worker 85658 code loading' 3.2461249999999993
[NX v22.5.4 Daemon Server] - 2026-03-16T15:30:23.136Z - Time taken for 'start-plugin-worker:nx/core/package-json' 21.744665999896824ms
[NX v22.5.4 Daemon Server] - 2026-03-16T15:30:23.145Z - Time taken for 'start-plugin-worker:@nx/eslint/plugin' 31.684999999590218ms
Time for 'nx/core/package-json:createNodes' 2.266834000000003
[NX v22.5.4 Daemon Server] - 2026-03-16T15:30:23.257Z - Established a connection. Number of open connections: 1
[NX v22.5.4 Daemon Server] - 2026-03-16T15:30:23.257Z - Closed a connection. Number of open connections: 0
[NX v22.5.4 Daemon Server] - 2026-03-16T15:30:23.257Z - Established a connection. Number of open connections: 1
[NX v22.5.4 Daemon Client] - 2026-03-16T15:30:23.257Z - [Messenger] Setting up socket listeners
[NX v22.5.4 Daemon Client] - 2026-03-16T15:30:23.258Z - [Messenger] listen() complete
[NX v22.5.4 Daemon Client] - 2026-03-16T15:30:23.258Z - [Messenger] Sending message type: HASH_MULTI_GLOB
[NX v22.5.4 Daemon Client] - 2026-03-16T15:30:23.258Z - [Messenger] Message sent
Time for 'daemon-message-serialization-HASH_MULTI_GLOB' 0.08795800000001464
[NX v22.5.4 Daemon Server] - 2026-03-16T15:30:23.265Z - Received raw message of length 50
[NX v22.5.4 Daemon Server] - 2026-03-16T15:30:23.265Z - Received json message of type HASH_MULTI_GLOB
[NX v22.5.4 Daemon Server] - 2026-03-16T15:30:23.266Z - Serializing response for HASH_GLOB message in json mode
[NX v22.5.4 Daemon Server] - 2026-03-16T15:30:23.266Z - Responding to HASH_GLOB message
[NX v22.5.4 Daemon Server] - 2026-03-16T15:30:23.266Z - [REQUEST]: Responding to the client. handleHashMultiGlob
[NX v22.5.4 Daemon Server] - 2026-03-16T15:30:23.266Z - Done responding to the client handleHashMultiGlob
[NX v22.5.4 Daemon Server] - 2026-03-16T15:30:23.266Z - Handled json message HASH_GLOB. Handling time: 1. Response time: 0.
[NX v22.5.4 Daemon Client] - 2026-03-16T15:30:23.266Z - [Messenger] Received message, length: 24
[NX v22.5.4 Daemon Server] - 2026-03-16T15:30:23.274Z - Established a connection. Number of open connections: 2
[NX v22.5.4 Daemon Server] - 2026-03-16T15:30:23.274Z - Closed a connection. Number of open connections: 1
[NX v22.5.4 Daemon Server] - 2026-03-16T15:30:23.274Z - Established a connection. Number of open connections: 2
[NX v22.5.4 Daemon Client] - 2026-03-16T15:30:23.274Z - [Messenger] Setting up socket listeners
[NX v22.5.4 Daemon Client] - 2026-03-16T15:30:23.275Z - [Messenger] listen() complete
[NX v22.5.4 Daemon Client] - 2026-03-16T15:30:23.275Z - [Messenger] Sending message type: GLOB
[NX v22.5.4 Daemon Client] - 2026-03-16T15:30:23.275Z - [Messenger] Message sent
Time for 'daemon-message-serialization-GLOB' 0.0978330000000085
[NX v22.5.4 Daemon Server] - 2026-03-16T15:30:23.284Z - Received raw message of length 73
[NX v22.5.4 Daemon Server] - 2026-03-16T15:30:23.284Z - Received json message of type GLOB
[NX v22.5.4 Daemon Server] - 2026-03-16T15:30:23.284Z - Serializing response for GLOB message in json mode
[NX v22.5.4 Daemon Server] - 2026-03-16T15:30:23.284Z - Responding to GLOB message
[NX v22.5.4 Daemon Server] - 2026-03-16T15:30:23.284Z - [REQUEST]: Responding to the client. handleGlob
[NX v22.5.4 Daemon Server] - 2026-03-16T15:30:23.285Z - Done responding to the client handleGlob
[NX v22.5.4 Daemon Server] - 2026-03-16T15:30:23.285Z - Handled json message GLOB. Handling time: 0. Response time: 1.
[NX v22.5.4 Daemon Client] - 2026-03-16T15:30:23.285Z - [Messenger] Received message, length: 28246
[NX v22.5.4 Daemon Client] - 2026-03-16T15:30:23.286Z - [Messenger] Sending message type: HASH_MULTI_GLOB
[NX v22.5.4 Daemon Client] - 2026-03-16T15:30:23.286Z - [Messenger] Message sent
[NX v22.5.4 Daemon Server] - 2026-03-16T15:30:23.286Z - Received raw message of length 429
[NX v22.5.4 Daemon Server] - 2026-03-16T15:30:23.286Z - Received json message of type HASH_MULTI_GLOB
[NX v22.5.4 Daemon Server] - 2026-03-16T15:30:23.287Z - Serializing response for HASH_GLOB message in json mode
[NX v22.5.4 Daemon Server] - 2026-03-16T15:30:23.287Z - Responding to HASH_GLOB message
[NX v22.5.4 Daemon Server] - 2026-03-16T15:30:23.287Z - [REQUEST]: Responding to the client. handleHashMultiGlob
[NX v22.5.4 Daemon Server] - 2026-03-16T15:30:23.287Z - Done responding to the client handleHashMultiGlob
[NX v22.5.4 Daemon Server] - 2026-03-16T15:30:23.287Z - Handled json message HASH_GLOB. Handling time: 1. Response time: 0.
Time for 'GLOB round trip' 10.050958000000008
Time for 'deserialize daemon response - GLOB' 0.08970800000000168
Time for 'daemon-message-serialization-HASH_MULTI_GLOB' 0.011042000000003327
[NX v22.5.4 Daemon Client] - 2026-03-16T15:30:23.287Z - [Messenger] Received message, length: 134
[NX v22.5.4 Daemon Server] - 2026-03-16T15:30:23.291Z - Closed a connection. Number of open connections: 1
Time for 'HASH_MULTI_GLOB round trip' 1.4562500000000114
Time for 'deserialize daemon response - HASH_MULTI_GLOB' 0.009166999999990821
[baseline-browser-mapping] The data in this module is over two months old.  To ensure accurate Baseline data, please update: `npm i baseline-browser-mapping@latest -D`
[NX v22.5.4 Daemon Server] - 2026-03-16T15:30:23.674Z - Time taken for 'build-project-configs' 556.3871250003576ms
[NX v22.5.4 Daemon Server] - 2026-03-16T15:30:23.679Z - Closed a connection. Number of open connections: 0
Time for 'build typescript dependencies' 17.51858299970627
[NX v22.5.4 Daemon Server] - 2026-03-16T15:30:23.704Z - [SYNC]: collect registered sync generators
[NX v22.5.4 Daemon Server] - 2026-03-16T15:30:23.704Z - [SYNC]: project graph hash is the same, not collecting task sync generators
[NX v22.5.4 Daemon Server] - 2026-03-16T15:30:23.704Z - [SYNC]: nx.json hash is the same, not collecting global sync generators
[NX v22.5.4 Daemon Server] - 2026-03-16T15:30:23.704Z - Time taken for 'total execution time for createProjectGraph()' 33.041000000201166ms
[NX v22.5.4 Daemon Server] - 2026-03-16T15:30:27.577Z - [WATCHER]: Processing file changes in outputs
[NX v22.5.4 Daemon Server] - 2026-03-16T15:30:27.579Z - [WATCHER]: 145 file(s) created or restored, 0 file(s) modified, 146 file(s) deleted
[NX v22.5.4 Daemon Server] - 2026-03-16T15:30:27.580Z - [SYNC]: clearing sync generators cache due to file changes
[NX v22.5.4 Daemon Server] - 2026-03-16T15:30:27.630Z - [WATCHER]: Processing file changes in outputs
[NX v22.5.4 Daemon Server] - 2026-03-16T15:30:27.631Z - [WATCHER]: 114 file(s) created or restored, 0 file(s) modified, 115 file(s) deleted
[NX v22.5.4 Daemon Server] - 2026-03-16T15:30:27.631Z - [SYNC]: clearing sync generators cache due to file changes
[NX v22.5.4 Daemon Server] - 2026-03-16T15:30:27.692Z - [REQUEST]: Updated workspace context based on watched changes, recomputing project graph...
[NX v22.5.4 Daemon Server] - 2026-03-16T15:30:27.692Z - [REQUEST]: functions/src/admin-members-api/test-utils/create-admin-test-plugin.ts,functions/src/members-api/routes/verify-email.ts,functions/src/stripe-webhook-api/handler.test.ts,functions/src/stripe-webhook-api/utils/create-new-member-document.ts,functions/src/admin-unclaimed-profiles-api/routes/refresh-payment-dates.test.ts,functions/src/members-api/routes/update-newsletter-preference.ts,functions/src/members-api/handler.test.ts,functions/src/members-api/routes/members.ts,functions/src/members-api/routes/verify-email.test.ts,functions/src/admin-members-api/routes/list-unlinked-profiles.test.ts,functions/src/stripe-webhook-api/test-utils/create-stripe-webhook-test-plugin.ts,functions/src/admin-members-api/services/read-profile.ts,functions/src/members-api/handler.ts,functions/src/admin-messages-api/routes/index.ts,functions/src/admin-members-api/routes/list-unlinked-profiles.ts,functions/src/members-api/services/member/member-service.ts,functions/src/admin-unclaimed-profiles-api/services/interface.ts,functions/src/admin-members-api/services/cancel-membership.ts,functions/src/members-api/services/member/interface.ts,functions/src/stripe-webhook-api/test-utils/stripe-mocks.ts,functions/src/admin-unclaimed-profiles-api/services/delete-unclaimed-profile.ts,functions/src/admin-members-api/schemas/member-schemas.ts,functions/src/members-api/services/verify-email/interface.ts,functions/src/admin-members-api/routes/update-claims.ts,functions/src/stripe-webhook-api/handler.ts,functions/src/admin-members-api/routes/list-members.test.ts,functions/src/admin-messages-api/test-utils/create-admin-test-plugin.ts,functions/src/admin-unclaimed-profiles-api/handler.ts,functions/src/admin-unclaimed-profiles-api/routes/admin-unclaimed-profiles.test.ts,functions/src/stripe-webhook-api/utils/membership-dates.ts,functions/src/scripts/sync-profile-timestamps.ts,functions/src/admin-unclaimed-profiles-api/routes/delete-unclaimed-profile.ts,functions/src/admin-messages-api/services/get-message.ts,functions/src/admin-messages-api/schemas/message-schemas.ts,functions/src/admin-members-api/services/extend-membership.ts,functions/src/admin-messages-api/services/index.ts,functions/src/admin-messages-api/routes/update-message.ts,functions/src/admin-messages-api/services/interface.ts,functions/src/admin-members-api/services/is-admin.ts,functions/src/admin-unclaimed-profiles-api/services/update-email.ts,functions/src/admin-unclaimed-profiles-api/routes/index.ts,functions/src/admin-members-api/routes/extend-membership.test.ts,functions/src/members-api/types/services.ts,functions/src/members-api/routes/members.test.ts,functions/src/admin-members-api/services/update-member.ts,functions/src/admin-unclaimed-profiles-api/test-utils/create-admin-test-plugin.ts,functions/src/members-api/test-utils/create-members-test-plugin.ts,functions/src/admin-members-api/routes/refund-membership.ts,functions/src/members-api/routes/cancel-membership.ts,functions/src/stripe-webhook-api/app.ts,functions/src/admin-members-api/routes/update-member.ts,functions/src/admin-messages-api/routes/list-messages.ts,functions/src/admin-unclaimed-profiles-api/routes/update-email.ts,functions/src/members-api/services/verify-email/verify-email-service.ts,functions/src/admin-members-api/services/refund-membership.ts,functions/src/stripe-webhook-api/utils/create-stripe-member-update.ts,functions/src/members-api/services/newsletter/newsletter-service.ts,functions/src/admin-members-api/services/interface.ts,functions/src/admin-members-api/routes/get-member.ts,functions/src/admin-members-api/services/firestore-helpers.ts,functions/src/admin-members-api/routes/update-claims.test.ts,functions/src/scripts/set-initial-admin.ts,functions/src/admin-unclaimed-profiles-api/routes/list-unclaimed-profiles.ts,functions/src/scripts/test-stripe-webhook.ts,functions/src/admin-members-api/services/clean-slate-delete.ts,functions/src/admin-members-api/routes/clean-slate-delete.test.ts,functions/src/admin-messages-api/services/update-message.ts,functions/src/admin-members-api/routes/update-member.test.ts,functions/src/members-api/app.ts,functions/src/admin-unclaimed-profiles-api/services/index.ts,functions/src/stripe-webhook-api/utils/index.ts,functions/src/members-api/routes/update-newsletter-preference.test.ts,functions/src/admin-unclaimed-profiles-api/services/list-unclaimed-profiles.ts,functions/src/scripts/import-subscribers.ts,functions/src/admin-members-api/routes/cancel-membership.test.ts,functions/src/admin-members-api/routes/toggle-profile-draft.ts,functions/src/admin-members-api/services/verify-member-exists.ts,functions/src/admin-unclaimed-profiles-api/services/refresh-payment-dates.ts,functions/src/admin-unclaimed-profiles-api/routes/refresh-payment-dates.ts,functions/src/admin-members-api/routes/toggle-profile-draft.test.ts,functions/src/admin-unclaimed-profiles-api/schemas/unclaimed-profile-schemas.ts,functions/src/scripts/sync-collection-to-emulator.ts,functions/src/admin-unclaimed-profiles-api/plugins/admin-unclaimed-profiles-plugin.ts,functions/src/admin-unclaimed-profiles-api/services/delete-unclaimed-profile.test.ts,functions/src/admin-unclaimed-profiles-api/services/get-unclaimed-profile.ts,functions/src/admin-members-api/routes/link-profile.test.ts,functions/src/stripe-webhook-api/utils/create-stripe-member-document.ts,functions/src/stripe-webhook-api/routes/handle-webhook.test.ts,functions/src/stripe-webhook-api/schemas/stripe-webhook-schemas.ts,functions/src/admin-unclaimed-profiles-api/types/services.ts,functions/src/admin-unclaimed-profiles-api/routes/list-unclaimed-profiles.test.ts,functions/src/stripe-webhook-api/types/services.ts,functions/src/admin-members-api/routes/activate-membership.ts,functions/src/admin-members-api/routes/health.ts,functions/src/admin-members-api/services/list-unlinked-profiles.ts,functions/src/admin-members-api/handler.ts,functions/src/scripts/seed-claim-test.ts,functions/src/admin-members-api/services/list-members.ts,functions/src/members-api/routes/update-member-name.ts,functions/src/admin-members-api/services/toggle-profile-draft.ts,functions/src/members-api/routes/cancel-membership.test.ts,functions/src/admin-members-api/routes/index.ts,functions/src/stripe-webhook-api/services/delete-stripe-customer.ts,functions/src/admin-members-api/routes/list-members.ts,functions/src/admin-members-api/routes/read-profile.test.ts,functions/src/scripts/cleanup-test-data.ts,functions/src/admin-members-api/routes/refund-membership.test.ts,functions/src/admin-members-api/types/services.ts,functions/src/members-api/routes/health.test.ts,functions/src/admin-members-api/plugins/admin-members-plugin.ts,functions/src/admin-unclaimed-profiles-api/app.ts,functions/src/scripts/fix-unclaimed-profile-slugs.ts,functions/src/admin-messages-api/app.ts,functions/src/admin-unclaimed-profiles-api/routes/update-email.test.ts,functions/src/admin-members-api/routes/get-member.test.ts,functions/src/admin-members-api/routes/route-handler-factory.ts,functions/src/members-api/schemas/member-schemas.ts,functions/src/admin-members-api/app.ts,functions/src/admin-members-api/routes/clean-slate-delete.ts,functions/src/admin-members-api/services/link-profile.ts,functions/src/members-api/services/newsletter/interface.ts,functions/src/admin-messages-api/types/services.ts,functions/src/admin-messages-api/handler.ts,functions/src/admin-members-api/services/index.ts,functions/src/admin-members-api/routes/link-profile.ts,functions/src/admin-members-api/routes/extend-membership.ts,functions/src/stripe-webhook-api/plugins/stripe-webhook-plugin.ts,functions/src/members-api/types/route-context.ts,functions/src/admin-unclaimed-profiles-api/routes/get-unclaimed-profile.test.ts,functions/src/admin-members-api/routes/activate-membership.test.ts,functions/src/admin-messages-api/routes/admin-messages.test.ts,functions/src/admin-messages-api/services/list-messages.ts,functions/src/admin-members-api/routes/cancel-membership.ts,functions/src/members-api/routes/health.ts,functions/src/stripe-webhook-api/routes/handle-webhook.ts,functions/src/members-api/fix-types.ts,functions/src/admin-messages-api/routes/get-message.ts,functions/src/members-api/routes/update-member-name.test.ts,functions/src/admin-members-api/services/activate-membership.ts,functions/src/admin-members-api/routes/read-profile.ts,functions/src/admin-members-api/services/update-claims.ts,functions/src/admin-unclaimed-profiles-api/routes/get-unclaimed-profile.ts,functions/src/admin-messages-api/plugins/admin-messages-plugin.ts,functions/src/admin-unclaimed-profiles-api/routes/delete-unclaimed-profile.test.ts,functions/src/members-api/plugins/members-plugin.ts,functions/src/profiles-api/routes/profile-route-handler-factory.ts,functions/src/profile-webhook-api/test-utils/create-profile-webhook-test-plugin.ts,functions/src/forms-api/services/recaptcha/interface.ts,functions/src/profiles-api/services/profile-store/write-profile.ts,functions/src/profiles-api/services/profile-store/draft-profile.ts,functions/src/stripe-webhook-api/services/process-refund-actions.ts,functions/src/profiles-api/services/profile-store/create-profile.ts,functions/src/admin-match-requests-api/handler.ts,functions/src/profiles-api/routes/read-profile-by-slug.ts,functions/src/profiles-api/routes/imagekit-auth.test.ts,functions/src/profile-webhook-api/services/types.ts,functions/src/admin-match-requests-api/routes/get-match-request.ts,functions/src/profiles-api/services/firestore/interface.ts,functions/src/forms-api/services/recaptcha/verify-token.ts,functions/src/profiles-api/routes/check-slug-available.ts,functions/src/profiles-api/services/profile-store/read-profile.ts,functions/src/profile-webhook-api/services/index.ts,functions/src/forms-api/services/recaptcha/types.ts,functions/src/profiles-api/services/auth-update/interface.ts,functions/src/profiles-api/routes/claim-profile.test.ts,functions/src/forms-api/services/build-contact-form-notification.ts,functions/src/forms-api/routes/handle-match-form.test.ts,functions/src/forms-api/services/form-storage/save-contact-form.ts,functions/src/forms-api/services/form-storage/save-match-request.ts,functions/src/profiles-api/services/member/index.ts,functions/src/profile-webhook-api/plugins/profile-webhook-plugin.ts,functions/src/forms-api/routes/handle-contact-form.ts,functions/src/profiles-api/services/auth-update/index.ts,functions/src/profiles-api/utils/imagekit-client.ts,functions/src/forms-api/services/recaptcha/index.ts,functions/src/profiles-api/app.ts,functions/src/profiles-api/services/firestore/index.ts,functions/src/stripe-webhook-api/services/process-subscription-ended.ts,functions/src/profiles-api/routes/create-profile.test.ts,functions/src/forms-api/schemas/form-response-schemas.ts,functions/src/profile-webhook-api/services/send-notification-email.ts,functions/src/forms-api/plugins/contact-us-form-plugin.ts,functions/src/stripe-webhook-api/services/process-charge-refunded.ts,functions/src/profiles-api/routes/write-profile.ts,functions/src/admin-match-requests-api/routes/list-match-requests.ts,functions/src/forms-api/handler.ts,functions/src/forms-api/plugins/doula-match-form-plugin.ts,functions/src/stripe-webhook-api/services/build-refund-notification-email.ts,functions/src/profiles-api/services/profile-store/get-octokit.ts,functions/src/profile-webhook-api/services/interface.ts,functions/src/stripe-webhook-api/services/check-idempotency.ts,functions/src/forms-api/services/build-doula-match-notification.ts,functions/src/profiles-api/services/profile-store/interface.ts,functions/src/profile-webhook-api/routes/handle-webhook.ts,functions/src/forms-api/routes/handle-contact-form.test.ts,functions/src/stripe-webhook-api/services/cancel-stripe-subscription.ts,functions/src/forms-api/services/form-storage/interface.ts,functions/src/stripe-webhook-api/services/verify-signature.ts,functions/src/profile-webhook-api/routes/handle-webhook.test.ts,functions/src/profiles-api/services/member/interface.ts,functions/src/profiles-api/services/profile-store/index.ts,functions/src/stripe-webhook-api/services/process-subscription-updated.ts,functions/src/stripe-webhook-api/services/index.ts,functions/src/forms-api/test-utils/create-forms-test-plugins.ts,functions/src/profiles-api/types/services.ts,functions/src/profile-webhook-api/handler.ts,functions/src/profiles-api/test-utils/create-profiles-test-plugin.ts,functions/src/profiles-api/routes/health.test.ts,functions/src/admin-match-requests-api/routes/update-match-request.test.ts,functions/src/index.ts,functions/src/profile-webhook-api/app.ts,functions/src/profile-webhook-api/services/find-member-by-slug.ts,functions/src/profile-webhook-api/types/services.ts,functions/src/profiles-api/routes/delete-image.ts,functions/src/profiles-api/routes/check-slug-available.test.ts,functions/src/admin-match-requests-api/routes/update-match-request.ts,functions/src/profiles-api/routes/set-slug.ts,functions/src/profiles-api/services/profile-store/trigger-rebuild.ts,functions/src/forms-api/app.ts,functions/src/profiles-api/services/imagekit/delete-profile-image.ts,functions/src/profiles-api/routes/set-slug.test.ts,functions/src/stripe-webhook-api/services/interface.ts,functions/src/stripe-webhook-api/services/process-checkout-completed.ts,functions/src/admin-match-requests-api/services/get-match-request.ts,functions/src/admin-match-requests-api/test-utils/create-admin-test-plugin.ts,functions/src/forms-api/services/form-storage/index.ts,functions/src/profiles-api/routes/upload-image.test.ts,functions/src/admin-match-requests-api/app.ts,functions/src/profiles-api/routes/read-profile-by-slug.test.ts,functions/src/forms-api/routes/handle-match-form.ts,functions/src/admin-match-requests-api/routes/get-match-request.test.ts,functions/src/admin-match-requests-api/types/services.ts,functions/src/profiles-api/routes/upload-image.ts,functions/src/admin-match-requests-api/routes/index.ts,functions/src/profiles-api/plugins/profiles-plugin.ts,functions/src/profile-webhook-api/services/verify-secret.ts,functions/src/admin-match-requests-api/plugins/admin-match-requests-plugin.ts,functions/src/admin-match-requests-api/services/index.ts,functions/src/profiles-api/routes/write-profile.test.ts,functions/src/profiles-api/routes/health.ts,functions/src/profile-webhook-api/services/validate-payload.ts,functions/src/admin-match-requests-api/services/interface.ts,functions/src/profiles-api/routes/imagekit-auth.ts,functions/src/stripe-webhook-api/services/mark-event-processed.ts,functions/src/profiles-api/routes/create-profile.ts,functions/src/forms-api/types/services.ts,functions/src/admin-match-requests-api/schemas/match-request-schemas.ts,functions/src/admin-match-requests-api/services/list-match-requests.ts,functions/src/profiles-api/handler.ts,functions/src/profiles-api/routes/index.ts,functions/src/profiles-api/routes/delete-image.test.ts,functions/src/profiles-api/routes/claim-profile.ts,functions/src/forms-api/services/form-storage/types.ts,functions/src/stripe-webhook-api/services/cancel-stripe-subscription-at-period-end.ts,functions/src/profiles-api/services/profile-store/delete-profile.ts,functions/src/stripe-webhook-api/services/find-member-by-stripe-customer.ts,functions/src/admin-match-requests-api/routes/list-match-requests.test.ts,functions/src/profile-webhook-api/schemas/profile-webhook-schemas.ts,functions/src/profiles-api/schemas/profile-schemas.ts
[NX v22.5.4 Daemon Server] - 2026-03-16T15:30:27.692Z - [REQUEST]: functions/src/admin-messages-api/plugins/.!86765!admin-messages-plugin.ts,functions/src/admin-messages-api/services/.!86765!get-message.ts,functions/src/admin-members-api/routes/.!86765!toggle-profile-draft.ts,functions/src/admin-unclaimed-profiles-api/schemas/.!86765!unclaimed-profile-schemas.ts,functions/src/admin-messages-api/routes/.!86765!get-message.ts,functions/src/admin-members-api/services/.!86765!firestore-helpers.ts,functions/src/admin-messages-api/services/.!86765!update-message.ts,functions/src/admin-members-api/routes/.!86765!extend-membership.ts,functions/src/admin-members-api/routes/.!86765!clean-slate-delete.test.ts,functions/src/admin-members-api/routes/.!86765!update-member.test.ts,functions/src/stripe-webhook-api/services/.!86765!delete-stripe-customer.ts,functions/src/admin-messages-api/types/.!86765!services.ts,functions/src/admin-members-api/routes/.!86765!update-member.ts,functions/src/admin-members-api/routes/.!86765!read-profile.test.ts,functions/src/members-api/routes/.!86765!health.test.ts,functions/src/admin-messages-api/.!86765!handler.ts,functions/src/members-api/services/member/.!86765!interface.ts,functions/src/admin-members-api/services/.!86765!link-profile.ts,functions/src/admin-members-api/routes/.!86765!read-profile.ts,functions/src/admin-unclaimed-profiles-api/routes/.!86765!list-unclaimed-profiles.test.ts,functions/src/admin-members-api/routes/.!86765!get-member.ts,functions/src/admin-members-api/services/.!86765!list-unlinked-profiles.ts,functions/src/members-api/routes/.!86765!cancel-membership.ts,functions/src/stripe-webhook-api/utils/.!86765!create-stripe-member-document.ts,functions/src/admin-members-api/routes/.!86765!activate-membership.ts,functions/src/scripts/.!86765!seed-claim-test.ts,functions/src/admin-messages-api/services/.!86765!list-messages.ts,functions/src/scripts/.!86765!test-stripe-webhook.ts,functions/src/admin-unclaimed-profiles-api/services/.!86765!delete-unclaimed-profile.test.ts,functions/src/admin-members-api/routes/.!86765!route-handler-factory.ts,functions/src/members-api/types/.!86765!services.ts,functions/src/members-api/routes/.!86765!update-member-name.ts,functions/src/admin-unclaimed-profiles-api/routes/.!86765!update-email.ts,functions/src/admin-unclaimed-profiles-api/routes/.!86765!get-unclaimed-profile.ts,functions/src/stripe-webhook-api/schemas/.!86765!stripe-webhook-schemas.ts,functions/src/admin-members-api/services/.!86765!update-claims.ts,functions/src/admin-unclaimed-profiles-api/routes/.!86765!list-unclaimed-profiles.ts,functions/src/admin-members-api/routes/.!86765!cancel-membership.test.ts,functions/src/members-api/services/member/.!86765!member-service.ts,functions/src/stripe-webhook-api/utils/.!86765!create-stripe-member-update.ts,functions/src/admin-messages-api/schemas/.!86765!message-schemas.ts,functions/src/members-api/.!86765!fix-types.ts,functions/src/admin-members-api/routes/.!86765!list-unlinked-profiles.test.ts,functions/src/admin-unclaimed-profiles-api/services/.!86765!interface.ts,functions/src/stripe-webhook-api/test-utils/.!86765!stripe-mocks.ts,functions/src/members-api/.!86765!handler.ts,functions/src/members-api/services/newsletter/.!86765!newsletter-service.ts,functions/src/admin-members-api/services/.!86765!clean-slate-delete.ts,functions/src/admin-unclaimed-profiles-api/routes/.!86765!index.ts,functions/src/admin-unclaimed-profiles-api/services/.!86765!index.ts,functions/src/admin-messages-api/test-utils/.!86765!create-admin-test-plugin.ts,functions/src/admin-unclaimed-profiles-api/routes/.!86765!admin-unclaimed-profiles.test.ts,functions/src/members-api/plugins/.!86765!members-plugin.ts,functions/src/members-api/services/newsletter/.!86765!interface.ts,functions/src/scripts/.!86765!cleanup-test-data.ts,functions/src/admin-members-api/.!86765!app.ts,functions/src/stripe-webhook-api/services/.!86765!process-checkout-completed.ts,functions/src/admin-members-api/routes/.!86765!refund-membership.test.ts,functions/src/members-api/routes/.!86765!members.ts,functions/src/members-api/routes/.!86765!cancel-membership.test.ts,functions/src/admin-unclaimed-profiles-api/routes/.!86765!refresh-payment-dates.ts,functions/src/stripe-webhook-api/.!86765!handler.ts,functions/src/stripe-webhook-api/types/.!86765!services.ts,functions/src/scripts/.!86765!set-initial-admin.ts,functions/src/members-api/types/.!86765!route-context.ts,functions/src/members-api/services/verify-email/.!86765!verify-email-service.ts,functions/src/admin-members-api/services/.!86765!extend-membership.ts,functions/src/admin-unclaimed-profiles-api/types/.!86765!services.ts,functions/src/scripts/.!86765!sync-collection-to-emulator.ts,functions/src/admin-members-api/services/.!86765!read-profile.ts,functions/src/admin-unclaimed-profiles-api/plugins/.!86765!admin-unclaimed-profiles-plugin.ts,functions/src/admin-members-api/test-utils/.!86765!create-admin-test-plugin.ts,functions/src/members-api/.!86765!handler.test.ts,functions/src/members-api/.!86765!app.ts,functions/src/admin-members-api/routes/.!86765!link-profile.test.ts,functions/src/admin-members-api/routes/.!86765!link-profile.ts,functions/src/scripts/.!86765!import-subscribers.ts,functions/src/members-api/routes/.!86765!verify-email.test.ts,functions/src/admin-messages-api/services/.!86765!interface.ts,functions/src/admin-messages-api/routes/.!86765!index.ts,functions/src/admin-unclaimed-profiles-api/.!86765!app.ts,functions/src/admin-unclaimed-profiles-api/routes/.!86765!refresh-payment-dates.test.ts,functions/src/admin-unclaimed-profiles-api/routes/.!86765!delete-unclaimed-profile.test.ts,functions/src/stripe-webhook-api/routes/.!86765!handle-webhook.test.ts,functions/src/stripe-webhook-api/routes/.!86765!handle-webhook.ts,functions/src/admin-members-api/routes/.!86765!clean-slate-delete.ts,functions/src/admin-messages-api/routes/.!86765!update-message.ts,functions/src/members-api/routes/.!86765!members.test.ts,functions/src/stripe-webhook-api/utils/.!86765!index.ts,functions/src/admin-members-api/routes/.!86765!update-claims.test.ts,functions/src/stripe-webhook-api/.!86765!app.ts,functions/src/scripts/.!86765!sync-profile-timestamps.ts,functions/src/stripe-webhook-api/utils/.!86765!create-new-member-document.ts,functions/src/stripe-webhook-api/.!86765!handler.test.ts,functions/src/admin-messages-api/.!86765!app.ts,functions/src/admin-members-api/routes/.!86765!list-unlinked-profiles.ts,functions/src/admin-members-api/services/.!86765!activate-membership.ts,functions/src/admin-unclaimed-profiles-api/test-utils/.!86765!create-admin-test-plugin.ts,functions/src/admin-members-api/routes/.!86765!list-members.test.ts,functions/src/admin-members-api/plugins/.!86765!admin-members-plugin.ts,functions/src/admin-members-api/schemas/.!86765!member-schemas.ts,functions/src/admin-members-api/routes/.!86765!toggle-profile-draft.test.ts,functions/src/admin-members-api/services/.!86765!update-member.ts,functions/src/members-api/routes/.!86765!update-newsletter-preference.test.ts,functions/src/admin-messages-api/routes/.!86765!admin-messages.test.ts,functions/src/admin-members-api/routes/.!86765!health.ts,functions/src/stripe-webhook-api/utils/.!86765!membership-dates.ts,functions/src/admin-members-api/routes/.!86765!index.ts,functions/src/admin-members-api/services/.!86765!refund-membership.ts,functions/src/admin-members-api/types/.!86765!services.ts,functions/src/admin-members-api/routes/.!86765!cancel-membership.ts,functions/src/admin-unclaimed-profiles-api/services/.!86765!refresh-payment-dates.ts,functions/src/admin-unclaimed-profiles-api/services/.!86765!update-email.ts,functions/src/admin-members-api/services/.!86765!list-members.ts,functions/src/members-api/test-utils/.!86765!create-members-test-plugin.ts,functions/src/admin-members-api/services/.!86765!interface.ts,functions/src/scripts/.!86765!fix-unclaimed-profile-slugs.ts,functions/src/admin-members-api/routes/.!86765!list-members.ts,functions/src/admin-members-api/services/.!86765!cancel-membership.ts,functions/src/members-api/routes/.!86765!update-newsletter-preference.ts,functions/src/admin-members-api/services/.!86765!index.ts,functions/src/members-api/routes/.!86765!health.ts,functions/src/admin-unclaimed-profiles-api/routes/.!86765!delete-unclaimed-profile.ts,functions/src/admin-members-api/routes/.!86765!refund-membership.ts,functions/src/admin-unclaimed-profiles-api/.!86765!handler.ts,functions/src/admin-messages-api/services/.!86765!index.ts,functions/src/stripe-webhook-api/test-utils/.!86765!create-stripe-webhook-test-plugin.ts,functions/src/admin-unclaimed-profiles-api/routes/.!86765!get-unclaimed-profile.test.ts,functions/src/admin-members-api/routes/.!86765!activate-membership.test.ts,functions/src/members-api/schemas/.!86765!member-schemas.ts,functions/src/admin-members-api/routes/.!86765!get-member.test.ts,functions/src/admin-messages-api/routes/.!86765!list-messages.ts,functions/src/admin-unclaimed-profiles-api/services/.!86765!list-unclaimed-profiles.ts,functions/src/admin-members-api/services/.!86765!is-admin.ts,functions/src/admin-members-api/.!86765!handler.ts,functions/src/admin-unclaimed-profiles-api/routes/.!86765!update-email.test.ts,functions/src/admin-members-api/routes/.!86765!update-claims.ts,functions/src/stripe-webhook-api/plugins/.!86765!stripe-webhook-plugin.ts,functions/src/members-api/routes/.!86765!verify-email.ts,functions/src/members-api/routes/.!86765!update-member-name.test.ts,functions/src/admin-members-api/services/.!86765!toggle-profile-draft.ts,functions/src/members-api/services/verify-email/.!86765!interface.ts,functions/src/admin-members-api/routes/.!86765!extend-membership.test.ts,functions/src/admin-unclaimed-profiles-api/services/.!86765!delete-unclaimed-profile.ts,functions/src/admin-members-api/services/.!86765!verify-member-exists.ts,functions/src/admin-unclaimed-profiles-api/services/.!86765!get-unclaimed-profile.ts,functions/src/admin-match-requests-api/.!86765!app.ts,functions/src/profile-webhook-api/services/.!86765!interface.ts,functions/src/profiles-api/routes/.!86765!set-slug.ts,functions/src/admin-match-requests-api/routes/.!86765!list-match-requests.ts,functions/src/profile-webhook-api/schemas/.!86765!profile-webhook-schemas.ts,functions/src/forms-api/services/form-storage/.!86765!types.ts,functions/src/profile-webhook-api/services/.!86765!find-member-by-slug.ts,functions/src/profiles-api/services/profile-store/.!86765!get-octokit.ts,functions/src/forms-api/services/form-storage/.!86765!save-match-request.ts,functions/src/stripe-webhook-api/services/.!86765!process-subscription-updated.ts,functions/src/stripe-webhook-api/services/.!86765!mark-event-processed.ts,functions/src/profiles-api/types/.!86765!services.ts,functions/src/profiles-api/services/profile-store/.!86765!read-profile.ts,functions/src/profiles-api/services/firestore/.!86765!interface.ts,functions/src/profiles-api/services/auth-update/.!86765!index.ts,functions/src/profiles-api/services/profile-store/.!86765!draft-profile.ts,functions/src/stripe-webhook-api/services/.!86765!index.ts,functions/src/forms-api/plugins/.!86765!contact-us-form-plugin.ts,functions/src/profile-webhook-api/services/.!86765!verify-secret.ts,functions/src/admin-match-requests-api/plugins/.!86765!admin-match-requests-plugin.ts,functions/src/profile-webhook-api/routes/.!86765!handle-webhook.ts,functions/src/admin-match-requests-api/routes/.!86765!get-match-request.ts,functions/src/admin-match-requests-api/test-utils/.!86765!create-admin-test-plugin.ts,functions/src/stripe-webhook-api/services/.!86765!cancel-stripe-subscription.ts,functions/src/admin-match-requests-api/services/.!86765!index.ts,functions/src/.!86765!index.ts,functions/src/admin-match-requests-api/routes/.!86765!get-match-request.test.ts,functions/src/profiles-api/routes/.!86765!write-profile.ts,functions/src/profiles-api/test-utils/.!86765!create-profiles-test-plugin.ts,functions/src/profiles-api/services/imagekit/.!86765!delete-profile-image.ts,functions/src/stripe-webhook-api/services/.!86765!find-member-by-stripe-customer.ts,functions/src/profiles-api/services/firestore/.!86765!index.ts,functions/src/profiles-api/routes/.!86765!claim-profile.test.ts,functions/src/profiles-api/services/profile-store/.!86765!trigger-rebuild.ts,functions/src/stripe-webhook-api/services/.!86765!verify-signature.ts,functions/src/profiles-api/services/profile-store/.!86765!interface.ts,functions/src/forms-api/test-utils/.!86765!create-forms-test-plugins.ts,functions/src/profile-webhook-api/.!86765!handler.ts,functions/src/admin-match-requests-api/.!86765!handler.ts,functions/src/profiles-api/routes/.!86765!read-profile-by-slug.ts,functions/src/profiles-api/routes/.!86765!create-profile.ts,functions/src/profiles-api/routes/.!86765!set-slug.test.ts,functions/src/forms-api/routes/.!86765!handle-contact-form.test.ts,functions/src/forms-api/services/form-storage/.!86765!interface.ts,functions/src/stripe-webhook-api/services/.!86765!check-idempotency.ts,functions/src/profiles-api/utils/.!86765!imagekit-client.ts,functions/src/profiles-api/routes/.!86765!check-slug-available.test.ts,functions/src/profile-webhook-api/services/.!86765!types.ts,functions/src/forms-api/services/recaptcha/.!86765!index.ts,functions/src/profile-webhook-api/test-utils/.!86765!create-profile-webhook-test-plugin.ts,functions/src/stripe-webhook-api/services/.!86765!build-refund-notification-email.ts,functions/src/profiles-api/schemas/.!86765!profile-schemas.ts,functions/src/forms-api/services/recaptcha/.!86765!verify-token.ts,functions/src/profiles-api/services/profile-store/.!86765!index.ts,functions/src/stripe-webhook-api/services/.!86765!interface.ts,functions/src/profiles-api/routes/.!86765!health.ts,functions/src/admin-match-requests-api/schemas/.!86765!match-request-schemas.ts,functions/src/stripe-webhook-api/services/.!86765!process-subscription-ended.ts,functions/src/admin-match-requests-api/routes/.!86765!update-match-request.test.ts,functions/src/profiles-api/routes/.!86765!write-profile.test.ts,functions/src/profiles-api/routes/.!86765!read-profile-by-slug.test.ts,functions/src/forms-api/.!86765!handler.ts,functions/src/profile-webhook-api/plugins/.!86765!profile-webhook-plugin.ts,functions/src/profiles-api/routes/.!86765!check-slug-available.ts,functions/src/forms-api/routes/.!86765!handle-match-form.ts,functions/src/forms-api/services/.!86765!build-doula-match-notification.ts,functions/src/admin-match-requests-api/routes/.!86765!list-match-requests.test.ts,functions/src/admin-match-requests-api/types/.!86765!services.ts,functions/src/profiles-api/services/auth-update/.!86765!interface.ts,functions/src/stripe-webhook-api/services/.!86765!process-charge-refunded.ts,functions/src/forms-api/schemas/.!86765!form-response-schemas.ts,functions/src/admin-match-requests-api/services/.!86765!list-match-requests.ts,functions/src/profiles-api/routes/.!86765!imagekit-auth.ts,functions/src/profiles-api/routes/.!86765!index.ts,functions/src/profile-webhook-api/services/.!86765!send-notification-email.ts,functions/src/admin-match-requests-api/routes/.!86765!update-match-request.ts,functions/src/profiles-api/routes/.!86765!claim-profile.ts,functions/src/forms-api/services/form-storage/.!86765!save-contact-form.ts,functions/src/profiles-api/.!86765!app.ts,functions/src/forms-api/services/recaptcha/.!86765!types.ts,functions/src/forms-api/routes/.!86765!handle-match-form.test.ts,functions/src/profile-webhook-api/types/.!86765!services.ts,functions/src/forms-api/plugins/.!86765!doula-match-form-plugin.ts,functions/src/forms-api/services/recaptcha/.!86765!interface.ts,functions/src/admin-match-requests-api/services/.!86765!get-match-request.ts,functions/src/admin-match-requests-api/routes/.!86765!index.ts,functions/src/profile-webhook-api/.!86765!app.ts,functions/src/profiles-api/.!86765!handler.ts,functions/src/profiles-api/services/profile-store/.!86765!create-profile.ts,functions/src/profile-webhook-api/services/.!86765!validate-payload.ts,functions/src/profiles-api/plugins/.!86765!profiles-plugin.ts,functions/src/profiles-api/routes/.!86765!imagekit-auth.test.ts,functions/src/forms-api/services/form-storage/.!86765!index.ts,functions/src/forms-api/types/.!86765!services.ts,functions/src/profiles-api/routes/.!86765!upload-image.ts,functions/src/forms-api/services/.!86765!build-contact-form-notification.ts,functions/src/profiles-api/routes/.!86765!profile-route-handler-factory.ts,functions/src/profiles-api/routes/.!86765!create-profile.test.ts,functions/src/profiles-api/routes/.!86765!delete-image.ts,functions/src/stripe-webhook-api/services/.!86765!cancel-stripe-subscription-at-period-end.ts,functions/src/profile-webhook-api/routes/.!86765!handle-webhook.test.ts,functions/src/profile-webhook-api/services/.!86765!index.ts,functions/src/profiles-api/routes/.!86765!upload-image.test.ts,functions/src/profiles-api/services/member/.!86765!index.ts,functions/src/forms-api/.!86765!app.ts,functions/src/stripe-webhook-api/services/.!86765!process-refund-actions.ts,functions/src/profiles-api/routes/.!86765!health.test.ts,functions/src/profiles-api/services/member/.!86765!interface.ts,functions/src/admin-match-requests-api/services/.!86765!update-match-request.ts,functions/src/profiles-api/routes/.!86765!delete-image.test.ts,functions/src/forms-api/routes/.!86765!handle-contact-form.ts,functions/src/admin-match-requests-api/services/.!86765!interface.ts,functions/src/profiles-api/services/profile-store/.!86765!delete-profile.ts,functions/src/profiles-api/services/profile-store/.!86765!write-profile.ts
[NX v22.5.4 Daemon Server] - 2026-03-16T15:30:27.697Z - [WATCHER]: 1 file(s) created or restored, 0 file(s) modified, 1 file(s) deleted
[NX v22.5.4 Daemon Server] - 2026-03-16T15:30:27.697Z - [SYNC]: clearing sync generators cache due to file changes
[NX v22.5.4 Daemon Server] - 2026-03-16T15:30:27.697Z - [WATCHER]: Processing file changes in outputs
[NX v22.5.4 Daemon Server] - 2026-03-16T15:30:27.697Z - Time taken for 'hash changed files from watcher' 11.84250000026077ms
Time for 'nx/js/dependencies-and-lockfile:createNodes' 3.2524580005556345
Time for 'plugin worker 86845 code loading' 3.711792000000001
Time for 'plugin worker 86844 code loading' 3.042041000000001
Time for 'plugin worker 86849 code loading' 4.444833000000001
Time for 'plugin worker 86847 code loading' 3.8135839999999988
Time for 'plugin worker 86846 code loading' 4.967542
[NX v22.5.4 Daemon Server] - 2026-03-16T15:30:27.726Z - Time taken for 'start-plugin-worker:@nx/eslint/plugin' 31.865124999545515ms
[NX v22.5.4 Daemon Server] - 2026-03-16T15:30:27.727Z - Time taken for 'start-plugin-worker:@nx/playwright/plugin' 32.53012499958277ms
[NX v22.5.4 Daemon Server] - 2026-03-16T15:30:27.810Z - [REQUEST]: Updated workspace context based on watched changes, recomputing project graph...
[NX v22.5.4 Daemon Server] - 2026-03-16T15:30:27.810Z - [REQUEST]: functions/src/admin-members-api/test-utils/create-admin-test-plugin.ts,functions/src/members-api/routes/verify-email.ts,functions/src/stripe-webhook-api/handler.test.ts,functions/src/stripe-webhook-api/utils/create-new-member-document.ts,functions/src/admin-unclaimed-profiles-api/routes/refresh-payment-dates.test.ts,functions/src/members-api/routes/update-newsletter-preference.ts,functions/src/members-api/handler.test.ts,functions/src/members-api/routes/members.ts,functions/src/members-api/routes/verify-email.test.ts,functions/src/admin-members-api/routes/list-unlinked-profiles.test.ts,functions/src/stripe-webhook-api/test-utils/create-stripe-webhook-test-plugin.ts,functions/src/admin-members-api/services/read-profile.ts,functions/src/members-api/handler.ts,functions/src/admin-messages-api/routes/index.ts,functions/src/admin-members-api/routes/list-unlinked-profiles.ts,functions/src/members-api/services/member/member-service.ts,functions/src/admin-unclaimed-profiles-api/services/interface.ts,functions/src/admin-members-api/services/cancel-membership.ts,functions/src/members-api/services/member/interface.ts,functions/src/stripe-webhook-api/test-utils/stripe-mocks.ts,functions/src/admin-unclaimed-profiles-api/services/delete-unclaimed-profile.ts,functions/src/admin-members-api/schemas/member-schemas.ts,functions/src/members-api/services/verify-email/interface.ts,functions/src/admin-members-api/routes/update-claims.ts,functions/src/stripe-webhook-api/handler.ts,functions/src/admin-members-api/routes/list-members.test.ts,functions/src/admin-messages-api/test-utils/create-admin-test-plugin.ts,functions/src/admin-unclaimed-profiles-api/handler.ts,functions/src/admin-unclaimed-profiles-api/routes/admin-unclaimed-profiles.test.ts,functions/src/stripe-webhook-api/utils/membership-dates.ts,functions/src/scripts/sync-profile-timestamps.ts,functions/src/admin-unclaimed-profiles-api/routes/delete-unclaimed-profile.ts,functions/src/admin-messages-api/services/get-message.ts,functions/src/admin-messages-api/schemas/message-schemas.ts,functions/src/admin-members-api/services/extend-membership.ts,functions/src/admin-messages-api/services/index.ts,functions/src/admin-messages-api/routes/update-message.ts,functions/src/admin-messages-api/services/interface.ts,functions/src/admin-members-api/services/is-admin.ts,functions/src/admin-unclaimed-profiles-api/services/update-email.ts,functions/src/admin-unclaimed-profiles-api/routes/index.ts,functions/src/admin-members-api/routes/extend-membership.test.ts,functions/src/members-api/types/services.ts,functions/src/members-api/routes/members.test.ts,functions/src/admin-members-api/services/update-member.ts,functions/src/admin-unclaimed-profiles-api/test-utils/create-admin-test-plugin.ts,functions/src/members-api/test-utils/create-members-test-plugin.ts,functions/src/admin-members-api/routes/refund-membership.ts,functions/src/members-api/routes/cancel-membership.ts,functions/src/stripe-webhook-api/app.ts,functions/src/admin-members-api/routes/update-member.ts,functions/src/admin-messages-api/routes/list-messages.ts,functions/src/admin-unclaimed-profiles-api/routes/update-email.ts,functions/src/members-api/services/verify-email/verify-email-service.ts,functions/src/admin-members-api/services/refund-membership.ts,functions/src/stripe-webhook-api/utils/create-stripe-member-update.ts,functions/src/members-api/services/newsletter/newsletter-service.ts,functions/src/admin-members-api/services/interface.ts,functions/src/admin-members-api/routes/get-member.ts,functions/src/admin-members-api/services/firestore-helpers.ts,functions/src/admin-members-api/routes/update-claims.test.ts,functions/src/scripts/set-initial-admin.ts,functions/src/admin-unclaimed-profiles-api/routes/list-unclaimed-profiles.ts,functions/src/scripts/test-stripe-webhook.ts,functions/src/admin-members-api/services/clean-slate-delete.ts,functions/src/admin-members-api/routes/clean-slate-delete.test.ts,functions/src/admin-messages-api/services/update-message.ts,functions/src/admin-members-api/routes/update-member.test.ts,functions/src/members-api/app.ts,functions/src/admin-unclaimed-profiles-api/services/index.ts,functions/src/stripe-webhook-api/utils/index.ts,functions/src/members-api/routes/update-newsletter-preference.test.ts,functions/src/admin-unclaimed-profiles-api/services/list-unclaimed-profiles.ts,functions/src/scripts/import-subscribers.ts,functions/src/admin-members-api/routes/cancel-membership.test.ts,functions/src/admin-members-api/routes/toggle-profile-draft.ts,functions/src/admin-members-api/services/verify-member-exists.ts,functions/src/admin-unclaimed-profiles-api/services/refresh-payment-dates.ts,functions/src/admin-unclaimed-profiles-api/routes/refresh-payment-dates.ts,functions/src/admin-members-api/routes/toggle-profile-draft.test.ts,functions/src/admin-unclaimed-profiles-api/schemas/unclaimed-profile-schemas.ts,functions/src/scripts/sync-collection-to-emulator.ts,functions/src/admin-unclaimed-profiles-api/plugins/admin-unclaimed-profiles-plugin.ts,functions/src/admin-unclaimed-profiles-api/services/delete-unclaimed-profile.test.ts,functions/src/admin-unclaimed-profiles-api/services/get-unclaimed-profile.ts,functions/src/admin-members-api/routes/link-profile.test.ts,functions/src/stripe-webhook-api/utils/create-stripe-member-document.ts,functions/src/stripe-webhook-api/routes/handle-webhook.test.ts,functions/src/stripe-webhook-api/schemas/stripe-webhook-schemas.ts,functions/src/admin-unclaimed-profiles-api/types/services.ts,functions/src/admin-unclaimed-profiles-api/routes/list-unclaimed-profiles.test.ts,functions/src/stripe-webhook-api/types/services.ts,functions/src/admin-members-api/routes/activate-membership.ts,functions/src/admin-members-api/routes/health.ts,functions/src/admin-members-api/services/list-unlinked-profiles.ts,functions/src/admin-members-api/handler.ts,functions/src/scripts/seed-claim-test.ts,functions/src/admin-members-api/services/list-members.ts,functions/src/members-api/routes/update-member-name.ts,functions/src/admin-members-api/services/toggle-profile-draft.ts,functions/src/members-api/routes/cancel-membership.test.ts,functions/src/admin-members-api/routes/index.ts,functions/src/stripe-webhook-api/services/delete-stripe-customer.ts,functions/src/admin-members-api/routes/list-members.ts,functions/src/admin-members-api/routes/read-profile.test.ts,functions/src/scripts/cleanup-test-data.ts,functions/src/admin-members-api/routes/refund-membership.test.ts,functions/src/admin-members-api/types/services.ts,functions/src/members-api/routes/health.test.ts,functions/src/admin-members-api/plugins/admin-members-plugin.ts,functions/src/admin-unclaimed-profiles-api/app.ts,functions/src/scripts/fix-unclaimed-profile-slugs.ts,functions/src/admin-messages-api/app.ts,functions/src/admin-unclaimed-profiles-api/routes/update-email.test.ts,functions/src/admin-members-api/routes/get-member.test.ts,functions/src/admin-members-api/routes/route-handler-factory.ts,functions/src/members-api/schemas/member-schemas.ts,functions/src/admin-members-api/app.ts,functions/src/admin-members-api/routes/clean-slate-delete.ts,functions/src/admin-members-api/services/link-profile.ts,functions/src/members-api/services/newsletter/interface.ts,functions/src/admin-messages-api/types/services.ts,functions/src/admin-messages-api/handler.ts,functions/src/admin-members-api/services/index.ts,functions/src/admin-members-api/routes/link-profile.ts,functions/src/admin-members-api/routes/extend-membership.ts,functions/src/stripe-webhook-api/plugins/stripe-webhook-plugin.ts,functions/src/members-api/types/route-context.ts,functions/src/admin-unclaimed-profiles-api/routes/get-unclaimed-profile.test.ts,functions/src/admin-members-api/routes/activate-membership.test.ts,functions/src/admin-messages-api/routes/admin-messages.test.ts,functions/src/admin-messages-api/services/list-messages.ts,functions/src/admin-members-api/routes/cancel-membership.ts,functions/src/members-api/routes/health.ts,functions/src/stripe-webhook-api/routes/handle-webhook.ts,functions/src/members-api/fix-types.ts,functions/src/admin-messages-api/routes/get-message.ts,functions/src/members-api/routes/update-member-name.test.ts,functions/src/admin-members-api/services/activate-membership.ts,functions/src/admin-members-api/routes/read-profile.ts,functions/src/admin-members-api/services/update-claims.ts,functions/src/admin-unclaimed-profiles-api/routes/get-unclaimed-profile.ts,functions/src/admin-messages-api/plugins/admin-messages-plugin.ts,functions/src/admin-unclaimed-profiles-api/routes/delete-unclaimed-profile.test.ts,functions/src/members-api/plugins/members-plugin.ts,functions/src/profiles-api/routes/profile-route-handler-factory.ts,functions/src/profile-webhook-api/test-utils/create-profile-webhook-test-plugin.ts,functions/src/forms-api/services/recaptcha/interface.ts,functions/src/profiles-api/services/profile-store/write-profile.ts,functions/src/profiles-api/services/profile-store/draft-profile.ts,functions/src/stripe-webhook-api/services/process-refund-actions.ts,functions/src/profiles-api/services/profile-store/create-profile.ts,functions/src/admin-match-requests-api/handler.ts,functions/src/profiles-api/routes/read-profile-by-slug.ts,functions/src/profiles-api/routes/imagekit-auth.test.ts,functions/src/profile-webhook-api/services/types.ts,functions/src/admin-match-requests-api/routes/get-match-request.ts,functions/src/profiles-api/services/firestore/interface.ts,functions/src/forms-api/services/recaptcha/verify-token.ts,functions/src/profiles-api/routes/check-slug-available.ts,functions/src/profiles-api/services/profile-store/read-profile.ts,functions/src/profile-webhook-api/services/index.ts,functions/src/forms-api/services/recaptcha/types.ts,functions/src/profiles-api/services/auth-update/interface.ts,functions/src/profiles-api/routes/claim-profile.test.ts,functions/src/forms-api/services/build-contact-form-notification.ts,functions/src/forms-api/routes/handle-match-form.test.ts,functions/src/forms-api/services/form-storage/save-contact-form.ts,functions/src/forms-api/services/form-storage/save-match-request.ts,functions/src/profiles-api/services/member/index.ts,functions/src/profile-webhook-api/plugins/profile-webhook-plugin.ts,functions/src/forms-api/routes/handle-contact-form.ts,functions/src/profiles-api/services/auth-update/index.ts,functions/src/profiles-api/utils/imagekit-client.ts,functions/src/forms-api/services/recaptcha/index.ts,functions/src/profiles-api/app.ts,functions/src/profiles-api/services/firestore/index.ts,functions/src/stripe-webhook-api/services/process-subscription-ended.ts,functions/src/profiles-api/routes/create-profile.test.ts,functions/src/forms-api/schemas/form-response-schemas.ts,functions/src/profile-webhook-api/services/send-notification-email.ts,functions/src/forms-api/plugins/contact-us-form-plugin.ts,functions/src/stripe-webhook-api/services/process-charge-refunded.ts,functions/src/profiles-api/routes/write-profile.ts,functions/src/admin-match-requests-api/routes/list-match-requests.ts,functions/src/forms-api/handler.ts,functions/src/forms-api/plugins/doula-match-form-plugin.ts,functions/src/stripe-webhook-api/services/build-refund-notification-email.ts,functions/src/profiles-api/services/profile-store/get-octokit.ts,functions/src/profile-webhook-api/services/interface.ts,functions/src/stripe-webhook-api/services/check-idempotency.ts,functions/src/forms-api/services/build-doula-match-notification.ts,functions/src/profiles-api/services/profile-store/interface.ts,functions/src/profile-webhook-api/routes/handle-webhook.ts,functions/src/forms-api/routes/handle-contact-form.test.ts,functions/src/stripe-webhook-api/services/cancel-stripe-subscription.ts,functions/src/forms-api/services/form-storage/interface.ts,functions/src/stripe-webhook-api/services/verify-signature.ts,functions/src/profile-webhook-api/routes/handle-webhook.test.ts,functions/src/profiles-api/services/member/interface.ts,functions/src/profiles-api/services/profile-store/index.ts,functions/src/stripe-webhook-api/services/process-subscription-updated.ts,functions/src/stripe-webhook-api/services/index.ts,functions/src/forms-api/test-utils/create-forms-test-plugins.ts,functions/src/profiles-api/types/services.ts,functions/src/profile-webhook-api/handler.ts,functions/src/profiles-api/test-utils/create-profiles-test-plugin.ts,functions/src/profiles-api/routes/health.test.ts,functions/src/admin-match-requests-api/routes/update-match-request.test.ts,functions/src/index.ts,functions/src/profile-webhook-api/app.ts,functions/src/profile-webhook-api/services/find-member-by-slug.ts,functions/src/profile-webhook-api/types/services.ts,functions/src/profiles-api/routes/delete-image.ts,functions/src/profiles-api/routes/check-slug-available.test.ts,functions/src/admin-match-requests-api/routes/update-match-request.ts,functions/src/profiles-api/routes/set-slug.ts,functions/src/profiles-api/services/profile-store/trigger-rebuild.ts,functions/src/forms-api/app.ts,functions/src/profiles-api/services/imagekit/delete-profile-image.ts,functions/src/profiles-api/routes/set-slug.test.ts,functions/src/stripe-webhook-api/services/interface.ts,functions/src/stripe-webhook-api/services/process-checkout-completed.ts,functions/src/admin-match-requests-api/services/get-match-request.ts,functions/src/admin-match-requests-api/test-utils/create-admin-test-plugin.ts,functions/src/forms-api/services/form-storage/index.ts,functions/src/profiles-api/routes/upload-image.test.ts,functions/src/admin-match-requests-api/app.ts,functions/src/profiles-api/routes/read-profile-by-slug.test.ts,functions/src/forms-api/routes/handle-match-form.ts,functions/src/admin-match-requests-api/routes/get-match-request.test.ts,functions/src/admin-match-requests-api/types/services.ts,functions/src/profiles-api/routes/upload-image.ts,functions/src/admin-match-requests-api/routes/index.ts,functions/src/profiles-api/plugins/profiles-plugin.ts,functions/src/profile-webhook-api/services/verify-secret.ts,functions/src/admin-match-requests-api/plugins/admin-match-requests-plugin.ts,functions/src/admin-match-requests-api/services/index.ts,functions/src/profiles-api/routes/write-profile.test.ts,functions/src/profiles-api/routes/health.ts,functions/src/profile-webhook-api/services/validate-payload.ts,functions/src/admin-match-requests-api/services/interface.ts,functions/src/profiles-api/routes/imagekit-auth.ts,functions/src/stripe-webhook-api/services/mark-event-processed.ts,functions/src/profiles-api/routes/create-profile.ts,functions/src/forms-api/types/services.ts,functions/src/admin-match-requests-api/schemas/match-request-schemas.ts,functions/src/admin-match-requests-api/services/list-match-requests.ts,functions/src/profiles-api/handler.ts,functions/src/profiles-api/routes/index.ts,functions/src/profiles-api/routes/delete-image.test.ts,functions/src/profiles-api/routes/claim-profile.ts,functions/src/forms-api/services/form-storage/types.ts,functions/src/stripe-webhook-api/services/cancel-stripe-subscription-at-period-end.ts,functions/src/profiles-api/services/profile-store/delete-profile.ts,functions/src/stripe-webhook-api/services/find-member-by-stripe-customer.ts,functions/src/admin-match-requests-api/routes/list-match-requests.test.ts,functions/src/profile-webhook-api/schemas/profile-webhook-schemas.ts,functions/src/profiles-api/schemas/profile-schemas.ts,functions/src/admin-match-requests-api/services/update-match-request.ts
[NX v22.5.4 Daemon Server] - 2026-03-16T15:30:27.810Z - [REQUEST]: functions/src/admin-messages-api/plugins/.!86765!admin-messages-plugin.ts,functions/src/admin-messages-api/services/.!86765!get-message.ts,functions/src/admin-members-api/routes/.!86765!toggle-profile-draft.ts,functions/src/admin-unclaimed-profiles-api/schemas/.!86765!unclaimed-profile-schemas.ts,functions/src/admin-messages-api/routes/.!86765!get-message.ts,functions/src/admin-members-api/services/.!86765!firestore-helpers.ts,functions/src/admin-messages-api/services/.!86765!update-message.ts,functions/src/admin-members-api/routes/.!86765!extend-membership.ts,functions/src/admin-members-api/routes/.!86765!clean-slate-delete.test.ts,functions/src/admin-members-api/routes/.!86765!update-member.test.ts,functions/src/stripe-webhook-api/services/.!86765!delete-stripe-customer.ts,functions/src/admin-messages-api/types/.!86765!services.ts,functions/src/admin-members-api/routes/.!86765!update-member.ts,functions/src/admin-members-api/routes/.!86765!read-profile.test.ts,functions/src/members-api/routes/.!86765!health.test.ts,functions/src/admin-messages-api/.!86765!handler.ts,functions/src/members-api/services/member/.!86765!interface.ts,functions/src/admin-members-api/services/.!86765!link-profile.ts,functions/src/admin-members-api/routes/.!86765!read-profile.ts,functions/src/admin-unclaimed-profiles-api/routes/.!86765!list-unclaimed-profiles.test.ts,functions/src/admin-members-api/routes/.!86765!get-member.ts,functions/src/admin-members-api/services/.!86765!list-unlinked-profiles.ts,functions/src/members-api/routes/.!86765!cancel-membership.ts,functions/src/stripe-webhook-api/utils/.!86765!create-stripe-member-document.ts,functions/src/admin-members-api/routes/.!86765!activate-membership.ts,functions/src/scripts/.!86765!seed-claim-test.ts,functions/src/admin-messages-api/services/.!86765!list-messages.ts,functions/src/scripts/.!86765!test-stripe-webhook.ts,functions/src/admin-unclaimed-profiles-api/services/.!86765!delete-unclaimed-profile.test.ts,functions/src/admin-members-api/routes/.!86765!route-handler-factory.ts,functions/src/members-api/types/.!86765!services.ts,functions/src/members-api/routes/.!86765!update-member-name.ts,functions/src/admin-unclaimed-profiles-api/routes/.!86765!update-email.ts,functions/src/admin-unclaimed-profiles-api/routes/.!86765!get-unclaimed-profile.ts,functions/src/stripe-webhook-api/schemas/.!86765!stripe-webhook-schemas.ts,functions/src/admin-members-api/services/.!86765!update-claims.ts,functions/src/admin-unclaimed-profiles-api/routes/.!86765!list-unclaimed-profiles.ts,functions/src/admin-members-api/routes/.!86765!cancel-membership.test.ts,functions/src/members-api/services/member/.!86765!member-service.ts,functions/src/stripe-webhook-api/utils/.!86765!create-stripe-member-update.ts,functions/src/admin-messages-api/schemas/.!86765!message-schemas.ts,functions/src/members-api/.!86765!fix-types.ts,functions/src/admin-members-api/routes/.!86765!list-unlinked-profiles.test.ts,functions/src/admin-unclaimed-profiles-api/services/.!86765!interface.ts,functions/src/stripe-webhook-api/test-utils/.!86765!stripe-mocks.ts,functions/src/members-api/.!86765!handler.ts,functions/src/members-api/services/newsletter/.!86765!newsletter-service.ts,functions/src/admin-members-api/services/.!86765!clean-slate-delete.ts,functions/src/admin-unclaimed-profiles-api/routes/.!86765!index.ts,functions/src/admin-unclaimed-profiles-api/services/.!86765!index.ts,functions/src/admin-messages-api/test-utils/.!86765!create-admin-test-plugin.ts,functions/src/admin-unclaimed-profiles-api/routes/.!86765!admin-unclaimed-profiles.test.ts,functions/src/members-api/plugins/.!86765!members-plugin.ts,functions/src/members-api/services/newsletter/.!86765!interface.ts,functions/src/scripts/.!86765!cleanup-test-data.ts,functions/src/admin-members-api/.!86765!app.ts,functions/src/stripe-webhook-api/services/.!86765!process-checkout-completed.ts,functions/src/admin-members-api/routes/.!86765!refund-membership.test.ts,functions/src/members-api/routes/.!86765!members.ts,functions/src/members-api/routes/.!86765!cancel-membership.test.ts,functions/src/admin-unclaimed-profiles-api/routes/.!86765!refresh-payment-dates.ts,functions/src/stripe-webhook-api/.!86765!handler.ts,functions/src/stripe-webhook-api/types/.!86765!services.ts,functions/src/scripts/.!86765!set-initial-admin.ts,functions/src/members-api/types/.!86765!route-context.ts,functions/src/members-api/services/verify-email/.!86765!verify-email-service.ts,functions/src/admin-members-api/services/.!86765!extend-membership.ts,functions/src/admin-unclaimed-profiles-api/types/.!86765!services.ts,functions/src/scripts/.!86765!sync-collection-to-emulator.ts,functions/src/admin-members-api/services/.!86765!read-profile.ts,functions/src/admin-unclaimed-profiles-api/plugins/.!86765!admin-unclaimed-profiles-plugin.ts,functions/src/admin-members-api/test-utils/.!86765!create-admin-test-plugin.ts,functions/src/members-api/.!86765!handler.test.ts,functions/src/members-api/.!86765!app.ts,functions/src/admin-members-api/routes/.!86765!link-profile.test.ts,functions/src/admin-members-api/routes/.!86765!link-profile.ts,functions/src/scripts/.!86765!import-subscribers.ts,functions/src/members-api/routes/.!86765!verify-email.test.ts,functions/src/admin-messages-api/services/.!86765!interface.ts,functions/src/admin-messages-api/routes/.!86765!index.ts,functions/src/admin-unclaimed-profiles-api/.!86765!app.ts,functions/src/admin-unclaimed-profiles-api/routes/.!86765!refresh-payment-dates.test.ts,functions/src/admin-unclaimed-profiles-api/routes/.!86765!delete-unclaimed-profile.test.ts,functions/src/stripe-webhook-api/routes/.!86765!handle-webhook.test.ts,functions/src/stripe-webhook-api/routes/.!86765!handle-webhook.ts,functions/src/admin-members-api/routes/.!86765!clean-slate-delete.ts,functions/src/admin-messages-api/routes/.!86765!update-message.ts,functions/src/members-api/routes/.!86765!members.test.ts,functions/src/stripe-webhook-api/utils/.!86765!index.ts,functions/src/admin-members-api/routes/.!86765!update-claims.test.ts,functions/src/stripe-webhook-api/.!86765!app.ts,functions/src/scripts/.!86765!sync-profile-timestamps.ts,functions/src/stripe-webhook-api/utils/.!86765!create-new-member-document.ts,functions/src/stripe-webhook-api/.!86765!handler.test.ts,functions/src/admin-messages-api/.!86765!app.ts,functions/src/admin-members-api/routes/.!86765!list-unlinked-profiles.ts,functions/src/admin-members-api/services/.!86765!activate-membership.ts,functions/src/admin-unclaimed-profiles-api/test-utils/.!86765!create-admin-test-plugin.ts,functions/src/admin-members-api/routes/.!86765!list-members.test.ts,functions/src/admin-members-api/plugins/.!86765!admin-members-plugin.ts,functions/src/admin-members-api/schemas/.!86765!member-schemas.ts,functions/src/admin-members-api/routes/.!86765!toggle-profile-draft.test.ts,functions/src/admin-members-api/services/.!86765!update-member.ts,functions/src/members-api/routes/.!86765!update-newsletter-preference.test.ts,functions/src/admin-messages-api/routes/.!86765!admin-messages.test.ts,functions/src/admin-members-api/routes/.!86765!health.ts,functions/src/stripe-webhook-api/utils/.!86765!membership-dates.ts,functions/src/admin-members-api/routes/.!86765!index.ts,functions/src/admin-members-api/services/.!86765!refund-membership.ts,functions/src/admin-members-api/types/.!86765!services.ts,functions/src/admin-members-api/routes/.!86765!cancel-membership.ts,functions/src/admin-unclaimed-profiles-api/services/.!86765!refresh-payment-dates.ts,functions/src/admin-unclaimed-profiles-api/services/.!86765!update-email.ts,functions/src/admin-members-api/services/.!86765!list-members.ts,functions/src/members-api/test-utils/.!86765!create-members-test-plugin.ts,functions/src/admin-members-api/services/.!86765!interface.ts,functions/src/scripts/.!86765!fix-unclaimed-profile-slugs.ts,functions/src/admin-members-api/routes/.!86765!list-members.ts,functions/src/admin-members-api/services/.!86765!cancel-membership.ts,functions/src/members-api/routes/.!86765!update-newsletter-preference.ts,functions/src/admin-members-api/services/.!86765!index.ts,functions/src/members-api/routes/.!86765!health.ts,functions/src/admin-unclaimed-profiles-api/routes/.!86765!delete-unclaimed-profile.ts,functions/src/admin-members-api/routes/.!86765!refund-membership.ts,functions/src/admin-unclaimed-profiles-api/.!86765!handler.ts,functions/src/admin-messages-api/services/.!86765!index.ts,functions/src/stripe-webhook-api/test-utils/.!86765!create-stripe-webhook-test-plugin.ts,functions/src/admin-unclaimed-profiles-api/routes/.!86765!get-unclaimed-profile.test.ts,functions/src/admin-members-api/routes/.!86765!activate-membership.test.ts,functions/src/members-api/schemas/.!86765!member-schemas.ts,functions/src/admin-members-api/routes/.!86765!get-member.test.ts,functions/src/admin-messages-api/routes/.!86765!list-messages.ts,functions/src/admin-unclaimed-profiles-api/services/.!86765!list-unclaimed-profiles.ts,functions/src/admin-members-api/services/.!86765!is-admin.ts,functions/src/admin-members-api/.!86765!handler.ts,functions/src/admin-unclaimed-profiles-api/routes/.!86765!update-email.test.ts,functions/src/admin-members-api/routes/.!86765!update-claims.ts,functions/src/stripe-webhook-api/plugins/.!86765!stripe-webhook-plugin.ts,functions/src/members-api/routes/.!86765!verify-email.ts,functions/src/members-api/routes/.!86765!update-member-name.test.ts,functions/src/admin-members-api/services/.!86765!toggle-profile-draft.ts,functions/src/members-api/services/verify-email/.!86765!interface.ts,functions/src/admin-members-api/routes/.!86765!extend-membership.test.ts,functions/src/admin-unclaimed-profiles-api/services/.!86765!delete-unclaimed-profile.ts,functions/src/admin-members-api/services/.!86765!verify-member-exists.ts,functions/src/admin-unclaimed-profiles-api/services/.!86765!get-unclaimed-profile.ts,functions/src/admin-match-requests-api/.!86765!app.ts,functions/src/profile-webhook-api/services/.!86765!interface.ts,functions/src/profiles-api/routes/.!86765!set-slug.ts,functions/src/admin-match-requests-api/routes/.!86765!list-match-requests.ts,functions/src/profile-webhook-api/schemas/.!86765!profile-webhook-schemas.ts,functions/src/forms-api/services/form-storage/.!86765!types.ts,functions/src/profile-webhook-api/services/.!86765!find-member-by-slug.ts,functions/src/profiles-api/services/profile-store/.!86765!get-octokit.ts,functions/src/forms-api/services/form-storage/.!86765!save-match-request.ts,functions/src/stripe-webhook-api/services/.!86765!process-subscription-updated.ts,functions/src/stripe-webhook-api/services/.!86765!mark-event-processed.ts,functions/src/profiles-api/types/.!86765!services.ts,functions/src/profiles-api/services/profile-store/.!86765!read-profile.ts,functions/src/profiles-api/services/firestore/.!86765!interface.ts,functions/src/profiles-api/services/auth-update/.!86765!index.ts,functions/src/profiles-api/services/profile-store/.!86765!draft-profile.ts,functions/src/stripe-webhook-api/services/.!86765!index.ts,functions/src/forms-api/plugins/.!86765!contact-us-form-plugin.ts,functions/src/profile-webhook-api/services/.!86765!verify-secret.ts,functions/src/admin-match-requests-api/plugins/.!86765!admin-match-requests-plugin.ts,functions/src/profile-webhook-api/routes/.!86765!handle-webhook.ts,functions/src/admin-match-requests-api/routes/.!86765!get-match-request.ts,functions/src/admin-match-requests-api/test-utils/.!86765!create-admin-test-plugin.ts,functions/src/stripe-webhook-api/services/.!86765!cancel-stripe-subscription.ts,functions/src/admin-match-requests-api/services/.!86765!index.ts,functions/src/.!86765!index.ts,functions/src/admin-match-requests-api/routes/.!86765!get-match-request.test.ts,functions/src/profiles-api/routes/.!86765!write-profile.ts,functions/src/profiles-api/test-utils/.!86765!create-profiles-test-plugin.ts,functions/src/profiles-api/services/imagekit/.!86765!delete-profile-image.ts,functions/src/stripe-webhook-api/services/.!86765!find-member-by-stripe-customer.ts,functions/src/profiles-api/services/firestore/.!86765!index.ts,functions/src/profiles-api/routes/.!86765!claim-profile.test.ts,functions/src/profiles-api/services/profile-store/.!86765!trigger-rebuild.ts,functions/src/stripe-webhook-api/services/.!86765!verify-signature.ts,functions/src/profiles-api/services/profile-store/.!86765!interface.ts,functions/src/forms-api/test-utils/.!86765!create-forms-test-plugins.ts,functions/src/profile-webhook-api/.!86765!handler.ts,functions/src/admin-match-requests-api/.!86765!handler.ts,functions/src/profiles-api/routes/.!86765!read-profile-by-slug.ts,functions/src/profiles-api/routes/.!86765!create-profile.ts,functions/src/profiles-api/routes/.!86765!set-slug.test.ts,functions/src/forms-api/routes/.!86765!handle-contact-form.test.ts,functions/src/forms-api/services/form-storage/.!86765!interface.ts,functions/src/stripe-webhook-api/services/.!86765!check-idempotency.ts,functions/src/profiles-api/utils/.!86765!imagekit-client.ts,functions/src/profiles-api/routes/.!86765!check-slug-available.test.ts,functions/src/profile-webhook-api/services/.!86765!types.ts,functions/src/forms-api/services/recaptcha/.!86765!index.ts,functions/src/profile-webhook-api/test-utils/.!86765!create-profile-webhook-test-plugin.ts,functions/src/stripe-webhook-api/services/.!86765!build-refund-notification-email.ts,functions/src/profiles-api/schemas/.!86765!profile-schemas.ts,functions/src/forms-api/services/recaptcha/.!86765!verify-token.ts,functions/src/profiles-api/services/profile-store/.!86765!index.ts,functions/src/stripe-webhook-api/services/.!86765!interface.ts,functions/src/profiles-api/routes/.!86765!health.ts,functions/src/admin-match-requests-api/schemas/.!86765!match-request-schemas.ts,functions/src/stripe-webhook-api/services/.!86765!process-subscription-ended.ts,functions/src/admin-match-requests-api/routes/.!86765!update-match-request.test.ts,functions/src/profiles-api/routes/.!86765!write-profile.test.ts,functions/src/profiles-api/routes/.!86765!read-profile-by-slug.test.ts,functions/src/forms-api/.!86765!handler.ts,functions/src/profile-webhook-api/plugins/.!86765!profile-webhook-plugin.ts,functions/src/profiles-api/routes/.!86765!check-slug-available.ts,functions/src/forms-api/routes/.!86765!handle-match-form.ts,functions/src/forms-api/services/.!86765!build-doula-match-notification.ts,functions/src/admin-match-requests-api/routes/.!86765!list-match-requests.test.ts,functions/src/admin-match-requests-api/types/.!86765!services.ts,functions/src/profiles-api/services/auth-update/.!86765!interface.ts,functions/src/stripe-webhook-api/services/.!86765!process-charge-refunded.ts,functions/src/forms-api/schemas/.!86765!form-response-schemas.ts,functions/src/admin-match-requests-api/services/.!86765!list-match-requests.ts,functions/src/profiles-api/routes/.!86765!imagekit-auth.ts,functions/src/profiles-api/routes/.!86765!index.ts,functions/src/profile-webhook-api/services/.!86765!send-notification-email.ts,functions/src/admin-match-requests-api/routes/.!86765!update-match-request.ts,functions/src/profiles-api/routes/.!86765!claim-profile.ts,functions/src/forms-api/services/form-storage/.!86765!save-contact-form.ts,functions/src/profiles-api/.!86765!app.ts,functions/src/forms-api/services/recaptcha/.!86765!types.ts,functions/src/forms-api/routes/.!86765!handle-match-form.test.ts,functions/src/profile-webhook-api/types/.!86765!services.ts,functions/src/forms-api/plugins/.!86765!doula-match-form-plugin.ts,functions/src/forms-api/services/recaptcha/.!86765!interface.ts,functions/src/admin-match-requests-api/services/.!86765!get-match-request.ts,functions/src/admin-match-requests-api/routes/.!86765!index.ts,functions/src/profile-webhook-api/.!86765!app.ts,functions/src/profiles-api/.!86765!handler.ts,functions/src/profiles-api/services/profile-store/.!86765!create-profile.ts,functions/src/profile-webhook-api/services/.!86765!validate-payload.ts,functions/src/profiles-api/plugins/.!86765!profiles-plugin.ts,functions/src/profiles-api/routes/.!86765!imagekit-auth.test.ts,functions/src/forms-api/services/form-storage/.!86765!index.ts,functions/src/forms-api/types/.!86765!services.ts,functions/src/profiles-api/routes/.!86765!upload-image.ts,functions/src/forms-api/services/.!86765!build-contact-form-notification.ts,functions/src/profiles-api/routes/.!86765!profile-route-handler-factory.ts,functions/src/profiles-api/routes/.!86765!create-profile.test.ts,functions/src/profiles-api/routes/.!86765!delete-image.ts,functions/src/stripe-webhook-api/services/.!86765!cancel-stripe-subscription-at-period-end.ts,functions/src/profile-webhook-api/routes/.!86765!handle-webhook.test.ts,functions/src/profile-webhook-api/services/.!86765!index.ts,functions/src/profiles-api/routes/.!86765!upload-image.test.ts,functions/src/profiles-api/services/member/.!86765!index.ts,functions/src/forms-api/.!86765!app.ts,functions/src/stripe-webhook-api/services/.!86765!process-refund-actions.ts,functions/src/profiles-api/routes/.!86765!health.test.ts,functions/src/profiles-api/services/member/.!86765!interface.ts,functions/src/admin-match-requests-api/services/.!86765!update-match-request.ts,functions/src/profiles-api/routes/.!86765!delete-image.test.ts,functions/src/forms-api/routes/.!86765!handle-contact-form.ts,functions/src/admin-match-requests-api/services/.!86765!interface.ts,functions/src/profiles-api/services/profile-store/.!86765!delete-profile.ts,functions/src/profiles-api/services/profile-store/.!86765!write-profile.ts
[NX v22.5.4 Daemon Server] - 2026-03-16T15:30:27.817Z - Time taken for 'hash changed files from watcher' 12.277666999958456ms
Time for 'nx/core/package-json:createNodes' 0.5304160000000024
Time for 'nx/core/package-json:createNodes' 0.5908330000000035
Time for 'nx/js/dependencies-and-lockfile:createNodes' 2.7813329994678497
[NX v22.5.4 Daemon Server] - 2026-03-16T15:30:27.843Z - Established a connection. Number of open connections: 1
[NX v22.5.4 Daemon Server] - 2026-03-16T15:30:27.843Z - Closed a connection. Number of open connections: 0
[NX v22.5.4 Daemon Server] - 2026-03-16T15:30:27.843Z - Established a connection. Number of open connections: 1
[NX v22.5.4 Daemon Client] - 2026-03-16T15:30:27.843Z - [Messenger] Setting up socket listeners
[NX v22.5.4 Daemon Client] - 2026-03-16T15:30:27.844Z - [Messenger] listen() complete
[NX v22.5.4 Daemon Client] - 2026-03-16T15:30:27.844Z - [Messenger] Sending message type: HASH_MULTI_GLOB
[NX v22.5.4 Daemon Client] - 2026-03-16T15:30:27.844Z - [Messenger] Message sent
Time for 'daemon-message-serialization-HASH_MULTI_GLOB' 0.039500000000003865
[NX v22.5.4 Daemon Server] - 2026-03-16T15:30:27.853Z - Received raw message of length 50
[NX v22.5.4 Daemon Server] - 2026-03-16T15:30:27.853Z - Received json message of type HASH_MULTI_GLOB
[NX v22.5.4 Daemon Server] - 2026-03-16T15:30:27.855Z - Serializing response for HASH_GLOB message in json mode
[NX v22.5.4 Daemon Server] - 2026-03-16T15:30:27.855Z - Responding to HASH_GLOB message
[NX v22.5.4 Daemon Server] - 2026-03-16T15:30:27.855Z - [REQUEST]: Responding to the client. handleHashMultiGlob
[NX v22.5.4 Daemon Server] - 2026-03-16T15:30:27.855Z - Done responding to the client handleHashMultiGlob
[NX v22.5.4 Daemon Server] - 2026-03-16T15:30:27.855Z - Handled json message HASH_GLOB. Handling time: 2. Response time: 0.
[NX v22.5.4 Daemon Client] - 2026-03-16T15:30:27.855Z - [Messenger] Received message, length: 23
[NX v22.5.4 Daemon Client] - 2026-03-16T15:30:27.855Z - [Messenger] Sending message type: HASH_MULTI_GLOB
[NX v22.5.4 Daemon Client] - 2026-03-16T15:30:27.855Z - [Messenger] Message sent
[NX v22.5.4 Daemon Server] - 2026-03-16T15:30:27.855Z - Received raw message of length 50
[NX v22.5.4 Daemon Server] - 2026-03-16T15:30:27.855Z - Received json message of type HASH_MULTI_GLOB
[NX v22.5.4 Daemon Server] - 2026-03-16T15:30:27.857Z - Serializing response for HASH_GLOB message in json mode
[NX v22.5.4 Daemon Server] - 2026-03-16T15:30:27.857Z - Responding to HASH_GLOB message
[NX v22.5.4 Daemon Server] - 2026-03-16T15:30:27.857Z - [REQUEST]: Responding to the client. handleHashMultiGlob
[NX v22.5.4 Daemon Server] - 2026-03-16T15:30:27.857Z - Done responding to the client handleHashMultiGlob
[NX v22.5.4 Daemon Server] - 2026-03-16T15:30:27.857Z - Handled json message HASH_GLOB. Handling time: 2. Response time: 0.
[NX v22.5.4 Daemon Server] - 2026-03-16T15:30:27.861Z - Established a connection. Number of open connections: 2
Time for '@nx/playwright/plugin:createNodes' 0.6964580000000069
[NX v22.5.4 Daemon Server] - 2026-03-16T15:30:27.862Z - Closed a connection. Number of open connections: 1
[NX v22.5.4 Daemon Server] - 2026-03-16T15:30:27.862Z - Established a connection. Number of open connections: 2
[NX v22.5.4 Daemon Client] - 2026-03-16T15:30:27.862Z - [Messenger] Setting up socket listeners
[NX v22.5.4 Daemon Client] - 2026-03-16T15:30:27.863Z - [Messenger] listen() complete
[NX v22.5.4 Daemon Client] - 2026-03-16T15:30:27.863Z - [Messenger] Sending message type: GLOB
[NX v22.5.4 Daemon Client] - 2026-03-16T15:30:27.863Z - [Messenger] Message sent
Time for 'daemon-message-serialization-GLOB' 0.03654199999999719
[NX v22.5.4 Daemon Server] - 2026-03-16T15:30:27.872Z - Received raw message of length 73
[NX v22.5.4 Daemon Server] - 2026-03-16T15:30:27.872Z - Received json message of type GLOB
[NX v22.5.4 Daemon Server] - 2026-03-16T15:30:27.873Z - Serializing response for GLOB message in json mode
[NX v22.5.4 Daemon Server] - 2026-03-16T15:30:27.873Z - Responding to GLOB message
[NX v22.5.4 Daemon Server] - 2026-03-16T15:30:27.873Z - [REQUEST]: Responding to the client. handleGlob
[NX v22.5.4 Daemon Server] - 2026-03-16T15:30:27.874Z - Done responding to the client handleGlob
[NX v22.5.4 Daemon Server] - 2026-03-16T15:30:27.874Z - Handled json message GLOB. Handling time: 1. Response time: 1.
[NX v22.5.4 Daemon Client] - 2026-03-16T15:30:27.874Z - [Messenger] Received message, length: 28246
[NX v22.5.4 Daemon Client] - 2026-03-16T15:30:27.875Z - [Messenger] Sending message type: GLOB
[NX v22.5.4 Daemon Client] - 2026-03-16T15:30:27.875Z - [Messenger] Message sent
[NX v22.5.4 Daemon Server] - 2026-03-16T15:30:27.875Z - Received raw message of length 73
[NX v22.5.4 Daemon Server] - 2026-03-16T15:30:27.875Z - Received json message of type GLOB
[NX v22.5.4 Daemon Server] - 2026-03-16T15:30:27.876Z - Serializing response for GLOB message in json mode
[NX v22.5.4 Daemon Server] - 2026-03-16T15:30:27.876Z - Responding to GLOB message
[NX v22.5.4 Daemon Server] - 2026-03-16T15:30:27.876Z - [REQUEST]: Responding to the client. handleGlob
Time for 'GLOB round trip' 11.303625000000011
Time for 'deserialize daemon response - GLOB' 0.060584000000005744
Time for 'daemon-message-serialization-GLOB' 0.011583000000001675
[NX v22.5.4 Daemon Server] - 2026-03-16T15:30:27.876Z - Done responding to the client handleGlob
[NX v22.5.4 Daemon Server] - 2026-03-16T15:30:27.876Z - Handled json message GLOB. Handling time: 1. Response time: 0.
[NX v22.5.4 Daemon Client] - 2026-03-16T15:30:27.876Z - [Messenger] Received message, length: 28246
[NX v22.5.4 Daemon Client] - 2026-03-16T15:30:27.877Z - [Messenger] Sending message type: HASH_MULTI_GLOB
[NX v22.5.4 Daemon Client] - 2026-03-16T15:30:27.877Z - [Messenger] Message sent
[NX v22.5.4 Daemon Server] - 2026-03-16T15:30:27.877Z - Received raw message of length 429
[NX v22.5.4 Daemon Server] - 2026-03-16T15:30:27.877Z - Received json message of type HASH_MULTI_GLOB
[NX v22.5.4 Daemon Server] - 2026-03-16T15:30:27.878Z - Serializing response for HASH_GLOB message in json mode
[NX v22.5.4 Daemon Server] - 2026-03-16T15:30:27.878Z - Responding to HASH_GLOB message
[NX v22.5.4 Daemon Server] - 2026-03-16T15:30:27.878Z - [REQUEST]: Responding to the client. handleHashMultiGlob
[NX v22.5.4 Daemon Server] - 2026-03-16T15:30:27.878Z - Done responding to the client handleHashMultiGlob
[NX v22.5.4 Daemon Server] - 2026-03-16T15:30:27.878Z - Handled json message HASH_GLOB. Handling time: 1. Response time: 0.
Time for 'GLOB round trip' 1.2424589999999966
Time for 'deserialize daemon response - GLOB' 0.035124999999993634
Time for 'daemon-message-serialization-HASH_MULTI_GLOB' 0.011791999999985592
[NX v22.5.4 Daemon Client] - 2026-03-16T15:30:27.878Z - [Messenger] Received message, length: 133
[NX v22.5.4 Daemon Client] - 2026-03-16T15:30:27.878Z - [Messenger] Sending message type: HASH_MULTI_GLOB
[NX v22.5.4 Daemon Client] - 2026-03-16T15:30:27.878Z - [Messenger] Message sent
[NX v22.5.4 Daemon Server] - 2026-03-16T15:30:27.878Z - Received raw message of length 429
[NX v22.5.4 Daemon Server] - 2026-03-16T15:30:27.878Z - Received json message of type HASH_MULTI_GLOB
[NX v22.5.4 Daemon Server] - 2026-03-16T15:30:27.880Z - Serializing response for HASH_GLOB message in json mode
[NX v22.5.4 Daemon Server] - 2026-03-16T15:30:27.880Z - Responding to HASH_GLOB message
[NX v22.5.4 Daemon Server] - 2026-03-16T15:30:27.880Z - [REQUEST]: Responding to the client. handleHashMultiGlob
[NX v22.5.4 Daemon Server] - 2026-03-16T15:30:27.880Z - Done responding to the client handleHashMultiGlob
[NX v22.5.4 Daemon Server] - 2026-03-16T15:30:27.880Z - Handled json message HASH_GLOB. Handling time: 2. Response time: 0.
Time for '@nx/docker:createNodes' 37.82970900000001
Time for 'HASH_MULTI_GLOB round trip' 11.174750000000017
Time for 'deserialize daemon response - HASH_MULTI_GLOB' 0.04441700000000992
Time for 'daemon-message-serialization-HASH_MULTI_GLOB' 0.008292000000011512
[NX v22.5.4 Daemon Client] - 2026-03-16T15:30:27.880Z - [Messenger] Received message, length: 23
[NX v22.5.4 Daemon Server] - 2026-03-16T15:30:27.908Z - Closed a connection. Number of open connections: 1
Time for 'HASH_MULTI_GLOB round trip' 1.2972500000000196
Time for 'deserialize daemon response - HASH_MULTI_GLOB' 0.008000000000009777
Time for 'daemon-message-serialization-HASH_MULTI_GLOB' 0.00795800000000213
[NX v22.5.4 Daemon Client] - 2026-03-16T15:30:27.938Z - [Messenger] Received message, length: 133
Time for 'HASH_MULTI_GLOB round trip' 59.59975
Time for 'deserialize daemon response - HASH_MULTI_GLOB' 0.012625000000014097
[baseline-browser-mapping] The data in this module is over two months old.  To ensure accurate Baseline data, please update: `npm i baseline-browser-mapping@latest -D`
[NX v22.5.4 Daemon Server] - 2026-03-16T15:30:28.562Z - Time taken for 'build-project-configs' 745.941750000231ms
[NX v22.5.4 Daemon Server] - 2026-03-16T15:30:28.586Z - Time taken for 'build-project-configs' 763.589333999902ms
[NX v22.5.4 Daemon Server] - 2026-03-16T15:30:28.598Z - Closed a connection. Number of open connections: 0
Time for 'build typescript dependencies' 42.72229199949652
[NX v22.5.4 Daemon Server] - 2026-03-16T15:30:28.678Z - [SYNC]: collect registered sync generators
[NX v22.5.4 Daemon Server] - 2026-03-16T15:30:28.679Z - [SYNC]: project graph hash is the same, not collecting task sync generators
[NX v22.5.4 Daemon Server] - 2026-03-16T15:30:28.679Z - [SYNC]: nx.json hash is the same, not collecting global sync generators
[NX v22.5.4 Daemon Server] - 2026-03-16T15:30:28.679Z - [SYNC]: collect registered sync generators
[NX v22.5.4 Daemon Server] - 2026-03-16T15:30:28.679Z - [SYNC]: project graph hash is the same, not collecting task sync generators
[NX v22.5.4 Daemon Server] - 2026-03-16T15:30:28.679Z - [SYNC]: nx.json hash is the same, not collecting global sync generators
[NX v22.5.4 Daemon Server] - 2026-03-16T15:30:28.679Z - Time taken for 'total execution time for createProjectGraph()' 94.95962500013411ms
[NX v22.5.4 Daemon Server] - 2026-03-16T15:30:32.170Z - [WATCHER]: 126 file(s) created or restored, 0 file(s) modified, 127 file(s) deleted
[NX v22.5.4 Daemon Server] - 2026-03-16T15:30:32.173Z - [SYNC]: clearing sync generators cache due to file changes
[NX v22.5.4 Daemon Server] - 2026-03-16T15:30:32.173Z - [WATCHER]: Processing file changes in outputs
[NX v22.5.4 Daemon Server] - 2026-03-16T15:30:32.223Z - [WATCHER]: 134 file(s) created or restored, 0 file(s) modified, 134 file(s) deleted
[NX v22.5.4 Daemon Server] - 2026-03-16T15:30:32.225Z - [SYNC]: clearing sync generators cache due to file changes
[NX v22.5.4 Daemon Server] - 2026-03-16T15:30:32.226Z - [WATCHER]: Processing file changes in outputs
[NX v22.5.4 Daemon Server] - 2026-03-16T15:30:32.293Z - [REQUEST]: Updated workspace context based on watched changes, recomputing project graph...
[NX v22.5.4 Daemon Server] - 2026-03-16T15:30:32.293Z - [REQUEST]: functions/src/members-api/services/verify-email/verify-email-service.ts,functions/src/admin-unclaimed-profiles-api/app.ts,functions/src/members-api/routes/members.test.ts,functions/src/admin-messages-api/services/index.ts,functions/src/admin-messages-api/handler.ts,functions/src/admin-unclaimed-profiles-api/services/delete-unclaimed-profile.ts,functions/src/admin-members-api/services/extend-membership.ts,functions/src/admin-members-api/routes/update-member.test.ts,functions/src/admin-unclaimed-profiles-api/schemas/unclaimed-profile-schemas.ts,functions/src/admin-messages-api/test-utils/create-admin-test-plugin.ts,functions/src/admin-members-api/services/firestore-helpers.ts,functions/src/admin-members-api/routes/list-unlinked-profiles.test.ts,functions/src/admin-members-api/services/index.ts,functions/src/admin-unclaimed-profiles-api/handler.ts,functions/src/admin-members-api/routes/link-profile.ts,functions/src/admin-members-api/routes/extend-membership.ts,functions/src/admin-members-api/routes/health.ts,functions/src/admin-messages-api/services/interface.ts,functions/src/admin-members-api/routes/index.ts,functions/src/admin-members-api/routes/extend-membership.test.ts,functions/src/members-api/services/newsletter/newsletter-service.ts,functions/src/admin-unclaimed-profiles-api/routes/delete-unclaimed-profile.ts,functions/src/admin-members-api/services/clean-slate-delete.ts,functions/src/admin-members-api/routes/clean-slate-delete.test.ts,functions/src/admin-members-api/services/list-unlinked-profiles.ts,functions/src/admin-unclaimed-profiles-api/types/services.ts,functions/src/admin-members-api/services/update-member.ts,functions/src/admin-members-api/services/refund-membership.ts,functions/src/members-api/services/member/member-service.ts,functions/src/admin-messages-api/types/services.ts,functions/src/admin-unclaimed-profiles-api/services/refresh-payment-dates.ts,functions/src/admin-members-api/schemas/member-schemas.ts,functions/src/admin-members-api/routes/refund-membership.ts,functions/src/admin-members-api/routes/toggle-profile-draft.test.ts,functions/src/members-api/routes/cancel-membership.ts,functions/src/admin-messages-api/schemas/message-schemas.ts,functions/src/admin-members-api/routes/list-unlinked-profiles.ts,functions/src/members-api/routes/verify-email.test.ts,functions/src/admin-messages-api/routes/admin-messages.test.ts,functions/src/admin-messages-api/services/get-message.ts,functions/src/scripts/seed-claim-test.ts,functions/src/admin-members-api/routes/update-claims.test.ts,functions/src/members-api/app.ts,functions/src/admin-unclaimed-profiles-api/services/delete-unclaimed-profile.test.ts,functions/src/admin-messages-api/routes/get-message.ts,functions/src/admin-members-api/routes/list-members.ts,functions/src/scripts/set-initial-admin.ts,functions/src/admin-unclaimed-profiles-api/routes/admin-unclaimed-profiles.test.ts,functions/src/admin-unclaimed-profiles-api/routes/list-unclaimed-profiles.ts,functions/src/members-api/routes/update-newsletter-preference.test.ts,functions/src/scripts/cleanup-test-data.ts,functions/src/admin-members-api/routes/get-member.ts,functions/src/admin-members-api/routes/cancel-membership.test.ts,functions/src/admin-messages-api/services/update-message.ts,functions/src/admin-unclaimed-profiles-api/routes/update-email.test.ts,functions/src/members-api/handler.ts,functions/src/members-api/schemas/member-schemas.ts,functions/src/admin-messages-api/routes/index.ts,functions/src/admin-members-api/services/is-admin.ts,functions/src/admin-members-api/services/link-profile.ts,functions/src/admin-members-api/services/read-profile.ts,functions/src/members-api/routes/verify-email.ts,functions/src/admin-members-api/plugins/admin-members-plugin.ts,functions/src/members-api/routes/cancel-membership.test.ts,functions/src/members-api/types/route-context.ts,functions/src/admin-unclaimed-profiles-api/services/list-unclaimed-profiles.ts,functions/src/admin-unclaimed-profiles-api/services/interface.ts,functions/src/admin-members-api/routes/route-handler-factory.ts,functions/src/admin-unclaimed-profiles-api/routes/index.ts,functions/src/admin-members-api/routes/read-profile.ts,functions/src/admin-members-api/app.ts,functions/src/admin-messages-api/plugins/admin-messages-plugin.ts,functions/src/admin-members-api/services/list-members.ts,functions/src/admin-members-api/routes/read-profile.test.ts,functions/src/admin-messages-api/routes/update-message.ts,functions/src/admin-members-api/services/update-claims.ts,functions/src/admin-unclaimed-profiles-api/services/index.ts,functions/src/admin-members-api/routes/toggle-profile-draft.ts,functions/src/members-api/routes/health.ts,functions/src/admin-unclaimed-profiles-api/services/get-unclaimed-profile.ts,functions/src/members-api/services/member/interface.ts,functions/src/members-api/routes/update-member-name.test.ts,functions/src/members-api/services/newsletter/interface.ts,functions/src/admin-unclaimed-profiles-api/test-utils/create-admin-test-plugin.ts,functions/src/admin-unclaimed-profiles-api/routes/refresh-payment-dates.ts,functions/src/admin-unclaimed-profiles-api/routes/refresh-payment-dates.test.ts,functions/src/admin-members-api/routes/refund-membership.test.ts,functions/src/members-api/fix-types.ts,functions/src/admin-members-api/types/services.ts,functions/src/members-api/routes/members.ts,functions/src/members-api/routes/update-member-name.ts,functions/src/admin-unclaimed-profiles-api/routes/delete-unclaimed-profile.test.ts,functions/src/members-api/types/services.ts,functions/src/admin-members-api/routes/list-members.test.ts,functions/src/admin-members-api/routes/update-member.ts,functions/src/admin-members-api/routes/update-claims.ts,functions/src/members-api/routes/update-newsletter-preference.ts,functions/src/members-api/services/verify-email/interface.ts,functions/src/admin-members-api/routes/link-profile.test.ts,functions/src/admin-messages-api/routes/list-messages.ts,functions/src/admin-members-api/services/activate-membership.ts,functions/src/admin-unclaimed-profiles-api/routes/get-unclaimed-profile.ts,functions/src/members-api/routes/health.test.ts,functions/src/admin-unclaimed-profiles-api/routes/get-unclaimed-profile.test.ts,functions/src/admin-unclaimed-profiles-api/routes/list-unclaimed-profiles.test.ts,functions/src/admin-members-api/routes/activate-membership.test.ts,functions/src/admin-members-api/services/verify-member-exists.ts,functions/src/admin-unclaimed-profiles-api/services/update-email.ts,functions/src/admin-members-api/routes/activate-membership.ts,functions/src/admin-members-api/services/toggle-profile-draft.ts,functions/src/admin-members-api/routes/clean-slate-delete.ts,functions/src/admin-messages-api/services/list-messages.ts,functions/src/scripts/fix-unclaimed-profile-slugs.ts,functions/src/admin-unclaimed-profiles-api/plugins/admin-unclaimed-profiles-plugin.ts,functions/src/admin-messages-api/app.ts,functions/src/admin-members-api/handler.ts,functions/src/members-api/test-utils/create-members-test-plugin.ts,functions/src/admin-unclaimed-profiles-api/routes/update-email.ts,functions/src/admin-members-api/services/cancel-membership.ts,functions/src/scripts/sync-collection-to-emulator.ts,functions/src/admin-members-api/routes/cancel-membership.ts,functions/src/members-api/plugins/members-plugin.ts,functions/src/admin-members-api/routes/get-member.test.ts,functions/src/admin-members-api/test-utils/create-admin-test-plugin.ts,functions/src/admin-members-api/services/interface.ts,functions/src/members-api/handler.test.ts,functions/src/profiles-api/routes/create-profile.ts,functions/src/profiles-api/utils/imagekit-client.ts,functions/src/profiles-api/routes/read-profile-by-slug.ts,functions/src/scripts/sync-profile-timestamps.ts,functions/src/profiles-api/routes/set-slug.test.ts,functions/src/profiles-api/routes/imagekit-auth.ts,functions/src/profiles-api/services/member/interface.ts,functions/src/admin-match-requests-api/routes/update-match-request.test.ts,functions/src/forms-api/services/recaptcha/types.ts,functions/src/profiles-api/services/firestore/interface.ts,functions/src/profiles-api/services/profile-store/delete-profile.ts,functions/src/stripe-webhook-api/schemas/stripe-webhook-schemas.ts,functions/src/profile-webhook-api/routes/handle-webhook.test.ts,functions/src/stripe-webhook-api/services/index.ts,functions/src/profiles-api/routes/delete-image.ts,functions/src/admin-match-requests-api/routes/get-match-request.ts,functions/src/stripe-webhook-api/services/interface.ts,functions/src/stripe-webhook-api/app.ts,functions/src/forms-api/test-utils/create-forms-test-plugins.ts,functions/src/profiles-api/services/profile-store/create-profile.ts,functions/src/profile-webhook-api/types/services.ts,functions/src/forms-api/services/form-storage/types.ts,functions/src/stripe-webhook-api/types/services.ts,functions/src/admin-match-requests-api/test-utils/create-admin-test-plugin.ts,functions/src/stripe-webhook-api/utils/create-new-member-document.ts,functions/src/profile-webhook-api/services/find-member-by-slug.ts,functions/src/profiles-api/services/profile-store/read-profile.ts,functions/src/forms-api/schemas/form-response-schemas.ts,functions/src/admin-match-requests-api/types/services.ts,functions/src/profile-webhook-api/schemas/profile-webhook-schemas.ts,functions/src/index.ts,functions/src/stripe-webhook-api/services/find-member-by-stripe-customer.ts,functions/src/profiles-api/services/profile-store/write-profile.ts,functions/src/profile-webhook-api/app.ts,functions/src/forms-api/services/form-storage/index.ts,functions/src/admin-match-requests-api/services/index.ts,functions/src/admin-match-requests-api/services/update-match-request.ts,functions/src/profiles-api/test-utils/create-profiles-test-plugin.ts,functions/src/forms-api/services/build-doula-match-notification.ts,functions/src/profiles-api/services/imagekit/delete-profile-image.ts,functions/src/admin-match-requests-api/app.ts,functions/src/profile-webhook-api/routes/handle-webhook.ts,functions/src/stripe-webhook-api/handler.ts,functions/src/profiles-api/routes/health.test.ts,functions/src/forms-api/services/form-storage/save-contact-form.ts,functions/src/admin-match-requests-api/routes/list-match-requests.ts,functions/src/stripe-webhook-api/utils/create-stripe-member-update.ts,functions/src/profiles-api/schemas/profile-schemas.ts,functions/src/admin-match-requests-api/schemas/match-request-schemas.ts,functions/src/profiles-api/routes/write-profile.test.ts,functions/src/stripe-webhook-api/services/cancel-stripe-subscription-at-period-end.ts,functions/src/stripe-webhook-api/test-utils/stripe-mocks.ts,functions/src/profiles-api/routes/write-profile.ts,functions/src/profiles-api/routes/read-profile-by-slug.test.ts,functions/src/profiles-api/routes/claim-profile.test.ts,functions/src/profiles-api/routes/check-slug-available.test.ts,functions/src/forms-api/routes/handle-contact-form.test.ts,functions/src/forms-api/services/recaptcha/interface.ts,functions/src/profiles-api/services/profile-store/trigger-rebuild.ts,functions/src/forms-api/routes/handle-match-form.test.ts,functions/src/profiles-api/services/profile-store/interface.ts,functions/src/stripe-webhook-api/utils/index.ts,functions/src/scripts/import-subscribers.ts,functions/src/stripe-webhook-api/services/check-idempotency.ts,functions/src/profiles-api/services/profile-store/draft-profile.ts,functions/src/profiles-api/services/auth-update/interface.ts,functions/src/profiles-api/services/auth-update/index.ts,functions/src/profiles-api/services/firestore/index.ts,functions/src/stripe-webhook-api/routes/handle-webhook.test.ts,functions/src/profiles-api/routes/check-slug-available.ts,functions/src/profiles-api/routes/index.ts,functions/src/forms-api/services/form-storage/save-match-request.ts,functions/src/profiles-api/routes/upload-image.ts,functions/src/profiles-api/services/profile-store/get-octokit.ts,functions/src/profiles-api/app.ts,functions/src/admin-match-requests-api/routes/list-match-requests.test.ts,functions/src/stripe-webhook-api/services/mark-event-processed.ts,functions/src/admin-match-requests-api/routes/get-match-request.test.ts,functions/src/profiles-api/routes/profile-route-handler-factory.ts,functions/src/profiles-api/services/member/index.ts,functions/src/admin-match-requests-api/services/list-match-requests.ts,functions/src/stripe-webhook-api/services/cancel-stripe-subscription.ts,functions/src/profiles-api/plugins/profiles-plugin.ts,functions/src/profiles-api/routes/claim-profile.ts,functions/src/forms-api/services/recaptcha/verify-token.ts,functions/src/forms-api/services/form-storage/interface.ts,functions/src/profile-webhook-api/test-utils/create-profile-webhook-test-plugin.ts,functions/src/forms-api/services/build-contact-form-notification.ts,functions/src/admin-match-requests-api/routes/update-match-request.ts,functions/src/stripe-webhook-api/services/process-subscription-updated.ts,functions/src/profile-webhook-api/handler.ts,functions/src/admin-match-requests-api/routes/index.ts,functions/src/profile-webhook-api/services/types.ts,functions/src/forms-api/plugins/contact-us-form-plugin.ts,functions/src/stripe-webhook-api/services/build-refund-notification-email.ts,functions/src/stripe-webhook-api/services/process-checkout-completed.ts,functions/src/profiles-api/routes/health.ts,functions/src/profile-webhook-api/services/index.ts,functions/src/stripe-webhook-api/services/process-refund-actions.ts,functions/src/admin-match-requests-api/services/interface.ts,functions/src/forms-api/routes/handle-contact-form.ts,functions/src/forms-api/types/services.ts,functions/src/profile-webhook-api/services/validate-payload.ts,functions/src/forms-api/app.ts,functions/src/profiles-api/routes/create-profile.test.ts,functions/src/profile-webhook-api/services/interface.ts,functions/src/stripe-webhook-api/test-utils/create-stripe-webhook-test-plugin.ts,functions/src/forms-api/handler.ts,functions/src/stripe-webhook-api/utils/membership-dates.ts,functions/src/profiles-api/routes/upload-image.test.ts,functions/src/profiles-api/handler.ts,functions/src/stripe-webhook-api/services/delete-stripe-customer.ts,functions/src/stripe-webhook-api/services/process-subscription-ended.ts,functions/src/scripts/test-stripe-webhook.ts,functions/src/admin-match-requests-api/services/get-match-request.ts,functions/src/profiles-api/services/profile-store/index.ts,functions/src/stripe-webhook-api/services/process-charge-refunded.ts,functions/src/stripe-webhook-api/routes/handle-webhook.ts,functions/src/forms-api/routes/handle-match-form.ts,functions/src/forms-api/plugins/doula-match-form-plugin.ts,functions/src/admin-match-requests-api/plugins/admin-match-requests-plugin.ts,functions/src/profile-webhook-api/plugins/profile-webhook-plugin.ts,functions/src/profiles-api/routes/imagekit-auth.test.ts,functions/src/stripe-webhook-api/utils/create-stripe-member-document.ts,functions/src/profiles-api/routes/delete-image.test.ts,functions/src/profiles-api/types/services.ts,functions/src/profile-webhook-api/services/send-notification-email.ts,functions/src/forms-api/services/recaptcha/index.ts,functions/src/profiles-api/routes/set-slug.ts,functions/src/profile-webhook-api/services/verify-secret.ts,functions/src/stripe-webhook-api/plugins/stripe-webhook-plugin.ts,functions/src/admin-match-requests-api/handler.ts,functions/src/stripe-webhook-api/services/verify-signature.ts,functions/src/stripe-webhook-api/handler.test.ts
[NX v22.5.4 Daemon Server] - 2026-03-16T15:30:32.293Z - [REQUEST]: functions/src/admin-members-api/test-utils/.!87521!create-admin-test-plugin.ts,functions/src/admin-messages-api/services/.!87521!interface.ts,functions/src/admin-members-api/routes/.!87521!update-claims.test.ts,functions/src/admin-unclaimed-profiles-api/routes/.!87521!admin-unclaimed-profiles.test.ts,functions/src/scripts/.!87521!cleanup-test-data.ts,functions/src/admin-members-api/routes/.!87521!cancel-membership.test.ts,functions/src/admin-unclaimed-profiles-api/test-utils/.!87521!create-admin-test-plugin.ts,functions/src/members-api/plugins/.!87521!members-plugin.ts,functions/src/members-api/routes/.!87521!update-newsletter-preference.ts,functions/src/admin-unclaimed-profiles-api/services/.!87521!update-email.ts,functions/src/scripts/.!87521!seed-claim-test.ts,functions/src/admin-members-api/routes/.!87521!link-profile.ts,functions/src/members-api/types/.!87521!services.ts,functions/src/admin-members-api/services/.!87521!refund-membership.ts,functions/src/admin-unclaimed-profiles-api/schemas/.!87521!unclaimed-profile-schemas.ts,functions/src/members-api/routes/.!87521!health.ts,functions/src/admin-members-api/routes/.!87521!health.ts,functions/src/admin-members-api/services/.!87521!cancel-membership.ts,functions/src/scripts/.!87521!sync-profile-timestamps.ts,functions/src/admin-messages-api/.!87521!app.ts,functions/src/admin-members-api/routes/.!87521!link-profile.test.ts,functions/src/admin-members-api/services/.!87521!list-unlinked-profiles.ts,functions/src/admin-members-api/plugins/.!87521!admin-members-plugin.ts,functions/src/admin-unclaimed-profiles-api/routes/.!87521!update-email.ts,functions/src/admin-unclaimed-profiles-api/services/.!87521!delete-unclaimed-profile.ts,functions/src/admin-members-api/services/.!87521!activate-membership.ts,functions/src/admin-members-api/routes/.!87521!clean-slate-delete.test.ts,functions/src/members-api/routes/.!87521!members.ts,functions/src/admin-messages-api/routes/.!87521!list-messages.ts,functions/src/members-api/.!87521!handler.test.ts,functions/src/admin-unclaimed-profiles-api/services/.!87521!list-unclaimed-profiles.ts,functions/src/members-api/services/verify-email/.!87521!interface.ts,functions/src/admin-members-api/.!87521!handler.ts,functions/src/members-api/.!87521!fix-types.ts,functions/src/admin-members-api/services/.!87521!update-claims.ts,functions/src/admin-messages-api/services/.!87521!get-message.ts,functions/src/admin-unclaimed-profiles-api/plugins/.!87521!admin-unclaimed-profiles-plugin.ts,functions/src/admin-members-api/routes/.!87521!get-member.test.ts,functions/src/admin-unclaimed-profiles-api/services/.!87521!index.ts,functions/src/admin-members-api/routes/.!87521!list-unlinked-profiles.ts,functions/src/admin-members-api/routes/.!87521!update-claims.ts,functions/src/admin-messages-api/routes/.!87521!index.ts,functions/src/members-api/services/member/.!87521!member-service.ts,functions/src/admin-unclaimed-profiles-api/services/.!87521!refresh-payment-dates.ts,functions/src/scripts/.!87521!fix-unclaimed-profile-slugs.ts,functions/src/admin-unclaimed-profiles-api/routes/.!87521!refresh-payment-dates.test.ts,functions/src/admin-members-api/services/.!87521!interface.ts,functions/src/admin-members-api/routes/.!87521!cancel-membership.ts,functions/src/admin-unclaimed-profiles-api/routes/.!87521!get-unclaimed-profile.test.ts,functions/src/admin-unclaimed-profiles-api/routes/.!87521!refresh-payment-dates.ts,functions/src/admin-members-api/routes/.!87521!activate-membership.test.ts,functions/src/admin-members-api/routes/.!87521!list-unlinked-profiles.test.ts,functions/src/admin-unclaimed-profiles-api/routes/.!87521!delete-unclaimed-profile.ts,functions/src/admin-unclaimed-profiles-api/services/.!87521!interface.ts,functions/src/scripts/.!87521!set-initial-admin.ts,functions/src/admin-members-api/schemas/.!87521!member-schemas.ts,functions/src/admin-members-api/routes/.!87521!list-members.test.ts,functions/src/admin-members-api/routes/.!87521!read-profile.ts,functions/src/admin-members-api/services/.!87521!is-admin.ts,functions/src/members-api/.!87521!handler.ts,functions/src/admin-unclaimed-profiles-api/.!87521!handler.ts,functions/src/members-api/services/newsletter/.!87521!newsletter-service.ts,functions/src/admin-members-api/routes/.!87521!refund-membership.ts,functions/src/admin-members-api/routes/.!87521!list-members.ts,functions/src/admin-messages-api/routes/.!87521!get-message.ts,functions/src/admin-messages-api/test-utils/.!87521!create-admin-test-plugin.ts,functions/src/admin-messages-api/plugins/.!87521!admin-messages-plugin.ts,functions/src/admin-members-api/routes/.!87521!refund-membership.test.ts,functions/src/admin-messages-api/services/.!87521!update-message.ts,functions/src/admin-unclaimed-profiles-api/services/.!87521!get-unclaimed-profile.ts,functions/src/members-api/types/.!87521!route-context.ts,functions/src/admin-unclaimed-profiles-api/routes/.!87521!update-email.test.ts,functions/src/scripts/.!87521!sync-collection-to-emulator.ts,functions/src/admin-members-api/services/.!87521!toggle-profile-draft.ts,functions/src/admin-members-api/routes/.!87521!read-profile.test.ts,functions/src/admin-messages-api/routes/.!87521!update-message.ts,functions/src/admin-members-api/services/.!87521!read-profile.ts,functions/src/admin-messages-api/.!87521!handler.ts,functions/src/admin-members-api/services/.!87521!extend-membership.ts,functions/src/admin-members-api/.!87521!app.ts,functions/src/members-api/routes/.!87521!update-member-name.test.ts,functions/src/admin-members-api/services/.!87521!link-profile.ts,functions/src/members-api/.!87521!app.ts,functions/src/admin-members-api/services/.!87521!clean-slate-delete.ts,functions/src/admin-members-api/services/.!87521!verify-member-exists.ts,functions/src/admin-members-api/services/.!87521!update-member.ts,functions/src/admin-messages-api/schemas/.!87521!message-schemas.ts,functions/src/members-api/routes/.!87521!members.test.ts,functions/src/admin-members-api/routes/.!87521!extend-membership.ts,functions/src/members-api/routes/.!87521!cancel-membership.ts,functions/src/members-api/routes/.!87521!verify-email.test.ts,functions/src/admin-members-api/routes/.!87521!toggle-profile-draft.test.ts,functions/src/admin-members-api/routes/.!87521!toggle-profile-draft.ts,functions/src/admin-members-api/routes/.!87521!update-member.ts,functions/src/admin-unclaimed-profiles-api/.!87521!app.ts,functions/src/members-api/routes/.!87521!update-member-name.ts,functions/src/admin-members-api/routes/.!87521!activate-membership.ts,functions/src/admin-messages-api/services/.!87521!index.ts,functions/src/admin-messages-api/routes/.!87521!admin-messages.test.ts,functions/src/members-api/services/newsletter/.!87521!interface.ts,functions/src/members-api/routes/.!87521!update-newsletter-preference.test.ts,functions/src/admin-unclaimed-profiles-api/routes/.!87521!delete-unclaimed-profile.test.ts,functions/src/admin-members-api/routes/.!87521!index.ts,functions/src/admin-unclaimed-profiles-api/routes/.!87521!get-unclaimed-profile.ts,functions/src/admin-members-api/routes/.!87521!get-member.ts,functions/src/admin-unclaimed-profiles-api/routes/.!87521!list-unclaimed-profiles.ts,functions/src/members-api/schemas/.!87521!member-schemas.ts,functions/src/admin-members-api/routes/.!87521!extend-membership.test.ts,functions/src/admin-members-api/types/.!87521!services.ts,functions/src/members-api/routes/.!87521!health.test.ts,functions/src/members-api/test-utils/.!87521!create-members-test-plugin.ts,functions/src/members-api/services/verify-email/.!87521!verify-email-service.ts,functions/src/admin-members-api/routes/.!87521!clean-slate-delete.ts,functions/src/members-api/services/member/.!87521!interface.ts,functions/src/admin-members-api/routes/.!87521!update-member.test.ts,functions/src/admin-members-api/services/.!87521!index.ts,functions/src/admin-members-api/services/.!87521!firestore-helpers.ts,functions/src/admin-members-api/routes/.!87521!route-handler-factory.ts,functions/src/admin-messages-api/types/.!87521!services.ts,functions/src/admin-unclaimed-profiles-api/types/.!87521!services.ts,functions/src/members-api/routes/.!87521!cancel-membership.test.ts,functions/src/admin-members-api/services/.!87521!list-members.ts,functions/src/members-api/routes/.!87521!verify-email.ts,functions/src/admin-messages-api/services/.!87521!list-messages.ts,functions/src/admin-unclaimed-profiles-api/routes/.!87521!index.ts,functions/src/admin-unclaimed-profiles-api/routes/.!87521!list-unclaimed-profiles.test.ts,functions/src/admin-unclaimed-profiles-api/services/.!87521!delete-unclaimed-profile.test.ts,functions/src/stripe-webhook-api/utils/.!87521!index.ts,functions/src/stripe-webhook-api/.!87521!handler.test.ts,functions/src/profile-webhook-api/services/.!87521!send-notification-email.ts,functions/src/profile-webhook-api/services/.!87521!find-member-by-slug.ts,functions/src/stripe-webhook-api/schemas/.!87521!stripe-webhook-schemas.ts,functions/src/profiles-api/routes/.!87521!set-slug.test.ts,functions/src/profiles-api/services/member/.!87521!interface.ts,functions/src/stripe-webhook-api/services/.!87521!process-subscription-ended.ts,functions/src/profiles-api/routes/.!87521!write-profile.ts,functions/src/admin-match-requests-api/.!87521!handler.ts,functions/src/profiles-api/routes/.!87521!set-slug.ts,functions/src/forms-api/types/.!87521!services.ts,functions/src/profile-webhook-api/routes/.!87521!handle-webhook.test.ts,functions/src/forms-api/.!87521!app.ts,functions/src/profile-webhook-api/services/.!87521!validate-payload.ts,functions/src/admin-match-requests-api/.!87521!app.ts,functions/src/stripe-webhook-api/services/.!87521!mark-event-processed.ts,functions/src/forms-api/services/form-storage/.!87521!save-match-request.ts,functions/src/stripe-webhook-api/services/.!87521!process-charge-refunded.ts,functions/src/stripe-webhook-api/services/.!87521!verify-signature.ts,functions/src/profiles-api/routes/.!87521!profile-route-handler-factory.ts,functions/src/profiles-api/routes/.!87521!claim-profile.test.ts,functions/src/profiles-api/routes/.!87521!health.ts,functions/src/forms-api/plugins/.!87521!doula-match-form-plugin.ts,functions/src/stripe-webhook-api/utils/.!87521!create-stripe-member-document.ts,functions/src/profiles-api/services/profile-store/.!87521!get-octokit.ts,functions/src/forms-api/services/form-storage/.!87521!save-contact-form.ts,functions/src/stripe-webhook-api/services/.!87521!process-refund-actions.ts,functions/src/profile-webhook-api/types/.!87521!services.ts,functions/src/profiles-api/plugins/.!87521!profiles-plugin.ts,functions/src/profile-webhook-api/services/.!87521!verify-secret.ts,functions/src/admin-match-requests-api/routes/.!87521!update-match-request.ts,functions/src/stripe-webhook-api/services/.!87521!cancel-stripe-subscription-at-period-end.ts,functions/src/forms-api/services/form-storage/.!87521!interface.ts,functions/src/forms-api/services/recaptcha/.!87521!types.ts,functions/src/forms-api/services/.!87521!build-doula-match-notification.ts,functions/src/profiles-api/services/profile-store/.!87521!read-profile.ts,functions/src/profile-webhook-api/.!87521!app.ts,functions/src/forms-api/schemas/.!87521!form-response-schemas.ts,functions/src/profiles-api/routes/.!87521!index.ts,functions/src/profiles-api/routes/.!87521!health.test.ts,functions/src/forms-api/plugins/.!87521!contact-us-form-plugin.ts,functions/src/stripe-webhook-api/services/.!87521!index.ts,functions/src/profiles-api/test-utils/.!87521!create-profiles-test-plugin.ts,functions/src/profiles-api/.!87521!handler.ts,functions/src/profiles-api/routes/.!87521!read-profile-by-slug.ts,functions/src/profile-webhook-api/.!87521!handler.ts,functions/src/profiles-api/.!87521!app.ts,functions/src/forms-api/.!87521!handler.ts,functions/src/profile-webhook-api/routes/.!87521!handle-webhook.ts,functions/src/profiles-api/routes/.!87521!imagekit-auth.test.ts,functions/src/profiles-api/services/auth-update/.!87521!interface.ts,functions/src/admin-match-requests-api/services/.!87521!update-match-request.ts,functions/src/forms-api/services/form-storage/.!87521!index.ts,functions/src/scripts/.!87521!import-subscribers.ts,functions/src/forms-api/services/form-storage/.!87521!types.ts,functions/src/profiles-api/routes/.!87521!claim-profile.ts,functions/src/admin-match-requests-api/services/.!87521!index.ts,functions/src/profiles-api/routes/.!87521!check-slug-available.ts,functions/src/scripts/.!87521!test-stripe-webhook.ts,functions/src/stripe-webhook-api/utils/.!87521!membership-dates.ts,functions/src/stripe-webhook-api/services/.!87521!delete-stripe-customer.ts,functions/src/forms-api/test-utils/.!87521!create-forms-test-plugins.ts,functions/src/profile-webhook-api/schemas/.!87521!profile-webhook-schemas.ts,functions/src/profiles-api/services/firestore/.!87521!interface.ts,functions/src/profile-webhook-api/plugins/.!87521!profile-webhook-plugin.ts,functions/src/admin-match-requests-api/test-utils/.!87521!create-admin-test-plugin.ts,functions/src/forms-api/routes/.!87521!handle-match-form.test.ts,functions/src/stripe-webhook-api/types/.!87521!services.ts,functions/src/stripe-webhook-api/utils/.!87521!create-stripe-member-update.ts,functions/src/profiles-api/routes/.!87521!delete-image.ts,functions/src/profiles-api/services/profile-store/.!87521!write-profile.ts,functions/src/forms-api/routes/.!87521!handle-contact-form.ts,functions/src/forms-api/services/recaptcha/.!87521!interface.ts,functions/src/profiles-api/services/profile-store/.!87521!create-profile.ts,functions/src/admin-match-requests-api/routes/.!87521!update-match-request.test.ts,functions/src/admin-match-requests-api/types/.!87521!services.ts,functions/src/stripe-webhook-api/services/.!87521!process-checkout-completed.ts,functions/src/stripe-webhook-api/services/.!87521!find-member-by-stripe-customer.ts,functions/src/forms-api/routes/.!87521!handle-contact-form.test.ts,functions/src/profiles-api/schemas/.!87521!profile-schemas.ts,functions/src/admin-match-requests-api/routes/.!87521!list-match-requests.ts,functions/src/profiles-api/services/profile-store/.!87521!draft-profile.ts,functions/src/profiles-api/services/firestore/.!87521!index.ts,functions/src/stripe-webhook-api/plugins/.!87521!stripe-webhook-plugin.ts,functions/src/profiles-api/services/profile-store/.!87521!delete-profile.ts,functions/src/stripe-webhook-api/test-utils/.!87521!stripe-mocks.ts,functions/src/stripe-webhook-api/services/.!87521!process-subscription-updated.ts,functions/src/admin-match-requests-api/routes/.!87521!get-match-request.ts,functions/src/profile-webhook-api/services/.!87521!interface.ts,functions/src/profiles-api/services/auth-update/.!87521!index.ts,functions/src/profiles-api/services/profile-store/.!87521!index.ts,functions/src/profile-webhook-api/test-utils/.!87521!create-profile-webhook-test-plugin.ts,functions/src/stripe-webhook-api/utils/.!87521!create-new-member-document.ts,functions/src/stripe-webhook-api/routes/.!87521!handle-webhook.test.ts,functions/src/profiles-api/routes/.!87521!check-slug-available.test.ts,functions/src/profiles-api/services/imagekit/.!87521!delete-profile-image.ts,functions/src/forms-api/routes/.!87521!handle-match-form.ts,functions/src/admin-match-requests-api/routes/.!87521!get-match-request.test.ts,functions/src/profiles-api/routes/.!87521!create-profile.ts,functions/src/profiles-api/types/.!87521!services.ts,functions/src/profiles-api/routes/.!87521!read-profile-by-slug.test.ts,functions/src/profiles-api/routes/.!87521!upload-image.test.ts,functions/src/profiles-api/routes/.!87521!create-profile.test.ts,functions/src/forms-api/services/recaptcha/.!87521!index.ts,functions/src/profiles-api/routes/.!87521!upload-image.ts,functions/src/forms-api/services/.!87521!build-contact-form-notification.ts,functions/src/admin-match-requests-api/plugins/.!87521!admin-match-requests-plugin.ts,functions/src/profiles-api/routes/.!87521!delete-image.test.ts,functions/src/.!87521!index.ts,functions/src/profiles-api/services/profile-store/.!87521!interface.ts,functions/src/stripe-webhook-api/services/.!87521!cancel-stripe-subscription.ts,functions/src/admin-match-requests-api/services/.!87521!list-match-requests.ts,functions/src/forms-api/services/recaptcha/.!87521!verify-token.ts,functions/src/profiles-api/utils/.!87521!imagekit-client.ts,functions/src/stripe-webhook-api/test-utils/.!87521!create-stripe-webhook-test-plugin.ts,functions/src/stripe-webhook-api/.!87521!app.ts,functions/src/stripe-webhook-api/services/.!87521!check-idempotency.ts,functions/src/admin-match-requests-api/schemas/.!87521!match-request-schemas.ts,functions/src/stripe-webhook-api/routes/.!87521!handle-webhook.ts,functions/src/profile-webhook-api/services/.!87521!index.ts,functions/src/stripe-webhook-api/services/.!87521!interface.ts,functions/src/stripe-webhook-api/services/.!87521!build-refund-notification-email.ts,functions/src/profiles-api/services/member/.!87521!index.ts,functions/src/profiles-api/routes/.!87521!imagekit-auth.ts,functions/src/stripe-webhook-api/.!87521!handler.ts,functions/src/admin-match-requests-api/routes/.!87521!list-match-requests.test.ts,functions/src/profiles-api/services/profile-store/.!87521!trigger-rebuild.ts,functions/src/admin-match-requests-api/services/.!87521!get-match-request.ts,functions/src/profiles-api/routes/.!87521!write-profile.test.ts,functions/src/admin-match-requests-api/services/.!87521!interface.ts,functions/src/admin-match-requests-api/routes/.!87521!index.ts,functions/src/profile-webhook-api/services/.!87521!types.ts
[NX v22.5.4 Daemon Server] - 2026-03-16T15:30:32.304Z - Time taken for 'hash changed files from watcher' 19.28195900004357ms
Time for 'nx/js/dependencies-and-lockfile:createNodes' 11.203708999790251
Time for 'plugin worker 87525 code loading' 5.400832999999999
Time for 'plugin worker 87529 code loading' 8.165916000000001
Time for 'plugin worker 87526 code loading' 6.991458999999999
[NX v22.5.4 Daemon Server] - 2026-03-16T15:30:32.339Z - Time taken for 'start-plugin-worker:@nx/eslint/plugin' 44.16487499978393ms
Time for 'plugin worker 87527 code loading' 3.849209000000002
Time for 'plugin worker 87528 code loading' 4.820708999999999
[NX v22.5.4 Daemon Server] - 2026-03-16T15:30:32.347Z - Time taken for 'start-plugin-worker:@nx/docker' 47.728625000454485ms
[NX v22.5.4 Daemon Server] - 2026-03-16T15:30:32.594Z - Established a connection. Number of open connections: 1
[NX v22.5.4 Daemon Server] - 2026-03-16T15:30:32.595Z - Established a connection. Number of open connections: 2
[NX v22.5.4 Daemon Server] - 2026-03-16T15:30:32.595Z - Closed a connection. Number of open connections: 1
[NX v22.5.4 Daemon Client] - 2026-03-16T15:30:32.594Z - [Messenger] Setting up socket listeners
[NX v22.5.4 Daemon Client] - 2026-03-16T15:30:32.596Z - [Messenger] listen() complete
[NX v22.5.4 Daemon Client] - 2026-03-16T15:30:32.596Z - [Messenger] Sending message type: HASH_MULTI_GLOB
[NX v22.5.4 Daemon Client] - 2026-03-16T15:30:32.596Z - [Messenger] Message sent
Time for 'daemon-message-serialization-HASH_MULTI_GLOB' 0.12091700000001993
[NX v22.5.4 Daemon Server] - 2026-03-16T15:30:32.608Z - Received raw message of length 50
[NX v22.5.4 Daemon Server] - 2026-03-16T15:30:32.608Z - Received json message of type HASH_MULTI_GLOB
[NX v22.5.4 Daemon Server] - 2026-03-16T15:30:32.609Z - Serializing response for HASH_GLOB message in json mode
[NX v22.5.4 Daemon Server] - 2026-03-16T15:30:32.609Z - Responding to HASH_GLOB message
[NX v22.5.4 Daemon Server] - 2026-03-16T15:30:32.609Z - [REQUEST]: Responding to the client. handleHashMultiGlob
[NX v22.5.4 Daemon Server] - 2026-03-16T15:30:32.609Z - Done responding to the client handleHashMultiGlob
[NX v22.5.4 Daemon Server] - 2026-03-16T15:30:32.609Z - Handled json message HASH_GLOB. Handling time: 1. Response time: 0.
[NX v22.5.4 Daemon Client] - 2026-03-16T15:30:32.610Z - [Messenger] Received message, length: 24
[NX v22.5.4 Daemon Server] - 2026-03-16T15:30:32.612Z - Established a connection. Number of open connections: 2
[NX v22.5.4 Daemon Server] - 2026-03-16T15:30:32.612Z - Established a connection. Number of open connections: 3
[NX v22.5.4 Daemon Server] - 2026-03-16T15:30:32.612Z - Closed a connection. Number of open connections: 2
[NX v22.5.4 Daemon Client] - 2026-03-16T15:30:32.612Z - [Messenger] Setting up socket listeners
[NX v22.5.4 Daemon Client] - 2026-03-16T15:30:32.613Z - [Messenger] listen() complete
[NX v22.5.4 Daemon Client] - 2026-03-16T15:30:32.613Z - [Messenger] Sending message type: GLOB
[NX v22.5.4 Daemon Client] - 2026-03-16T15:30:32.613Z - [Messenger] Message sent
Time for 'daemon-message-serialization-GLOB' 0.07629099999996924
[NX v22.5.4 Daemon Server] - 2026-03-16T15:30:32.626Z - Received raw message of length 73
[NX v22.5.4 Daemon Server] - 2026-03-16T15:30:32.626Z - Received json message of type GLOB
[NX v22.5.4 Daemon Server] - 2026-03-16T15:30:32.626Z - Serializing response for GLOB message in json mode
[NX v22.5.4 Daemon Server] - 2026-03-16T15:30:32.627Z - Responding to GLOB message
[NX v22.5.4 Daemon Server] - 2026-03-16T15:30:32.627Z - [REQUEST]: Responding to the client. handleGlob
[NX v22.5.4 Daemon Server] - 2026-03-16T15:30:32.628Z - Done responding to the client handleGlob
[NX v22.5.4 Daemon Server] - 2026-03-16T15:30:32.628Z - Handled json message GLOB. Handling time: 0. Response time: 2.
[NX v22.5.4 Daemon Client] - 2026-03-16T15:30:32.629Z - [Messenger] Received message, length: 28246
[NX v22.5.4 Daemon Client] - 2026-03-16T15:30:32.630Z - [Messenger] Sending message type: HASH_MULTI_GLOB
[NX v22.5.4 Daemon Client] - 2026-03-16T15:30:32.630Z - [Messenger] Message sent
[NX v22.5.4 Daemon Server] - 2026-03-16T15:30:32.630Z - Received raw message of length 429
[NX v22.5.4 Daemon Server] - 2026-03-16T15:30:32.630Z - Received json message of type HASH_MULTI_GLOB
[NX v22.5.4 Daemon Server] - 2026-03-16T15:30:32.634Z - Serializing response for HASH_GLOB message in json mode
[NX v22.5.4 Daemon Server] - 2026-03-16T15:30:32.634Z - Responding to HASH_GLOB message
[NX v22.5.4 Daemon Server] - 2026-03-16T15:30:32.634Z - [REQUEST]: Responding to the client. handleHashMultiGlob
[NX v22.5.4 Daemon Server] - 2026-03-16T15:30:32.634Z - Done responding to the client handleHashMultiGlob
[NX v22.5.4 Daemon Server] - 2026-03-16T15:30:32.634Z - Handled json message HASH_GLOB. Handling time: 4. Response time: 0.
Time for 'GLOB round trip' 16.13012500000002
Time for 'deserialize daemon response - GLOB' 0.11420800000001918
Time for 'daemon-message-serialization-HASH_MULTI_GLOB' 0.013958999999999833
[NX v22.5.4 Daemon Client] - 2026-03-16T15:30:32.634Z - [Messenger] Received message, length: 134
[NX v22.5.4 Daemon Server] - 2026-03-16T15:30:32.654Z - Closed a connection. Number of open connections: 1
Time for 'HASH_MULTI_GLOB round trip' 4.4232920000000036
Time for 'deserialize daemon response - HASH_MULTI_GLOB' 0.02179200000000492
[baseline-browser-mapping] The data in this module is over two months old.  To ensure accurate Baseline data, please update: `npm i baseline-browser-mapping@latest -D`
[NX v22.5.4 Daemon Server] - 2026-03-16T15:30:33.116Z - Time taken for 'build-project-configs' 812.4468329995871ms
[NX v22.5.4 Daemon Server] - 2026-03-16T15:30:33.141Z - Closed a connection. Number of open connections: 0
Time for 'build typescript dependencies' 23.81737499963492
[NX v22.5.4 Daemon Server] - 2026-03-16T15:30:33.213Z - [SYNC]: collect registered sync generators
[NX v22.5.4 Daemon Server] - 2026-03-16T15:30:33.214Z - [SYNC]: project graph hash is the same, not collecting task sync generators
[NX v22.5.4 Daemon Server] - 2026-03-16T15:30:33.214Z - [SYNC]: nx.json hash is the same, not collecting global sync generators
[NX v22.5.4 Daemon Server] - 2026-03-16T15:30:33.214Z - Time taken for 'total execution time for createProjectGraph()' 103.35366700030863ms
[NX v22.5.4 Daemon Server] - 2026-03-16T15:31:26.935Z - [WATCHER]: Processing file changes in outputs
[NX v22.5.4 Daemon Server] - 2026-03-16T15:31:26.935Z - [WATCHER]: 49 file(s) created or restored, 0 file(s) modified, 49 file(s) deleted
[NX v22.5.4 Daemon Server] - 2026-03-16T15:31:26.936Z - [SYNC]: clearing sync generators cache due to file changes
[NX v22.5.4 Daemon Server] - 2026-03-16T15:31:27.041Z - [REQUEST]: Updated workspace context based on watched changes, recomputing project graph...
[NX v22.5.4 Daemon Server] - 2026-03-16T15:31:27.041Z - [REQUEST]: functions/src/profiles-api/routes/claim-profile.test.ts,functions/src/profiles-api/routes/delete-image.test.ts,functions/src/profiles-api/routes/write-profile.test.ts,functions/src/admin-members-api/routes/link-profile.test.ts,functions/src/admin-members-api/routes/cancel-membership.test.ts,functions/src/members-api/routes/update-member-name.test.ts,functions/src/profiles-api/routes/health.test.ts,functions/src/members-api/routes/cancel-membership.test.ts,functions/src/members-api/routes/verify-email.test.ts,functions/src/admin-unclaimed-profiles-api/routes/update-email.test.ts,functions/src/admin-members-api/routes/activate-membership.test.ts,functions/src/profiles-api/routes/read-profile-by-slug.test.ts,functions/src/admin-members-api/routes/refund-membership.test.ts,functions/src/admin-match-requests-api/routes/list-match-requests.test.ts,functions/src/admin-unclaimed-profiles-api/routes/delete-unclaimed-profile.test.ts,functions/src/profile-webhook-api/routes/handle-webhook.test.ts,functions/src/admin-match-requests-api/test-utils/create-admin-test-plugin.ts,functions/src/profiles-api/routes/set-slug.test.ts,functions/src/admin-members-api/routes/update-member.test.ts,functions/src/members-api/routes/update-newsletter-preference.test.ts,functions/src/admin-messages-api/test-utils/create-admin-test-plugin.ts,functions/src/admin-unclaimed-profiles-api/routes/admin-unclaimed-profiles.test.ts,functions/src/admin-unclaimed-profiles-api/routes/list-unclaimed-profiles.test.ts,functions/src/admin-members-api/routes/get-member.test.ts,functions/src/admin-members-api/routes/clean-slate-delete.test.ts,functions/src/admin-members-api/routes/list-members.test.ts,functions/src/admin-members-api/routes/extend-membership.test.ts,functions/src/admin-unclaimed-profiles-api/test-utils/create-admin-test-plugin.ts,functions/src/admin-members-api/routes/toggle-profile-draft.test.ts,functions/src/profiles-api/routes/upload-image.test.ts,functions/src/members-api/routes/health.test.ts,functions/src/profiles-api/routes/imagekit-auth.test.ts,functions/src/admin-members-api/routes/read-profile.test.ts,functions/src/admin-members-api/routes/update-claims.test.ts,functions/src/forms-api/routes/handle-match-form.test.ts,functions/src/admin-members-api/test-utils/create-admin-test-plugin.ts,functions/src/admin-match-requests-api/routes/update-match-request.test.ts,functions/src/admin-match-requests-api/routes/get-match-request.test.ts,functions/src/admin-messages-api/routes/admin-messages.test.ts,functions/src/profiles-api/routes/check-slug-available.test.ts,functions/src/profiles-api/routes/create-profile.test.ts,functions/src/admin-members-api/routes/list-unlinked-profiles.test.ts,functions/src/admin-unclaimed-profiles-api/routes/get-unclaimed-profile.test.ts,functions/src/profiles-api/test-utils/create-profiles-test-plugin.ts,functions/src/members-api/routes/members.test.ts,functions/src/admin-unclaimed-profiles-api/routes/refresh-payment-dates.test.ts,functions/src/members-api/test-utils/create-members-test-plugin.ts,functions/src/forms-api/routes/handle-contact-form.test.ts,functions/src/stripe-webhook-api/routes/handle-webhook.test.ts
[NX v22.5.4 Daemon Server] - 2026-03-16T15:31:27.041Z - [REQUEST]: functions/src/profile-webhook-api/routes/.!88343!handle-webhook.test.ts,functions/src/profiles-api/routes/.!88343!set-slug.test.ts,functions/src/forms-api/routes/.!88343!handle-match-form.test.ts,functions/src/admin-unclaimed-profiles-api/routes/.!88343!delete-unclaimed-profile.test.ts,functions/src/admin-unclaimed-profiles-api/routes/.!88343!refresh-payment-dates.test.ts,functions/src/admin-members-api/routes/.!88343!cancel-membership.test.ts,functions/src/members-api/routes/.!88343!verify-email.test.ts,functions/src/admin-members-api/routes/.!88343!list-unlinked-profiles.test.ts,functions/src/admin-members-api/routes/.!88343!activate-membership.test.ts,functions/src/profiles-api/routes/.!88343!imagekit-auth.test.ts,functions/src/profiles-api/test-utils/.!88343!create-profiles-test-plugin.ts,functions/src/admin-members-api/routes/.!88343!list-members.test.ts,functions/src/profiles-api/routes/.!88343!create-profile.test.ts,functions/src/admin-members-api/routes/.!88343!update-member.test.ts,functions/src/admin-members-api/routes/.!88343!link-profile.test.ts,functions/src/profiles-api/routes/.!88343!health.test.ts,functions/src/admin-match-requests-api/routes/.!88343!list-match-requests.test.ts,functions/src/admin-members-api/routes/.!88343!clean-slate-delete.test.ts,functions/src/members-api/routes/.!88343!cancel-membership.test.ts,functions/src/admin-match-requests-api/routes/.!88343!update-match-request.test.ts,functions/src/profiles-api/routes/.!88343!upload-image.test.ts,functions/src/profiles-api/routes/.!88343!write-profile.test.ts,functions/src/forms-api/routes/.!88343!handle-contact-form.test.ts,functions/src/admin-members-api/routes/.!88343!extend-membership.test.ts,functions/src/admin-unclaimed-profiles-api/routes/.!88343!update-email.test.ts,functions/src/admin-members-api/routes/.!88343!read-profile.test.ts,functions/src/members-api/routes/.!88343!update-newsletter-preference.test.ts,functions/src/admin-members-api/routes/.!88343!toggle-profile-draft.test.ts,functions/src/profiles-api/routes/.!88343!delete-image.test.ts,functions/src/admin-members-api/routes/.!88343!get-member.test.ts,functions/src/admin-members-api/test-utils/.!88343!create-admin-test-plugin.ts,functions/src/stripe-webhook-api/routes/.!88343!handle-webhook.test.ts,functions/src/admin-members-api/routes/.!88343!update-claims.test.ts,functions/src/admin-messages-api/test-utils/.!88343!create-admin-test-plugin.ts,functions/src/admin-match-requests-api/test-utils/.!88343!create-admin-test-plugin.ts,functions/src/admin-members-api/routes/.!88343!refund-membership.test.ts,functions/src/admin-unclaimed-profiles-api/test-utils/.!88343!create-admin-test-plugin.ts,functions/src/members-api/routes/.!88343!update-member-name.test.ts,functions/src/profiles-api/routes/.!88343!claim-profile.test.ts,functions/src/admin-match-requests-api/routes/.!88343!get-match-request.test.ts,functions/src/admin-unclaimed-profiles-api/routes/.!88343!get-unclaimed-profile.test.ts,functions/src/members-api/test-utils/.!88343!create-members-test-plugin.ts,functions/src/admin-messages-api/routes/.!88343!admin-messages.test.ts,functions/src/members-api/routes/.!88343!health.test.ts,functions/src/members-api/routes/.!88343!members.test.ts,functions/src/profiles-api/routes/.!88343!read-profile-by-slug.test.ts,functions/src/profiles-api/routes/.!88343!check-slug-available.test.ts,functions/src/admin-unclaimed-profiles-api/routes/.!88343!admin-unclaimed-profiles.test.ts,functions/src/admin-unclaimed-profiles-api/routes/.!88343!list-unclaimed-profiles.test.ts
[NX v22.5.4 Daemon Server] - 2026-03-16T15:31:27.047Z - Time taken for 'hash changed files from watcher' 4.123250000178814ms
Time for 'nx/js/dependencies-and-lockfile:createNodes' 6.1154590006917715
Time for 'plugin worker 88354 code loading' 4.861542
Time for 'plugin worker 88351 code loading' 4.986750000000001
Time for 'plugin worker 88353 code loading' 5.0202919999999995
Time for 'plugin worker 88352 code loading' 4.9672920000000005
Time for 'plugin worker 88350 code loading' 4.990041
[NX v22.5.4 Daemon Server] - 2026-03-16T15:31:27.078Z - Time taken for 'start-plugin-worker:@nx/eslint/plugin' 33.78229200001806ms
Time for 'nx/core/package-json:createNodes' 2.541415999999998
[NX v22.5.4 Daemon Server] - 2026-03-16T15:31:27.241Z - Established a connection. Number of open connections: 1
[NX v22.5.4 Daemon Server] - 2026-03-16T15:31:27.241Z - Closed a connection. Number of open connections: 0
[NX v22.5.4 Daemon Server] - 2026-03-16T15:31:27.242Z - Established a connection. Number of open connections: 1
[NX v22.5.4 Daemon Client] - 2026-03-16T15:31:27.242Z - [Messenger] Setting up socket listeners
[NX v22.5.4 Daemon Client] - 2026-03-16T15:31:27.242Z - [Messenger] listen() complete
[NX v22.5.4 Daemon Client] - 2026-03-16T15:31:27.242Z - [Messenger] Sending message type: HASH_MULTI_GLOB
[NX v22.5.4 Daemon Client] - 2026-03-16T15:31:27.242Z - [Messenger] Message sent
Time for 'daemon-message-serialization-HASH_MULTI_GLOB' 0.09920900000000188
[NX v22.5.4 Daemon Server] - 2026-03-16T15:31:27.250Z - Received raw message of length 50
[NX v22.5.4 Daemon Server] - 2026-03-16T15:31:27.250Z - Received json message of type HASH_MULTI_GLOB
[NX v22.5.4 Daemon Server] - 2026-03-16T15:31:27.251Z - Serializing response for HASH_GLOB message in json mode
[NX v22.5.4 Daemon Server] - 2026-03-16T15:31:27.251Z - Responding to HASH_GLOB message
[NX v22.5.4 Daemon Server] - 2026-03-16T15:31:27.251Z - [REQUEST]: Responding to the client. handleHashMultiGlob
[NX v22.5.4 Daemon Server] - 2026-03-16T15:31:27.251Z - Done responding to the client handleHashMultiGlob
[NX v22.5.4 Daemon Server] - 2026-03-16T15:31:27.251Z - Handled json message HASH_GLOB. Handling time: 1. Response time: 0.
[NX v22.5.4 Daemon Client] - 2026-03-16T15:31:27.251Z - [Messenger] Received message, length: 23
[NX v22.5.4 Daemon Server] - 2026-03-16T15:31:27.270Z - Established a connection. Number of open connections: 2
[NX v22.5.4 Daemon Server] - 2026-03-16T15:31:27.271Z - Closed a connection. Number of open connections: 1
[NX v22.5.4 Daemon Server] - 2026-03-16T15:31:27.272Z - Established a connection. Number of open connections: 2
[NX v22.5.4 Daemon Client] - 2026-03-16T15:31:27.272Z - [Messenger] Setting up socket listeners
[NX v22.5.4 Daemon Client] - 2026-03-16T15:31:27.272Z - [Messenger] listen() complete
[NX v22.5.4 Daemon Client] - 2026-03-16T15:31:27.272Z - [Messenger] Sending message type: GLOB
[NX v22.5.4 Daemon Client] - 2026-03-16T15:31:27.273Z - [Messenger] Message sent
[NX v22.5.4 Daemon Server] - 2026-03-16T15:31:27.276Z - Closed a connection. Number of open connections: 1
Time for 'daemon-message-serialization-GLOB' 0.07808399999998983
[NX v22.5.4 Daemon Server] - 2026-03-16T15:31:27.281Z - Received raw message of length 73
[NX v22.5.4 Daemon Server] - 2026-03-16T15:31:27.281Z - Received json message of type GLOB
[NX v22.5.4 Daemon Server] - 2026-03-16T15:31:27.282Z - Serializing response for GLOB message in json mode
[NX v22.5.4 Daemon Server] - 2026-03-16T15:31:27.282Z - Responding to GLOB message
[NX v22.5.4 Daemon Server] - 2026-03-16T15:31:27.282Z - [REQUEST]: Responding to the client. handleGlob
[NX v22.5.4 Daemon Server] - 2026-03-16T15:31:27.282Z - Done responding to the client handleGlob
[NX v22.5.4 Daemon Server] - 2026-03-16T15:31:27.282Z - Handled json message GLOB. Handling time: 1. Response time: 0.
[NX v22.5.4 Daemon Client] - 2026-03-16T15:31:27.282Z - [Messenger] Received message, length: 28246
[NX v22.5.4 Daemon Client] - 2026-03-16T15:31:27.283Z - [Messenger] Sending message type: HASH_MULTI_GLOB
[NX v22.5.4 Daemon Client] - 2026-03-16T15:31:27.283Z - [Messenger] Message sent
[NX v22.5.4 Daemon Server] - 2026-03-16T15:31:27.283Z - Received raw message of length 429
[NX v22.5.4 Daemon Server] - 2026-03-16T15:31:27.283Z - Received json message of type HASH_MULTI_GLOB
[NX v22.5.4 Daemon Server] - 2026-03-16T15:31:27.284Z - Serializing response for HASH_GLOB message in json mode
[NX v22.5.4 Daemon Server] - 2026-03-16T15:31:27.284Z - Responding to HASH_GLOB message
[NX v22.5.4 Daemon Server] - 2026-03-16T15:31:27.284Z - [REQUEST]: Responding to the client. handleHashMultiGlob
[NX v22.5.4 Daemon Server] - 2026-03-16T15:31:27.284Z - Done responding to the client handleHashMultiGlob
[NX v22.5.4 Daemon Server] - 2026-03-16T15:31:27.284Z - Handled json message HASH_GLOB. Handling time: 1. Response time: 0.
Time for 'GLOB round trip' 9.77883300000002
Time for 'deserialize daemon response - GLOB' 0.09120799999999463
Time for 'daemon-message-serialization-HASH_MULTI_GLOB' 0.014375000000001137
[NX v22.5.4 Daemon Client] - 2026-03-16T15:31:27.284Z - [Messenger] Received message, length: 133
Time for 'HASH_MULTI_GLOB round trip' 1.6573329999999942
Time for 'deserialize daemon response - HASH_MULTI_GLOB' 0.00883300000000986
[baseline-browser-mapping] The data in this module is over two months old.  To ensure accurate Baseline data, please update: `npm i baseline-browser-mapping@latest -D`
[NX v22.5.4 Daemon Server] - 2026-03-16T15:31:27.824Z - Time taken for 'build-project-configs' 775.8172079995275ms
[NX v22.5.4 Daemon Server] - 2026-03-16T15:31:27.834Z - Closed a connection. Number of open connections: 0
Time for 'build typescript dependencies' 11.382000000216067
[NX v22.5.4 Daemon Server] - 2026-03-16T15:31:27.850Z - [SYNC]: collect registered sync generators
[NX v22.5.4 Daemon Server] - 2026-03-16T15:31:27.850Z - [SYNC]: project graph hash is the same, not collecting task sync generators
[NX v22.5.4 Daemon Server] - 2026-03-16T15:31:27.850Z - [SYNC]: nx.json hash is the same, not collecting global sync generators
[NX v22.5.4 Daemon Server] - 2026-03-16T15:31:27.850Z - Time taken for 'total execution time for createProjectGraph()' 28.687624999321997ms
[NX v22.5.4 Daemon Server] - 2026-03-16T15:35:27.963Z - [WATCHER]: 0 file(s) created or restored, 0 file(s) modified, 0 file(s) deleted
[NX v22.5.4 Daemon Server] - 2026-03-16T15:35:27.964Z - [WATCHER]: Processing file changes in outputs
[NX v22.5.4 Daemon Server] - 2026-03-16T15:35:28.013Z - [WATCHER]: 0 file(s) created or restored, 0 file(s) modified, 0 file(s) deleted
[NX v22.5.4 Daemon Server] - 2026-03-16T15:35:28.017Z - [WATCHER]: Processing file changes in outputs
[NX v22.5.4 Daemon Server] - 2026-03-16T15:35:28.069Z - [WATCHER]: Processing file changes in outputs
[NX v22.5.4 Daemon Server] - 2026-03-16T15:35:28.121Z - [WATCHER]: Processing file changes in outputs
[NX v22.5.4 Daemon Server] - 2026-03-16T15:35:28.165Z - [REQUEST]: Updated workspace context based on watched changes, recomputing project graph...
[NX v22.5.4 Daemon Server] - 2026-03-16T15:35:28.166Z - [REQUEST]: 
[NX v22.5.4 Daemon Server] - 2026-03-16T15:35:28.166Z - [REQUEST]: 
[NX v22.5.4 Daemon Server] - 2026-03-16T15:35:28.171Z - Time taken for 'hash changed files from watcher' 1.0601670006290078ms
[NX v22.5.4 Daemon Server] - 2026-03-16T15:35:28.173Z - [WATCHER]: Processing file changes in outputs
Time for 'nx/js/dependencies-and-lockfile:createNodes' 6.2544579999521375
[NX v22.5.4 Daemon Server] - 2026-03-16T15:35:28.186Z - [WATCHER]: 0 file(s) created or restored, 0 file(s) modified, 0 file(s) deleted
Time for 'plugin worker 90899 code loading' 4.766833
Time for 'plugin worker 90898 code loading' 5.319374999999999
Time for 'plugin worker 90897 code loading' 4.7440000000000015
Time for 'plugin worker 90896 code loading' 5.119417
Time for 'plugin worker 90900 code loading' 6.128959
[NX v22.5.4 Daemon Server] - 2026-03-16T15:35:28.201Z - Time taken for 'start-plugin-worker:@nx/eslint/plugin' 32.69683299958706ms
[NX v22.5.4 Daemon Server] - 2026-03-16T15:35:28.203Z - Time taken for 'start-plugin-worker:nx/core/project-json' 32.19195899926126ms
[NX v22.5.4 Daemon Server] - 2026-03-16T15:35:28.231Z - [WATCHER]: Processing file changes in outputs
Time for 'nx/core/package-json:createNodes' 2.5525419999999883
[NX v22.5.4 Daemon Server] - 2026-03-16T15:35:28.375Z - Established a connection. Number of open connections: 1
[NX v22.5.4 Daemon Server] - 2026-03-16T15:35:28.375Z - Closed a connection. Number of open connections: 0
[NX v22.5.4 Daemon Server] - 2026-03-16T15:35:28.375Z - Established a connection. Number of open connections: 1
[NX v22.5.4 Daemon Client] - 2026-03-16T15:35:28.375Z - [Messenger] Setting up socket listeners
[NX v22.5.4 Daemon Client] - 2026-03-16T15:35:28.375Z - [Messenger] listen() complete
[NX v22.5.4 Daemon Client] - 2026-03-16T15:35:28.376Z - [Messenger] Sending message type: HASH_MULTI_GLOB
[NX v22.5.4 Daemon Client] - 2026-03-16T15:35:28.376Z - [Messenger] Message sent
Time for 'daemon-message-serialization-HASH_MULTI_GLOB' 0.10808399999999097
[NX v22.5.4 Daemon Server] - 2026-03-16T15:35:28.385Z - Received raw message of length 50
[NX v22.5.4 Daemon Server] - 2026-03-16T15:35:28.385Z - Received json message of type HASH_MULTI_GLOB
[NX v22.5.4 Daemon Server] - 2026-03-16T15:35:28.385Z - Serializing response for HASH_GLOB message in json mode
[NX v22.5.4 Daemon Server] - 2026-03-16T15:35:28.385Z - Responding to HASH_GLOB message
[NX v22.5.4 Daemon Server] - 2026-03-16T15:35:28.385Z - [REQUEST]: Responding to the client. handleHashMultiGlob
[NX v22.5.4 Daemon Server] - 2026-03-16T15:35:28.386Z - Done responding to the client handleHashMultiGlob
[NX v22.5.4 Daemon Server] - 2026-03-16T15:35:28.386Z - Handled json message HASH_GLOB. Handling time: 0. Response time: 1.
[NX v22.5.4 Daemon Client] - 2026-03-16T15:35:28.386Z - [Messenger] Received message, length: 23
[NX v22.5.4 Daemon Server] - 2026-03-16T15:35:28.390Z - Closed a connection. Number of open connections: 0
[NX v22.5.4 Daemon Server] - 2026-03-16T15:35:28.402Z - Established a connection. Number of open connections: 1
[NX v22.5.4 Daemon Server] - 2026-03-16T15:35:28.403Z - Closed a connection. Number of open connections: 0
[NX v22.5.4 Daemon Server] - 2026-03-16T15:35:28.403Z - Established a connection. Number of open connections: 1
[NX v22.5.4 Daemon Client] - 2026-03-16T15:35:28.403Z - [Messenger] Setting up socket listeners
[NX v22.5.4 Daemon Client] - 2026-03-16T15:35:28.403Z - [Messenger] listen() complete
[NX v22.5.4 Daemon Client] - 2026-03-16T15:35:28.404Z - [Messenger] Sending message type: GLOB
[NX v22.5.4 Daemon Client] - 2026-03-16T15:35:28.404Z - [Messenger] Message sent
Time for 'daemon-message-serialization-GLOB' 0.08745799999999804
[NX v22.5.4 Daemon Server] - 2026-03-16T15:35:28.413Z - Received raw message of length 73
[NX v22.5.4 Daemon Server] - 2026-03-16T15:35:28.413Z - Received json message of type GLOB
[NX v22.5.4 Daemon Server] - 2026-03-16T15:35:28.413Z - Serializing response for GLOB message in json mode
[NX v22.5.4 Daemon Server] - 2026-03-16T15:35:28.413Z - Responding to GLOB message
[NX v22.5.4 Daemon Server] - 2026-03-16T15:35:28.413Z - [REQUEST]: Responding to the client. handleGlob
[NX v22.5.4 Daemon Server] - 2026-03-16T15:35:28.414Z - Done responding to the client handleGlob
[NX v22.5.4 Daemon Server] - 2026-03-16T15:35:28.414Z - Handled json message GLOB. Handling time: 0. Response time: 1.
[NX v22.5.4 Daemon Client] - 2026-03-16T15:35:28.414Z - [Messenger] Received message, length: 28246
[NX v22.5.4 Daemon Client] - 2026-03-16T15:35:28.415Z - [Messenger] Sending message type: HASH_MULTI_GLOB
[NX v22.5.4 Daemon Client] - 2026-03-16T15:35:28.415Z - [Messenger] Message sent
[NX v22.5.4 Daemon Server] - 2026-03-16T15:35:28.415Z - Received raw message of length 429
[NX v22.5.4 Daemon Server] - 2026-03-16T15:35:28.415Z - Received json message of type HASH_MULTI_GLOB
[NX v22.5.4 Daemon Server] - 2026-03-16T15:35:28.416Z - Serializing response for HASH_GLOB message in json mode
[NX v22.5.4 Daemon Server] - 2026-03-16T15:35:28.416Z - Responding to HASH_GLOB message
[NX v22.5.4 Daemon Server] - 2026-03-16T15:35:28.416Z - [REQUEST]: Responding to the client. handleHashMultiGlob
[NX v22.5.4 Daemon Server] - 2026-03-16T15:35:28.416Z - Done responding to the client handleHashMultiGlob
[NX v22.5.4 Daemon Server] - 2026-03-16T15:35:28.416Z - Handled json message HASH_GLOB. Handling time: 1. Response time: 0.
Time for 'GLOB round trip' 10.506541999999996
Time for 'deserialize daemon response - GLOB' 0.09795900000000302
Time for 'daemon-message-serialization-HASH_MULTI_GLOB' 0.013666000000000622
[NX v22.5.4 Daemon Client] - 2026-03-16T15:35:28.416Z - [Messenger] Received message, length: 133
[NX v22.5.4 Daemon Server] - 2026-03-16T15:35:28.517Z - Time taken for 'build-project-configs' 343.1358329998329ms
[NX v22.5.4 Daemon Server] - 2026-03-16T15:35:28.524Z - Closed a connection. Number of open connections: 0
Time for 'build typescript dependencies' 0.01208299957215786
[NX v22.5.4 Daemon Server] - 2026-03-16T15:35:28.544Z - [SYNC]: collect registered sync generators
[NX v22.5.4 Daemon Server] - 2026-03-16T15:35:28.544Z - [SYNC]: project graph hash is the same, not collecting task sync generators
[NX v22.5.4 Daemon Server] - 2026-03-16T15:35:28.544Z - [SYNC]: nx.json hash is the same, not collecting global sync generators
[NX v22.5.4 Daemon Server] - 2026-03-16T15:35:28.544Z - Time taken for 'total execution time for createProjectGraph()' 31.739666000008583ms
[NX v22.5.4 Daemon Server] - 2026-03-16T15:35:28.588Z - [REQUEST]: Updated workspace context based on watched changes, recomputing project graph...
[NX v22.5.4 Daemon Server] - 2026-03-16T15:35:28.588Z - [REQUEST]: 
[NX v22.5.4 Daemon Server] - 2026-03-16T15:35:28.588Z - [REQUEST]: 
[NX v22.5.4 Daemon Server] - 2026-03-16T15:35:28.596Z - Time taken for 'hash changed files from watcher' 0.42120799981057644ms
Time for 'nx/js/dependencies-and-lockfile:createNodes' 3.246790999546647
Time for 'plugin worker 90909 code loading' 3.548959
Time for 'plugin worker 90912 code loading' 3.775499999999999
Time for 'plugin worker 90911 code loading' 4.388290999999999
Time for 'plugin worker 90913 code loading' 4.881083
Time for 'plugin worker 90914 code loading' 3.2086249999999996
[NX v22.5.4 Daemon Server] - 2026-03-16T15:35:28.624Z - Time taken for 'start-plugin-worker:@nx/eslint/plugin' 32.008417000062764ms
[NX v22.5.4 Daemon Server] - 2026-03-16T15:35:28.626Z - Time taken for 'start-plugin-worker:@nx/docker' 32.754417000338435ms
[NX v22.5.4 Daemon Server] - 2026-03-16T15:35:28.731Z - Established a connection. Number of open connections: 1
[NX v22.5.4 Daemon Server] - 2026-03-16T15:35:28.731Z - Closed a connection. Number of open connections: 0
[NX v22.5.4 Daemon Server] - 2026-03-16T15:35:28.731Z - Established a connection. Number of open connections: 1
[NX v22.5.4 Daemon Client] - 2026-03-16T15:35:28.731Z - [Messenger] Setting up socket listeners
[NX v22.5.4 Daemon Client] - 2026-03-16T15:35:28.732Z - [Messenger] listen() complete
[NX v22.5.4 Daemon Client] - 2026-03-16T15:35:28.732Z - [Messenger] Sending message type: HASH_MULTI_GLOB
[NX v22.5.4 Daemon Client] - 2026-03-16T15:35:28.732Z - [Messenger] Message sent
Time for 'daemon-message-serialization-HASH_MULTI_GLOB' 0.11225000000001728
[NX v22.5.4 Daemon Server] - 2026-03-16T15:35:28.741Z - Received raw message of length 50
[NX v22.5.4 Daemon Server] - 2026-03-16T15:35:28.741Z - Received json message of type HASH_MULTI_GLOB
[NX v22.5.4 Daemon Server] - 2026-03-16T15:35:28.743Z - Serializing response for HASH_GLOB message in json mode
[NX v22.5.4 Daemon Server] - 2026-03-16T15:35:28.743Z - Responding to HASH_GLOB message
[NX v22.5.4 Daemon Server] - 2026-03-16T15:35:28.743Z - [REQUEST]: Responding to the client. handleHashMultiGlob
[NX v22.5.4 Daemon Server] - 2026-03-16T15:35:28.743Z - Done responding to the client handleHashMultiGlob
[NX v22.5.4 Daemon Server] - 2026-03-16T15:35:28.743Z - Handled json message HASH_GLOB. Handling time: 2. Response time: 0.
[NX v22.5.4 Daemon Client] - 2026-03-16T15:35:28.743Z - [Messenger] Received message, length: 23
[NX v22.5.4 Daemon Server] - 2026-03-16T15:35:28.748Z - Established a connection. Number of open connections: 2
[NX v22.5.4 Daemon Server] - 2026-03-16T15:35:28.748Z - Closed a connection. Number of open connections: 1
[NX v22.5.4 Daemon Server] - 2026-03-16T15:35:28.748Z - Established a connection. Number of open connections: 2
[NX v22.5.4 Daemon Server] - 2026-03-16T15:35:28.748Z - Closed a connection. Number of open connections: 1
[NX v22.5.4 Daemon Client] - 2026-03-16T15:35:28.748Z - [Messenger] Setting up socket listeners
[NX v22.5.4 Daemon Client] - 2026-03-16T15:35:28.748Z - [Messenger] listen() complete
[NX v22.5.4 Daemon Client] - 2026-03-16T15:35:28.749Z - [Messenger] Sending message type: GLOB
[NX v22.5.4 Daemon Client] - 2026-03-16T15:35:28.749Z - [Messenger] Message sent
Time for 'daemon-message-serialization-GLOB' 0.08262499999997885
[NX v22.5.4 Daemon Server] - 2026-03-16T15:35:28.759Z - Received raw message of length 73
[NX v22.5.4 Daemon Server] - 2026-03-16T15:35:28.759Z - Received json message of type GLOB
[NX v22.5.4 Daemon Server] - 2026-03-16T15:35:28.760Z - Serializing response for GLOB message in json mode
[NX v22.5.4 Daemon Server] - 2026-03-16T15:35:28.760Z - Responding to GLOB message
[NX v22.5.4 Daemon Server] - 2026-03-16T15:35:28.760Z - [REQUEST]: Responding to the client. handleGlob
[NX v22.5.4 Daemon Server] - 2026-03-16T15:35:28.761Z - Done responding to the client handleGlob
[NX v22.5.4 Daemon Server] - 2026-03-16T15:35:28.761Z - Handled json message GLOB. Handling time: 1. Response time: 1.
[NX v22.5.4 Daemon Client] - 2026-03-16T15:35:28.761Z - [Messenger] Received message, length: 28246
[NX v22.5.4 Daemon Client] - 2026-03-16T15:35:28.762Z - [Messenger] Sending message type: HASH_MULTI_GLOB
[NX v22.5.4 Daemon Client] - 2026-03-16T15:35:28.762Z - [Messenger] Message sent
[NX v22.5.4 Daemon Server] - 2026-03-16T15:35:28.763Z - Received raw message of length 429
[NX v22.5.4 Daemon Server] - 2026-03-16T15:35:28.763Z - Received json message of type HASH_MULTI_GLOB
[NX v22.5.4 Daemon Server] - 2026-03-16T15:35:28.766Z - Serializing response for HASH_GLOB message in json mode
[NX v22.5.4 Daemon Server] - 2026-03-16T15:35:28.766Z - Responding to HASH_GLOB message
[NX v22.5.4 Daemon Server] - 2026-03-16T15:35:28.766Z - [REQUEST]: Responding to the client. handleHashMultiGlob
[NX v22.5.4 Daemon Server] - 2026-03-16T15:35:28.766Z - Done responding to the client handleHashMultiGlob
[NX v22.5.4 Daemon Server] - 2026-03-16T15:35:28.766Z - Handled json message HASH_GLOB. Handling time: 3. Response time: 0.
[NX v22.5.4 Daemon Client] - 2026-03-16T15:35:28.766Z - [Messenger] Received message, length: 133
Time for 'GLOB round trip' 13.057541000000015
Time for 'deserialize daemon response - GLOB' 0.09704100000001858
Time for 'daemon-message-serialization-HASH_MULTI_GLOB' 0.012458000000009406
[NX v22.5.4 Daemon Server] - 2026-03-16T15:35:28.837Z - Time taken for 'build-project-configs' 239.34620899986476ms
[NX v22.5.4 Daemon Server] - 2026-03-16T15:35:28.842Z - Closed a connection. Number of open connections: 0
Time for 'build typescript dependencies' 0.009958000853657722
[NX v22.5.4 Daemon Server] - 2026-03-16T15:35:28.856Z - [SYNC]: collect registered sync generators
[NX v22.5.4 Daemon Server] - 2026-03-16T15:35:28.856Z - [SYNC]: project graph hash is the same, not collecting task sync generators
[NX v22.5.4 Daemon Server] - 2026-03-16T15:35:28.856Z - [SYNC]: nx.json hash is the same, not collecting global sync generators
[NX v22.5.4 Daemon Server] - 2026-03-16T15:35:28.856Z - Time taken for 'total execution time for createProjectGraph()' 23.530749999918044ms
[NX v22.5.4 Daemon Server] - 2026-03-16T15:35:39.856Z - [WATCHER]: 1 file(s) created or restored, 0 file(s) modified, 1 file(s) deleted
[NX v22.5.4 Daemon Server] - 2026-03-16T15:35:39.856Z - [SYNC]: clearing sync generators cache due to file changes
[NX v22.5.4 Daemon Server] - 2026-03-16T15:35:39.856Z - [WATCHER]: Processing file changes in outputs
[NX v22.5.4 Daemon Server] - 2026-03-16T15:35:39.957Z - [REQUEST]: Updated workspace context based on watched changes, recomputing project graph...
[NX v22.5.4 Daemon Server] - 2026-03-16T15:35:39.958Z - [REQUEST]: functions/src/index.ts
[NX v22.5.4 Daemon Server] - 2026-03-16T15:35:39.958Z - [REQUEST]: functions/src/index.ts.tmp.93003.1773675339801
[NX v22.5.4 Daemon Server] - 2026-03-16T15:35:39.968Z - Time taken for 'hash changed files from watcher' 0.5897079994902015ms
Time for 'nx/js/dependencies-and-lockfile:createNodes' 7.248583000153303
Time for 'plugin worker 91110 code loading' 10.433333999999999
[NX v22.5.4 Daemon Server] - 2026-03-16T15:35:40.002Z - Time taken for 'start-plugin-worker:@nx/eslint/plugin' 42.857374999672174ms
[NX v22.5.4 Daemon Server] - 2026-03-16T15:35:40.004Z - Time taken for 'start-plugin-worker:@nx/playwright/plugin' 43.78441600035876ms
Time for 'plugin worker 91111 code loading' 7.618833000000002
Time for 'plugin worker 91113 code loading' 4.517417000000002
Time for 'plugin worker 91112 code loading' 4.561375000000002
Time for 'plugin worker 91114 code loading' 4.658000000000001
[NX v22.5.4 Daemon Server] - 2026-03-16T15:35:40.008Z - Time taken for 'start-plugin-worker:nx/core/project-json' 46.383374999277294ms
[NX v22.5.4 Daemon Server] - 2026-03-16T15:35:40.014Z - Time taken for 'start-plugin-worker:@nx/docker' 53.357542000710964ms
[NX v22.5.4 Daemon Server] - 2026-03-16T15:35:40.068Z - Established a connection. Number of open connections: 1
[NX v22.5.4 Daemon Server] - 2026-03-16T15:35:40.069Z - Closed a connection. Number of open connections: 0
[NX v22.5.4 Daemon Server] - 2026-03-16T15:35:40.069Z - Established a connection. Number of open connections: 1
[NX v22.5.4 Daemon Server] - 2026-03-16T15:35:40.069Z - Closed a connection. Number of open connections: 0
[NX v22.5.4 Daemon Server] - 2026-03-16T15:35:40.069Z - Established a connection. Number of open connections: 1
[NX v22.5.4 Daemon Client] - 2026-03-16T15:35:40.069Z - [Messenger] Setting up socket listeners
[NX v22.5.4 Daemon Client] - 2026-03-16T15:35:40.070Z - [Messenger] listen() complete
[NX v22.5.4 Daemon Client] - 2026-03-16T15:35:40.071Z - [Messenger] Sending message type: GET_NX_CONSOLE_STATUS
[NX v22.5.4 Daemon Client] - 2026-03-16T15:35:40.072Z - [Messenger] Message sent
[NX v22.5.4 Daemon Server] - 2026-03-16T15:35:40.084Z - Received raw message of length 32
[NX v22.5.4 Daemon Server] - 2026-03-16T15:35:40.084Z - Received json message of type GET_NX_CONSOLE_STATUS
[NX v22.5.4 Daemon Server] - 2026-03-16T15:35:40.084Z - Serializing response for GET_NX_CONSOLE_STATUS message in json mode
[NX v22.5.4 Daemon Server] - 2026-03-16T15:35:40.084Z - Responding to GET_NX_CONSOLE_STATUS message
[NX v22.5.4 Daemon Server] - 2026-03-16T15:35:40.084Z - [REQUEST]: Responding to the client. handleGetNxConsoleStatus
[NX v22.5.4 Daemon Server] - 2026-03-16T15:35:40.084Z - Done responding to the client handleGetNxConsoleStatus
[NX v22.5.4 Daemon Server] - 2026-03-16T15:35:40.084Z - Handled json message GET_NX_CONSOLE_STATUS. Handling time: 0. Response time: 0.
[NX v22.5.4 Daemon Client] - 2026-03-16T15:35:40.084Z - [Messenger] Received message, length: 22
[NX v22.5.4 Daemon Client] - 2026-03-16T15:35:40.135Z - [Messenger] Sending message type: REQUEST_PROJECT_GRAPH
[NX v22.5.4 Daemon Client] - 2026-03-16T15:35:40.135Z - [Messenger] Message sent
[NX v22.5.4 Daemon Server] - 2026-03-16T15:35:40.135Z - Received raw message of length 32
[NX v22.5.4 Daemon Server] - 2026-03-16T15:35:40.135Z - Received json message of type REQUEST_PROJECT_GRAPH
[NX v22.5.4 Daemon Server] - 2026-03-16T15:35:40.135Z - [REQUEST]: Client Request for Project Graph Received
[NX v22.5.4 Daemon Server] - 2026-03-16T15:35:40.135Z - Recomputing project graph because of 1 updated and 1 deleted files.
[NX v22.5.4 Daemon Server] - 2026-03-16T15:35:40.136Z - [REQUEST]: Updated workspace context based on watched changes, recomputing project graph...
[NX v22.5.4 Daemon Server] - 2026-03-16T15:35:40.136Z - [REQUEST]: functions/src/index.ts
[NX v22.5.4 Daemon Server] - 2026-03-16T15:35:40.136Z - [REQUEST]: functions/src/index.ts.tmp.93003.1773675339801
[NX v22.5.4 Daemon Server] - 2026-03-16T15:35:40.140Z - Time taken for 'hash changed files from watcher' 0.4751249998807907ms
[NX v22.5.4 Daemon Server] - 2026-03-16T15:35:40.143Z - Established a connection. Number of open connections: 2
[NX v22.5.4 Daemon Server] - 2026-03-16T15:35:40.143Z - Closed a connection. Number of open connections: 1
[NX v22.5.4 Daemon Server] - 2026-03-16T15:35:40.143Z - Established a connection. Number of open connections: 2
[NX v22.5.4 Daemon Client] - 2026-03-16T15:35:40.143Z - [Messenger] Setting up socket listeners
[NX v22.5.4 Daemon Client] - 2026-03-16T15:35:40.144Z - [Messenger] listen() complete
[NX v22.5.4 Daemon Client] - 2026-03-16T15:35:40.144Z - [Messenger] Sending message type: HASH_MULTI_GLOB
[NX v22.5.4 Daemon Client] - 2026-03-16T15:35:40.144Z - [Messenger] Message sent
Time for 'nx/js/dependencies-and-lockfile:createNodes' 3.9063750002533197
Time for 'daemon-message-serialization-HASH_MULTI_GLOB' 0.034834000000017795
[NX v22.5.4 Daemon Server] - 2026-03-16T15:35:40.155Z - Received raw message of length 50
[NX v22.5.4 Daemon Server] - 2026-03-16T15:35:40.155Z - Received json message of type HASH_MULTI_GLOB
[NX v22.5.4 Daemon Server] - 2026-03-16T15:35:40.156Z - Serializing response for HASH_GLOB message in json mode
[NX v22.5.4 Daemon Server] - 2026-03-16T15:35:40.156Z - Responding to HASH_GLOB message
[NX v22.5.4 Daemon Server] - 2026-03-16T15:35:40.156Z - [REQUEST]: Responding to the client. handleHashMultiGlob
[NX v22.5.4 Daemon Server] - 2026-03-16T15:35:40.156Z - Done responding to the client handleHashMultiGlob
[NX v22.5.4 Daemon Server] - 2026-03-16T15:35:40.156Z - Handled json message HASH_GLOB. Handling time: 1. Response time: 0.
[NX v22.5.4 Daemon Client] - 2026-03-16T15:35:40.156Z - [Messenger] Received message, length: 23
[NX v22.5.4 Daemon Client] - 2026-03-16T15:35:40.156Z - [Messenger] Sending message type: HASH_MULTI_GLOB
[NX v22.5.4 Daemon Client] - 2026-03-16T15:35:40.157Z - [Messenger] Message sent
[NX v22.5.4 Daemon Server] - 2026-03-16T15:35:40.157Z - Received raw message of length 50
[NX v22.5.4 Daemon Server] - 2026-03-16T15:35:40.157Z - Received json message of type HASH_MULTI_GLOB
[NX v22.5.4 Daemon Server] - 2026-03-16T15:35:40.158Z - Serializing response for HASH_GLOB message in json mode
[NX v22.5.4 Daemon Server] - 2026-03-16T15:35:40.158Z - Responding to HASH_GLOB message
[NX v22.5.4 Daemon Server] - 2026-03-16T15:35:40.158Z - [REQUEST]: Responding to the client. handleHashMultiGlob
[NX v22.5.4 Daemon Server] - 2026-03-16T15:35:40.158Z - Done responding to the client handleHashMultiGlob
[NX v22.5.4 Daemon Server] - 2026-03-16T15:35:40.158Z - Handled json message HASH_GLOB. Handling time: 1. Response time: 0.
Time for 'plugin worker 91125 code loading' 4.398792
Time for 'plugin worker 91124 code loading' 4.3625419999999995
[NX v22.5.4 Daemon Server] - 2026-03-16T15:35:40.170Z - Time taken for 'start-plugin-worker:nx/core/package-json' 30.87349999975413ms
[NX v22.5.4 Daemon Server] - 2026-03-16T15:35:40.184Z - Established a connection. Number of open connections: 3
[NX v22.5.4 Daemon Server] - 2026-03-16T15:35:40.186Z - Closed a connection. Number of open connections: 2
[NX v22.5.4 Daemon Server] - 2026-03-16T15:35:40.186Z - Established a connection. Number of open connections: 3
[NX v22.5.4 Daemon Client] - 2026-03-16T15:35:40.186Z - [Messenger] Setting up socket listeners
[NX v22.5.4 Daemon Client] - 2026-03-16T15:35:40.187Z - [Messenger] listen() complete
Time for '@nx/docker:createNodes' 43.46533299999999
Time for 'HASH_MULTI_GLOB round trip' 12.118124999999992
[NX v22.5.4 Daemon Client] - 2026-03-16T15:35:40.187Z - [Messenger] Sending message type: GLOB
Time for 'deserialize daemon response - HASH_MULTI_GLOB' 0.03283299999998235
Time for 'daemon-message-serialization-HASH_MULTI_GLOB' 0.010750000000001592
[NX v22.5.4 Daemon Client] - 2026-03-16T15:35:40.187Z - [Messenger] Received message, length: 23
[NX v22.5.4 Daemon Client] - 2026-03-16T15:35:40.187Z - [Messenger] Message sent
Time for 'daemon-message-serialization-GLOB' 0.03945799999999622
[NX v22.5.4 Daemon Server] - 2026-03-16T15:35:40.203Z - Received raw message of length 73
[NX v22.5.4 Daemon Server] - 2026-03-16T15:35:40.203Z - Received json message of type GLOB
[NX v22.5.4 Daemon Server] - 2026-03-16T15:35:40.203Z - Serializing response for GLOB message in json mode
[NX v22.5.4 Daemon Server] - 2026-03-16T15:35:40.203Z - Responding to GLOB message
[NX v22.5.4 Daemon Server] - 2026-03-16T15:35:40.203Z - [REQUEST]: Responding to the client. handleGlob
[NX v22.5.4 Daemon Server] - 2026-03-16T15:35:40.204Z - Done responding to the client handleGlob
[NX v22.5.4 Daemon Server] - 2026-03-16T15:35:40.204Z - Handled json message GLOB. Handling time: 0. Response time: 1.
[NX v22.5.4 Daemon Client] - 2026-03-16T15:35:40.204Z - [Messenger] Received message, length: 28246
[NX v22.5.4 Daemon Client] - 2026-03-16T15:35:40.205Z - [Messenger] Sending message type: GLOB
[NX v22.5.4 Daemon Client] - 2026-03-16T15:35:40.205Z - [Messenger] Message sent
[NX v22.5.4 Daemon Server] - 2026-03-16T15:35:40.205Z - Received raw message of length 73
[NX v22.5.4 Daemon Server] - 2026-03-16T15:35:40.205Z - Received json message of type GLOB
[NX v22.5.4 Daemon Server] - 2026-03-16T15:35:40.206Z - Serializing response for GLOB message in json mode
[NX v22.5.4 Daemon Server] - 2026-03-16T15:35:40.206Z - Responding to GLOB message
[NX v22.5.4 Daemon Server] - 2026-03-16T15:35:40.206Z - [REQUEST]: Responding to the client. handleGlob
Time for 'GLOB round trip' 17.102291000000008
Time for 'deserialize daemon response - GLOB' 0.05333300000000918
Time for 'daemon-message-serialization-GLOB' 0.010166999999995596
[NX v22.5.4 Daemon Server] - 2026-03-16T15:35:40.206Z - Done responding to the client handleGlob
[NX v22.5.4 Daemon Server] - 2026-03-16T15:35:40.206Z - Handled json message GLOB. Handling time: 1. Response time: 0.
[NX v22.5.4 Daemon Client] - 2026-03-16T15:35:40.206Z - [Messenger] Received message, length: 28246
[NX v22.5.4 Daemon Client] - 2026-03-16T15:35:40.207Z - [Messenger] Sending message type: HASH_MULTI_GLOB
[NX v22.5.4 Daemon Client] - 2026-03-16T15:35:40.207Z - [Messenger] Message sent
[NX v22.5.4 Daemon Server] - 2026-03-16T15:35:40.207Z - Received raw message of length 429
[NX v22.5.4 Daemon Server] - 2026-03-16T15:35:40.207Z - Received json message of type HASH_MULTI_GLOB
[NX v22.5.4 Daemon Server] - 2026-03-16T15:35:40.209Z - Serializing response for HASH_GLOB message in json mode
[NX v22.5.4 Daemon Server] - 2026-03-16T15:35:40.209Z - Responding to HASH_GLOB message
[NX v22.5.4 Daemon Server] - 2026-03-16T15:35:40.209Z - [REQUEST]: Responding to the client. handleHashMultiGlob
[NX v22.5.4 Daemon Server] - 2026-03-16T15:35:40.209Z - Done responding to the client handleHashMultiGlob
[NX v22.5.4 Daemon Server] - 2026-03-16T15:35:40.209Z - Handled json message HASH_GLOB. Handling time: 2. Response time: 0.
Time for 'GLOB round trip' 1.5119580000000212
Time for 'deserialize daemon response - GLOB' 0.02829100000002427
Time for 'daemon-message-serialization-HASH_MULTI_GLOB' 0.009125000000011596
[NX v22.5.4 Daemon Client] - 2026-03-16T15:35:40.209Z - [Messenger] Received message, length: 133
[NX v22.5.4 Daemon Client] - 2026-03-16T15:35:40.209Z - [Messenger] Sending message type: HASH_MULTI_GLOB
[NX v22.5.4 Daemon Client] - 2026-03-16T15:35:40.209Z - [Messenger] Message sent
[NX v22.5.4 Daemon Server] - 2026-03-16T15:35:40.209Z - Received raw message of length 429
[NX v22.5.4 Daemon Server] - 2026-03-16T15:35:40.210Z - Received json message of type HASH_MULTI_GLOB
[NX v22.5.4 Daemon Server] - 2026-03-16T15:35:40.211Z - Serializing response for HASH_GLOB message in json mode
[NX v22.5.4 Daemon Server] - 2026-03-16T15:35:40.211Z - Responding to HASH_GLOB message
[NX v22.5.4 Daemon Server] - 2026-03-16T15:35:40.212Z - [REQUEST]: Responding to the client. handleHashMultiGlob
[NX v22.5.4 Daemon Server] - 2026-03-16T15:35:40.212Z - Done responding to the client handleHashMultiGlob
[NX v22.5.4 Daemon Server] - 2026-03-16T15:35:40.212Z - Handled json message HASH_GLOB. Handling time: 1. Response time: 1.
[NX v22.5.4 Daemon Server] - 2026-03-16T15:35:40.221Z - Closed a connection. Number of open connections: 2
Time for 'nx/core/package-json:createNodes' 2.3059169999999938
Time for 'HASH_MULTI_GLOB round trip' 2.395916999999997
Time for 'deserialize daemon response - HASH_MULTI_GLOB' 0.01579200000000469
Time for 'daemon-message-serialization-HASH_MULTI_GLOB' 0.010625000000004547
[NX v22.5.4 Daemon Client] - 2026-03-16T15:35:40.315Z - [Messenger] Received message, length: 133
Time for 'HASH_MULTI_GLOB round trip' 105.39424999999997
Time for 'deserialize daemon response - HASH_MULTI_GLOB' 0.006708000000003267
[baseline-browser-mapping] The data in this module is over two months old.  To ensure accurate Baseline data, please update: `npm i baseline-browser-mapping@latest -D`
[NX v22.5.4 Daemon Server] - 2026-03-16T15:35:40.786Z - Time taken for 'build-project-configs' 647.7517090002075ms
[NX v22.5.4 Daemon Server] - 2026-03-16T15:35:40.799Z - Time taken for 'build-project-configs' 654.8590420000255ms
[NX v22.5.4 Daemon Server] - 2026-03-16T15:35:40.807Z - Closed a connection. Number of open connections: 1
Time for 'build typescript dependencies' 3.269000000320375
[NX v22.5.4 Daemon Server] - 2026-03-16T15:35:40.817Z - Wrote project graph cache to /Users/mgoho/Github/doula-cooperative/.nx/workspace-data/project-graph.json
[NX v22.5.4 Daemon Server] - 2026-03-16T15:35:40.817Z - [SYNC]: collect registered sync generators
[NX v22.5.4 Daemon Server] - 2026-03-16T15:35:40.817Z - [SYNC]: project graph hash is the same, not collecting task sync generators
[NX v22.5.4 Daemon Server] - 2026-03-16T15:35:40.817Z - [SYNC]: nx.json hash is the same, not collecting global sync generators
[NX v22.5.4 Daemon Server] - 2026-03-16T15:35:40.817Z - Serializing response for REQUEST_PROJECT_GRAPH message in json mode
[NX v22.5.4 Daemon Server] - 2026-03-16T15:35:40.817Z - Responding to REQUEST_PROJECT_GRAPH message
[NX v22.5.4 Daemon Server] - 2026-03-16T15:35:40.817Z - [REQUEST]: Responding to the client. project-graph
[NX v22.5.4 Daemon Server] - 2026-03-16T15:35:40.817Z - Time taken for 'total for creating and serializing project graph' 681.7420000005513ms
[NX v22.5.4 Daemon Server] - 2026-03-16T15:35:40.819Z - Done responding to the client project-graph
[NX v22.5.4 Daemon Server] - 2026-03-16T15:35:40.819Z - Handled json message REQUEST_PROJECT_GRAPH. Handling time: 682. Response time: 2.
[NX v22.5.4 Daemon Client] - 2026-03-16T15:35:40.820Z - [Messenger] Received message, length: 1122581
[NX v22.5.4 Daemon Client] - 2026-03-16T15:35:40.823Z - [Messenger] Sending message type: PRE_TASKS_EXECUTION
[NX v22.5.4 Daemon Client] - 2026-03-16T15:35:40.823Z - [Messenger] Message sent
[NX v22.5.4 Daemon Server] - 2026-03-16T15:35:40.823Z - Received raw message of length 665
[NX v22.5.4 Daemon Server] - 2026-03-16T15:35:40.823Z - Received json message of type PRE_TASKS_EXECUTION
[NX v22.5.4 Daemon Server] - 2026-03-16T15:35:40.823Z - Serializing response for PRE_TASKS_EXECUTION message in json mode
[NX v22.5.4 Daemon Server] - 2026-03-16T15:35:40.823Z - Responding to PRE_TASKS_EXECUTION message
[NX v22.5.4 Daemon Server] - 2026-03-16T15:35:40.823Z - [REQUEST]: Responding to the client. handleRunPreTasksExecution
[NX v22.5.4 Daemon Server] - 2026-03-16T15:35:40.823Z - Done responding to the client handleRunPreTasksExecution
[NX v22.5.4 Daemon Server] - 2026-03-16T15:35:40.823Z - Handled json message PRE_TASKS_EXECUTION. Handling time: 0. Response time: 0.
[NX v22.5.4 Daemon Server] - 2026-03-16T15:35:40.823Z - Time taken for 'preTasksExecution' 0.1353750005364418ms
[NX v22.5.4 Daemon Client] - 2026-03-16T15:35:40.823Z - [Messenger] Received message, length: 2
[NX v22.5.4 Daemon Client] - 2026-03-16T15:35:40.853Z - [Messenger] Sending message type: HASH_TASKS
[NX v22.5.4 Daemon Client] - 2026-03-16T15:35:40.853Z - [Messenger] Message sent
[NX v22.5.4 Daemon Server] - 2026-03-16T15:35:40.853Z - Received raw message of length 4466
[NX v22.5.4 Daemon Server] - 2026-03-16T15:35:40.853Z - Received json message of type HASH_TASKS
[NX v22.5.4 Daemon Server] - 2026-03-16T15:35:40.853Z - Reusing in-memory cached project graph because no files changed.
DEBUG nx::native::tasks::hash_planner: get_plans_internal COMPLETED in 1.961334ms - processed 1 tasks (setup: 1.336667ms, parallel_planning: 624.5µs)
DEBUG nx::native::tasks::hashers::hash_workspace_files: Hashing workspace fileset with inputs: Adding "2189949021886064727" (".gitignore") to hash
DEBUG nx::native::tasks::hashers::hash_workspace_files: Hashing workspace fileset with inputs: Adding "2303076269699780965" ("eslint.config.js") to hash
DEBUG nx::native::tasks::hashers::hash_workspace_files: Hashing workspace fileset with inputs: Adding "13467211139819667633" ("nx.json") to hash
DEBUG nx::native::tasks::hashers::hash_workspace_files: Hashing workspace fileset with inputs: Hash Value: "10970448857502704134"
DEBUG nx::native::tasks::hashers::hash_workspace_files: Hashing workspace fileset with inputs: Hash Value: "565173536905671646"
DEBUG nx::native::tasks::task_hasher: hash_plans COMPLETED in 1.063125ms - processed 1 plans (setup: 350.833µs, hashing: 712.167µs, assembly: 56.333µs)
[NX v22.5.4 Daemon Server] - 2026-03-16T15:35:40.863Z - Serializing response for HASH_TASKS message in json mode
[NX v22.5.4 Daemon Server] - 2026-03-16T15:35:40.863Z - Responding to HASH_TASKS message
[NX v22.5.4 Daemon Server] - 2026-03-16T15:35:40.863Z - [REQUEST]: Responding to the client. handleHashTasks
[NX v22.5.4 Daemon Server] - 2026-03-16T15:35:40.864Z - Done responding to the client handleHashTasks
[NX v22.5.4 Daemon Server] - 2026-03-16T15:35:40.864Z - Handled json message HASH_TASKS. Handling time: 10. Response time: 1.
[NX v22.5.4 Daemon Client] - 2026-03-16T15:35:40.864Z - [Messenger] Received message, length: 30104
[NX v22.5.4 Daemon Client] - 2026-03-16T15:35:40.945Z - [Messenger] Sending message type: GET_ESTIMATED_TASK_TIMINGS
[NX v22.5.4 Daemon Client] - 2026-03-16T15:35:40.945Z - [Messenger] Message sent
[NX v22.5.4 Daemon Server] - 2026-03-16T15:35:40.946Z - Received raw message of length 89
[NX v22.5.4 Daemon Server] - 2026-03-16T15:35:40.946Z - Received json message of type GET_ESTIMATED_TASK_TIMINGS
[NX v22.5.4 Daemon Server] - 2026-03-16T15:35:40.946Z - Serializing response for GET_ESTIMATED_TASK_TIMINGS message in json mode
[NX v22.5.4 Daemon Server] - 2026-03-16T15:35:40.946Z - Responding to GET_ESTIMATED_TASK_TIMINGS message
[NX v22.5.4 Daemon Server] - 2026-03-16T15:35:40.946Z - [REQUEST]: Responding to the client. handleGetEstimatedTaskTimings
[NX v22.5.4 Daemon Server] - 2026-03-16T15:35:40.946Z - Done responding to the client handleGetEstimatedTaskTimings
[NX v22.5.4 Daemon Server] - 2026-03-16T15:35:40.946Z - Handled json message GET_ESTIMATED_TASK_TIMINGS. Handling time: 0. Response time: 0.
[NX v22.5.4 Daemon Client] - 2026-03-16T15:35:40.946Z - [Messenger] Received message, length: 2
[NX v22.5.4 Daemon Client] - 2026-03-16T15:35:48.808Z - [Messenger] Sending message type: RECORD_OUTPUTS_HASH
[NX v22.5.4 Daemon Client] - 2026-03-16T15:35:48.809Z - [Messenger] Message sent
[NX v22.5.4 Daemon Server] - 2026-03-16T15:35:48.809Z - Received raw message of length 82
[NX v22.5.4 Daemon Server] - 2026-03-16T15:35:48.809Z - Received json message of type RECORD_OUTPUTS_HASH
[NX v22.5.4 Daemon Server] - 2026-03-16T15:35:48.809Z - Serializing response for RECORD_OUTPUTS_HASH message in json mode
[NX v22.5.4 Daemon Server] - 2026-03-16T15:35:48.809Z - Responding to RECORD_OUTPUTS_HASH message
[NX v22.5.4 Daemon Server] - 2026-03-16T15:35:48.809Z - [REQUEST]: Responding to the client. recordOutputsHash
[NX v22.5.4 Daemon Server] - 2026-03-16T15:35:48.810Z - Done responding to the client recordOutputsHash
[NX v22.5.4 Daemon Server] - 2026-03-16T15:35:48.810Z - Handled json message RECORD_OUTPUTS_HASH. Handling time: 0. Response time: 1.
[NX v22.5.4 Daemon Client] - 2026-03-16T15:35:48.810Z - [Messenger] Received message, length: 2
[NX v22.5.4 Daemon Client] - 2026-03-16T15:35:48.811Z - [Messenger] Sending message type: RECORD_TASK_RUNS
[NX v22.5.4 Daemon Client] - 2026-03-16T15:35:48.811Z - [Messenger] Message sent
[NX v22.5.4 Daemon Server] - 2026-03-16T15:35:48.811Z - Received raw message of length 208
[NX v22.5.4 Daemon Server] - 2026-03-16T15:35:48.811Z - Received json message of type RECORD_TASK_RUNS
[NX v22.5.4 Daemon Server] - 2026-03-16T15:35:48.811Z - Serializing response for RECORD_TASK_RUNS message in json mode
[NX v22.5.4 Daemon Server] - 2026-03-16T15:35:48.811Z - Responding to RECORD_TASK_RUNS message
[NX v22.5.4 Daemon Server] - 2026-03-16T15:35:48.811Z - [REQUEST]: Responding to the client. handleRecordTaskRuns
[NX v22.5.4 Daemon Server] - 2026-03-16T15:35:48.811Z - Done responding to the client handleRecordTaskRuns
[NX v22.5.4 Daemon Server] - 2026-03-16T15:35:48.811Z - Handled json message RECORD_TASK_RUNS. Handling time: 0. Response time: 0.
[NX v22.5.4 Daemon Client] - 2026-03-16T15:35:48.811Z - [Messenger] Received message, length: 4
[NX v22.5.4 Daemon Client] - 2026-03-16T15:35:48.811Z - [Messenger] Sending message type: GET_FLAKY_TASKS
[NX v22.5.4 Daemon Client] - 2026-03-16T15:35:48.811Z - [Messenger] Message sent
[NX v22.5.4 Daemon Server] - 2026-03-16T15:35:48.811Z - Received raw message of length 60
[NX v22.5.4 Daemon Server] - 2026-03-16T15:35:48.811Z - Received json message of type GET_FLAKY_TASKS
[NX v22.5.4 Daemon Server] - 2026-03-16T15:35:48.811Z - Serializing response for GET_FLAKY_TASKS message in json mode
[NX v22.5.4 Daemon Server] - 2026-03-16T15:35:48.812Z - Responding to GET_FLAKY_TASKS message
[NX v22.5.4 Daemon Server] - 2026-03-16T15:35:48.812Z - [REQUEST]: Responding to the client. handleGetFlakyTasks
[NX v22.5.4 Daemon Server] - 2026-03-16T15:35:48.812Z - Done responding to the client handleGetFlakyTasks
[NX v22.5.4 Daemon Server] - 2026-03-16T15:35:48.812Z - Handled json message GET_FLAKY_TASKS. Handling time: 0. Response time: 1.
[NX v22.5.4 Daemon Client] - 2026-03-16T15:35:48.812Z - [Messenger] Received message, length: 2
[NX v22.5.4 Daemon Client] - 2026-03-16T15:35:48.812Z - [Messenger] Sending message type: POST_TASKS_EXECUTION
[NX v22.5.4 Daemon Client] - 2026-03-16T15:35:48.812Z - [Messenger] Message sent
[NX v22.5.4 Daemon Server] - 2026-03-16T15:35:48.812Z - Received raw message of length 14888
[NX v22.5.4 Daemon Server] - 2026-03-16T15:35:48.813Z - Received json message of type POST_TASKS_EXECUTION
[NX v22.5.4 Daemon Server] - 2026-03-16T15:35:48.813Z - Serializing response for POST_TASKS_EXECUTION message in json mode
[NX v22.5.4 Daemon Server] - 2026-03-16T15:35:48.813Z - Responding to POST_TASKS_EXECUTION message
[NX v22.5.4 Daemon Server] - 2026-03-16T15:35:48.813Z - [REQUEST]: Responding to the client. handleRunPostTasksExecution
[NX v22.5.4 Daemon Server] - 2026-03-16T15:35:48.813Z - Done responding to the client handleRunPostTasksExecution
[NX v22.5.4 Daemon Server] - 2026-03-16T15:35:48.813Z - Handled json message POST_TASKS_EXECUTION. Handling time: 0. Response time: 0.
[NX v22.5.4 Daemon Client] - 2026-03-16T15:35:48.813Z - [Messenger] Received message, length: 4
[NX v22.5.4 Daemon Server] - 2026-03-16T15:35:48.813Z - Time taken for 'postTasksExecution' 0.16516700014472008ms
[NX v22.5.4 Daemon Server] - 2026-03-16T15:35:48.818Z - Closed a connection. Number of open connections: 0
[NX v22.5.4 Daemon Server] - 2026-03-16T15:35:57.025Z - [WATCHER]: 1 file(s) created or restored, 0 file(s) modified, 1 file(s) deleted
[NX v22.5.4 Daemon Server] - 2026-03-16T15:35:57.025Z - [SYNC]: clearing sync generators cache due to file changes
[NX v22.5.4 Daemon Server] - 2026-03-16T15:35:57.025Z - [WATCHER]: Processing file changes in outputs
[NX v22.5.4 Daemon Server] - 2026-03-16T15:35:57.129Z - [REQUEST]: Updated workspace context based on watched changes, recomputing project graph...
[NX v22.5.4 Daemon Server] - 2026-03-16T15:35:57.129Z - [REQUEST]: functions/tsconfig.json
[NX v22.5.4 Daemon Server] - 2026-03-16T15:35:57.129Z - [REQUEST]: functions/tsconfig.json.tmp.93003.1773675356962
[NX v22.5.4 Daemon Server] - 2026-03-16T15:35:57.141Z - Time taken for 'hash changed files from watcher' 1.079041000455618ms
Time for 'nx/js/dependencies-and-lockfile:createNodes' 8.402374999597669
Time for 'plugin worker 91325 code loading' 4.850625000000001
Time for 'plugin worker 91324 code loading' 4.860749999999998
Time for 'plugin worker 91322 code loading' 4.565208000000002
Time for 'plugin worker 91323 code loading' 4.625957999999999
Time for 'plugin worker 91326 code loading' 4.1573329999999995
[NX v22.5.4 Daemon Server] - 2026-03-16T15:35:57.178Z - Time taken for 'start-plugin-worker:@nx/eslint/plugin' 44.52220799960196ms
[NX v22.5.4 Daemon Server] - 2026-03-16T15:35:57.179Z - Time taken for 'start-plugin-worker:@nx/docker' 41.69420799985528ms
[NX v22.5.4 Daemon Server] - 2026-03-16T15:35:57.181Z - Time taken for 'start-plugin-worker:nx/core/package-json' 41.90916699916124ms
Time for 'nx/core/package-json:createNodes' 2.3343750000000085
[NX v22.5.4 Daemon Server] - 2026-03-16T15:35:57.278Z - Established a connection. Number of open connections: 1
[NX v22.5.4 Daemon Server] - 2026-03-16T15:35:57.278Z - Closed a connection. Number of open connections: 0
[NX v22.5.4 Daemon Server] - 2026-03-16T15:35:57.278Z - Established a connection. Number of open connections: 1
[NX v22.5.4 Daemon Client] - 2026-03-16T15:35:57.278Z - [Messenger] Setting up socket listeners
[NX v22.5.4 Daemon Client] - 2026-03-16T15:35:57.278Z - [Messenger] listen() complete
[NX v22.5.4 Daemon Client] - 2026-03-16T15:35:57.279Z - [Messenger] Sending message type: HASH_MULTI_GLOB
[NX v22.5.4 Daemon Client] - 2026-03-16T15:35:57.279Z - [Messenger] Message sent
Time for 'daemon-message-serialization-HASH_MULTI_GLOB' 0.1059580000000011
[NX v22.5.4 Daemon Server] - 2026-03-16T15:35:57.287Z - Received raw message of length 50
[NX v22.5.4 Daemon Server] - 2026-03-16T15:35:57.288Z - Received json message of type HASH_MULTI_GLOB
[NX v22.5.4 Daemon Server] - 2026-03-16T15:35:57.288Z - Serializing response for HASH_GLOB message in json mode
[NX v22.5.4 Daemon Server] - 2026-03-16T15:35:57.288Z - Responding to HASH_GLOB message
[NX v22.5.4 Daemon Server] - 2026-03-16T15:35:57.288Z - [REQUEST]: Responding to the client. handleHashMultiGlob
[NX v22.5.4 Daemon Server] - 2026-03-16T15:35:57.288Z - Done responding to the client handleHashMultiGlob
[NX v22.5.4 Daemon Server] - 2026-03-16T15:35:57.288Z - Handled json message HASH_GLOB. Handling time: 0. Response time: 0.
[NX v22.5.4 Daemon Client] - 2026-03-16T15:35:57.288Z - [Messenger] Received message, length: 23
[NX v22.5.4 Daemon Server] - 2026-03-16T15:35:57.297Z - Established a connection. Number of open connections: 2
[NX v22.5.4 Daemon Server] - 2026-03-16T15:35:57.297Z - Closed a connection. Number of open connections: 1
[NX v22.5.4 Daemon Server] - 2026-03-16T15:35:57.297Z - Established a connection. Number of open connections: 2
[NX v22.5.4 Daemon Client] - 2026-03-16T15:35:57.297Z - [Messenger] Setting up socket listeners
[NX v22.5.4 Daemon Client] - 2026-03-16T15:35:57.298Z - [Messenger] listen() complete
[NX v22.5.4 Daemon Client] - 2026-03-16T15:35:57.298Z - [Messenger] Sending message type: GLOB
[NX v22.5.4 Daemon Client] - 2026-03-16T15:35:57.298Z - [Messenger] Message sent
Time for 'daemon-message-serialization-GLOB' 0.08395799999999554
[NX v22.5.4 Daemon Server] - 2026-03-16T15:35:57.307Z - Received raw message of length 73
[NX v22.5.4 Daemon Server] - 2026-03-16T15:35:57.307Z - Received json message of type GLOB
[NX v22.5.4 Daemon Server] - 2026-03-16T15:35:57.307Z - Serializing response for GLOB message in json mode
[NX v22.5.4 Daemon Server] - 2026-03-16T15:35:57.307Z - Responding to GLOB message
[NX v22.5.4 Daemon Server] - 2026-03-16T15:35:57.307Z - [REQUEST]: Responding to the client. handleGlob
[NX v22.5.4 Daemon Server] - 2026-03-16T15:35:57.308Z - Done responding to the client handleGlob
[NX v22.5.4 Daemon Server] - 2026-03-16T15:35:57.308Z - Handled json message GLOB. Handling time: 0. Response time: 1.
[NX v22.5.4 Daemon Client] - 2026-03-16T15:35:57.308Z - [Messenger] Received message, length: 28246
[NX v22.5.4 Daemon Client] - 2026-03-16T15:35:57.309Z - [Messenger] Sending message type: HASH_MULTI_GLOB
[NX v22.5.4 Daemon Client] - 2026-03-16T15:35:57.309Z - [Messenger] Message sent
[NX v22.5.4 Daemon Server] - 2026-03-16T15:35:57.309Z - Received raw message of length 429
[NX v22.5.4 Daemon Server] - 2026-03-16T15:35:57.309Z - Received json message of type HASH_MULTI_GLOB
[NX v22.5.4 Daemon Server] - 2026-03-16T15:35:57.310Z - Serializing response for HASH_GLOB message in json mode
[NX v22.5.4 Daemon Server] - 2026-03-16T15:35:57.310Z - Responding to HASH_GLOB message
[NX v22.5.4 Daemon Server] - 2026-03-16T15:35:57.310Z - [REQUEST]: Responding to the client. handleHashMultiGlob
[NX v22.5.4 Daemon Server] - 2026-03-16T15:35:57.310Z - Done responding to the client handleHashMultiGlob
[NX v22.5.4 Daemon Server] - 2026-03-16T15:35:57.310Z - Handled json message HASH_GLOB. Handling time: 1. Response time: 0.
Time for 'GLOB round trip' 10.35737499999999
Time for 'deserialize daemon response - GLOB' 0.09274999999999523
Time for 'daemon-message-serialization-HASH_MULTI_GLOB' 0.01187500000000341
[NX v22.5.4 Daemon Client] - 2026-03-16T15:35:57.310Z - [Messenger] Received message, length: 133
[NX v22.5.4 Daemon Server] - 2026-03-16T15:35:57.314Z - Closed a connection. Number of open connections: 1
Time for 'HASH_MULTI_GLOB round trip' 1.3641250000000014
Time for 'deserialize daemon response - HASH_MULTI_GLOB' 0.00637499999999136
[baseline-browser-mapping] The data in this module is over two months old.  To ensure accurate Baseline data, please update: `npm i baseline-browser-mapping@latest -D`
[NX v22.5.4 Daemon Server] - 2026-03-16T15:35:57.691Z - Time taken for 'build-project-configs' 554.2495839996263ms
[NX v22.5.4 Daemon Server] - 2026-03-16T15:35:57.697Z - Closed a connection. Number of open connections: 0
Time for 'build typescript dependencies' 1.827959000132978
[NX v22.5.4 Daemon Server] - 2026-03-16T15:35:57.702Z - [SYNC]: collect registered sync generators
[NX v22.5.4 Daemon Server] - 2026-03-16T15:35:57.702Z - [SYNC]: project graph hash is the same, not collecting task sync generators
[NX v22.5.4 Daemon Server] - 2026-03-16T15:35:57.702Z - [SYNC]: nx.json hash is the same, not collecting global sync generators
[NX v22.5.4 Daemon Server] - 2026-03-16T15:35:57.702Z - Time taken for 'total execution time for createProjectGraph()' 14.913374999538064ms
[NX v22.5.4 Daemon Server] - 2026-03-16T15:36:01.833Z - [WATCHER]: Processing file changes in outputs
[NX v22.5.4 Daemon Server] - 2026-03-16T15:36:01.897Z - [WATCHER]: Processing file changes in outputs
[NX v22.5.4 Daemon Server] - 2026-03-16T15:36:01.950Z - [WATCHER]: Processing file changes in outputs
[NX v22.5.4 Daemon Server] - 2026-03-16T15:36:19.292Z - [WATCHER]: Processing file changes in outputs
[NX v22.5.4 Daemon Server] - 2026-03-16T15:36:19.292Z - [WATCHER]: 1 file(s) created or restored, 0 file(s) modified, 1 file(s) deleted
[NX v22.5.4 Daemon Server] - 2026-03-16T15:36:19.292Z - [SYNC]: clearing sync generators cache due to file changes
[NX v22.5.4 Daemon Server] - 2026-03-16T15:36:19.395Z - [REQUEST]: Updated workspace context based on watched changes, recomputing project graph...
[NX v22.5.4 Daemon Server] - 2026-03-16T15:36:19.395Z - [REQUEST]: functions/tsconfig.json
[NX v22.5.4 Daemon Server] - 2026-03-16T15:36:19.395Z - [REQUEST]: functions/tsconfig.json.tmp.93003.1773675379227
[NX v22.5.4 Daemon Server] - 2026-03-16T15:36:19.401Z - Time taken for 'hash changed files from watcher' 0.7263749996200204ms
Time for 'nx/js/dependencies-and-lockfile:createNodes' 3.788041999563575
Time for 'plugin worker 91621 code loading' 3.6468750000000014
Time for 'plugin worker 91622 code loading' 3.713125
Time for 'plugin worker 91625 code loading' 3.362209
Time for 'plugin worker 91623 code loading' 3.7036250000000006
Time for 'plugin worker 91624 code loading' 3.677624999999999
[NX v22.5.4 Daemon Server] - 2026-03-16T15:36:19.429Z - Time taken for 'start-plugin-worker:@nx/eslint/plugin' 31.87508299946785ms
[NX v22.5.4 Daemon Server] - 2026-03-16T15:36:19.430Z - Time taken for 'start-plugin-worker:@nx/playwright/plugin' 32.189833000302315ms
[NX v22.5.4 Daemon Server] - 2026-03-16T15:36:19.432Z - Time taken for 'start-plugin-worker:@nx/docker' 32.9775419998914ms
Time for 'nx/core/package-json:createNodes' 2.334167000000008
[NX v22.5.4 Daemon Server] - 2026-03-16T15:36:19.524Z - Established a connection. Number of open connections: 1
[NX v22.5.4 Daemon Server] - 2026-03-16T15:36:19.525Z - Closed a connection. Number of open connections: 0
[NX v22.5.4 Daemon Server] - 2026-03-16T15:36:19.525Z - Established a connection. Number of open connections: 1
[NX v22.5.4 Daemon Client] - 2026-03-16T15:36:19.525Z - [Messenger] Setting up socket listeners
[NX v22.5.4 Daemon Client] - 2026-03-16T15:36:19.525Z - [Messenger] listen() complete
[NX v22.5.4 Daemon Client] - 2026-03-16T15:36:19.525Z - [Messenger] Sending message type: HASH_MULTI_GLOB
[NX v22.5.4 Daemon Client] - 2026-03-16T15:36:19.526Z - [Messenger] Message sent
Time for 'daemon-message-serialization-HASH_MULTI_GLOB' 0.09712499999999125
[NX v22.5.4 Daemon Server] - 2026-03-16T15:36:19.533Z - Received raw message of length 50
[NX v22.5.4 Daemon Server] - 2026-03-16T15:36:19.533Z - Received json message of type HASH_MULTI_GLOB
[NX v22.5.4 Daemon Server] - 2026-03-16T15:36:19.533Z - Serializing response for HASH_GLOB message in json mode
[NX v22.5.4 Daemon Server] - 2026-03-16T15:36:19.533Z - Responding to HASH_GLOB message
[NX v22.5.4 Daemon Server] - 2026-03-16T15:36:19.533Z - [REQUEST]: Responding to the client. handleHashMultiGlob
[NX v22.5.4 Daemon Server] - 2026-03-16T15:36:19.533Z - Done responding to the client handleHashMultiGlob
[NX v22.5.4 Daemon Server] - 2026-03-16T15:36:19.533Z - Handled json message HASH_GLOB. Handling time: 0. Response time: 0.
[NX v22.5.4 Daemon Client] - 2026-03-16T15:36:19.533Z - [Messenger] Received message, length: 23
[NX v22.5.4 Daemon Server] - 2026-03-16T15:36:19.541Z - Established a connection. Number of open connections: 2
[NX v22.5.4 Daemon Server] - 2026-03-16T15:36:19.541Z - Closed a connection. Number of open connections: 1
[NX v22.5.4 Daemon Server] - 2026-03-16T15:36:19.541Z - Established a connection. Number of open connections: 2
[NX v22.5.4 Daemon Client] - 2026-03-16T15:36:19.541Z - [Messenger] Setting up socket listeners
[NX v22.5.4 Daemon Client] - 2026-03-16T15:36:19.542Z - [Messenger] listen() complete
[NX v22.5.4 Daemon Client] - 2026-03-16T15:36:19.542Z - [Messenger] Sending message type: GLOB
[NX v22.5.4 Daemon Client] - 2026-03-16T15:36:19.542Z - [Messenger] Message sent
Time for 'daemon-message-serialization-GLOB' 0.08279199999998355
[NX v22.5.4 Daemon Server] - 2026-03-16T15:36:19.550Z - Received raw message of length 73
[NX v22.5.4 Daemon Server] - 2026-03-16T15:36:19.550Z - Received json message of type GLOB
[NX v22.5.4 Daemon Server] - 2026-03-16T15:36:19.550Z - Serializing response for GLOB message in json mode
[NX v22.5.4 Daemon Server] - 2026-03-16T15:36:19.550Z - Responding to GLOB message
[NX v22.5.4 Daemon Server] - 2026-03-16T15:36:19.550Z - [REQUEST]: Responding to the client. handleGlob
[NX v22.5.4 Daemon Server] - 2026-03-16T15:36:19.551Z - Done responding to the client handleGlob
[NX v22.5.4 Daemon Server] - 2026-03-16T15:36:19.551Z - Handled json message GLOB. Handling time: 0. Response time: 1.
[NX v22.5.4 Daemon Client] - 2026-03-16T15:36:19.551Z - [Messenger] Received message, length: 28246
[NX v22.5.4 Daemon Client] - 2026-03-16T15:36:19.552Z - [Messenger] Sending message type: HASH_MULTI_GLOB
[NX v22.5.4 Daemon Client] - 2026-03-16T15:36:19.552Z - [Messenger] Message sent
[NX v22.5.4 Daemon Server] - 2026-03-16T15:36:19.552Z - Received raw message of length 429
[NX v22.5.4 Daemon Server] - 2026-03-16T15:36:19.552Z - Received json message of type HASH_MULTI_GLOB
[NX v22.5.4 Daemon Server] - 2026-03-16T15:36:19.554Z - Serializing response for HASH_GLOB message in json mode
[NX v22.5.4 Daemon Server] - 2026-03-16T15:36:19.554Z - Responding to HASH_GLOB message
[NX v22.5.4 Daemon Server] - 2026-03-16T15:36:19.554Z - [REQUEST]: Responding to the client. handleHashMultiGlob
[NX v22.5.4 Daemon Server] - 2026-03-16T15:36:19.554Z - Done responding to the client handleHashMultiGlob
[NX v22.5.4 Daemon Server] - 2026-03-16T15:36:19.554Z - Handled json message HASH_GLOB. Handling time: 2. Response time: 0.
Time for 'GLOB round trip' 9.729540999999983
Time for 'deserialize daemon response - GLOB' 0.11908299999998917
Time for 'daemon-message-serialization-HASH_MULTI_GLOB' 0.014249999999975671
[NX v22.5.4 Daemon Client] - 2026-03-16T15:36:19.554Z - [Messenger] Received message, length: 133
[NX v22.5.4 Daemon Server] - 2026-03-16T15:36:19.558Z - Closed a connection. Number of open connections: 1
Time for 'HASH_MULTI_GLOB round trip' 1.5879580000000146
Time for 'deserialize daemon response - HASH_MULTI_GLOB' 0.009208000000000993
[baseline-browser-mapping] The data in this module is over two months old.  To ensure accurate Baseline data, please update: `npm i baseline-browser-mapping@latest -D`
[NX v22.5.4 Daemon Server] - 2026-03-16T15:36:19.927Z - Time taken for 'build-project-configs' 525.4061669996008ms
[NX v22.5.4 Daemon Server] - 2026-03-16T15:36:19.933Z - Closed a connection. Number of open connections: 0
Time for 'build typescript dependencies' 1.5954590002074838
[NX v22.5.4 Daemon Server] - 2026-03-16T15:36:19.938Z - [SYNC]: collect registered sync generators
[NX v22.5.4 Daemon Server] - 2026-03-16T15:36:19.938Z - [SYNC]: project graph hash is the same, not collecting task sync generators
[NX v22.5.4 Daemon Server] - 2026-03-16T15:36:19.939Z - [SYNC]: nx.json hash is the same, not collecting global sync generators
[NX v22.5.4 Daemon Server] - 2026-03-16T15:36:19.939Z - Time taken for 'total execution time for createProjectGraph()' 13.830625000409782ms
[NX v22.5.4 Daemon Server] - 2026-03-16T15:36:23.904Z - [WATCHER]: Processing file changes in outputs
[NX v22.5.4 Daemon Server] - 2026-03-16T15:36:23.966Z - [WATCHER]: Processing file changes in outputs
[NX v22.5.4 Daemon Server] - 2026-03-16T15:36:24.019Z - [WATCHER]: Processing file changes in outputs
[NX v22.5.4 Daemon Server] - 2026-03-16T15:36:50.378Z - [WATCHER]: 1 file(s) created or restored, 0 file(s) modified, 1 file(s) deleted
[NX v22.5.4 Daemon Server] - 2026-03-16T15:36:50.378Z - [SYNC]: clearing sync generators cache due to file changes
[NX v22.5.4 Daemon Server] - 2026-03-16T15:36:50.378Z - [WATCHER]: Processing file changes in outputs
[NX v22.5.4 Daemon Server] - 2026-03-16T15:36:50.479Z - [REQUEST]: Updated workspace context based on watched changes, recomputing project graph...
[NX v22.5.4 Daemon Server] - 2026-03-16T15:36:50.479Z - [REQUEST]: functions/tsconfig.json
[NX v22.5.4 Daemon Server] - 2026-03-16T15:36:50.479Z - [REQUEST]: functions/tsconfig.json.tmp.93003.1773675410313
[NX v22.5.4 Daemon Server] - 2026-03-16T15:36:50.485Z - Time taken for 'hash changed files from watcher' 0.7599579999223351ms
Time for 'nx/js/dependencies-and-lockfile:createNodes' 4.462917000055313
Time for 'plugin worker 91904 code loading' 3.6432910000000014
Time for 'plugin worker 91902 code loading' 3.6754999999999995
Time for 'plugin worker 91903 code loading' 3.736457999999999
Time for 'plugin worker 91906 code loading' 3.6248749999999994
Time for 'plugin worker 91905 code loading' 3.7828750000000007
[NX v22.5.4 Daemon Server] - 2026-03-16T15:36:50.514Z - Time taken for 'start-plugin-worker:@nx/eslint/plugin' 32.31733400002122ms
[NX v22.5.4 Daemon Server] - 2026-03-16T15:36:50.515Z - Time taken for 'start-plugin-worker:nx/core/package-json' 31.338458999991417ms
Time for 'nx/core/package-json:createNodes' 2.1208750000000123
[NX v22.5.4 Daemon Server] - 2026-03-16T15:36:50.606Z - Established a connection. Number of open connections: 1
[NX v22.5.4 Daemon Server] - 2026-03-16T15:36:50.606Z - Closed a connection. Number of open connections: 0
[NX v22.5.4 Daemon Server] - 2026-03-16T15:36:50.606Z - Established a connection. Number of open connections: 1
[NX v22.5.4 Daemon Client] - 2026-03-16T15:36:50.606Z - [Messenger] Setting up socket listeners
[NX v22.5.4 Daemon Client] - 2026-03-16T15:36:50.607Z - [Messenger] listen() complete
[NX v22.5.4 Daemon Client] - 2026-03-16T15:36:50.607Z - [Messenger] Sending message type: HASH_MULTI_GLOB
[NX v22.5.4 Daemon Client] - 2026-03-16T15:36:50.607Z - [Messenger] Message sent
Time for 'daemon-message-serialization-HASH_MULTI_GLOB' 0.09908299999999315
[NX v22.5.4 Daemon Server] - 2026-03-16T15:36:50.614Z - Received raw message of length 50
[NX v22.5.4 Daemon Server] - 2026-03-16T15:36:50.614Z - Received json message of type HASH_MULTI_GLOB
[NX v22.5.4 Daemon Server] - 2026-03-16T15:36:50.614Z - Serializing response for HASH_GLOB message in json mode
[NX v22.5.4 Daemon Server] - 2026-03-16T15:36:50.614Z - Responding to HASH_GLOB message
[NX v22.5.4 Daemon Server] - 2026-03-16T15:36:50.614Z - [REQUEST]: Responding to the client. handleHashMultiGlob
[NX v22.5.4 Daemon Server] - 2026-03-16T15:36:50.614Z - Done responding to the client handleHashMultiGlob
[NX v22.5.4 Daemon Server] - 2026-03-16T15:36:50.614Z - Handled json message HASH_GLOB. Handling time: 0. Response time: 0.
[NX v22.5.4 Daemon Client] - 2026-03-16T15:36:50.615Z - [Messenger] Received message, length: 23
[NX v22.5.4 Daemon Server] - 2026-03-16T15:36:50.619Z - Closed a connection. Number of open connections: 0
[NX v22.5.4 Daemon Server] - 2026-03-16T15:36:50.621Z - Established a connection. Number of open connections: 1
[NX v22.5.4 Daemon Server] - 2026-03-16T15:36:50.622Z - Closed a connection. Number of open connections: 0
[NX v22.5.4 Daemon Server] - 2026-03-16T15:36:50.622Z - Established a connection. Number of open connections: 1
[NX v22.5.4 Daemon Client] - 2026-03-16T15:36:50.622Z - [Messenger] Setting up socket listeners
[NX v22.5.4 Daemon Client] - 2026-03-16T15:36:50.622Z - [Messenger] listen() complete
[NX v22.5.4 Daemon Client] - 2026-03-16T15:36:50.623Z - [Messenger] Sending message type: GLOB
[NX v22.5.4 Daemon Client] - 2026-03-16T15:36:50.623Z - [Messenger] Message sent
Time for 'daemon-message-serialization-GLOB' 0.08062499999999773
[NX v22.5.4 Daemon Server] - 2026-03-16T15:36:50.630Z - Received raw message of length 73
[NX v22.5.4 Daemon Server] - 2026-03-16T15:36:50.630Z - Received json message of type GLOB
[NX v22.5.4 Daemon Server] - 2026-03-16T15:36:50.630Z - Serializing response for GLOB message in json mode
[NX v22.5.4 Daemon Server] - 2026-03-16T15:36:50.631Z - Responding to GLOB message
[NX v22.5.4 Daemon Server] - 2026-03-16T15:36:50.631Z - [REQUEST]: Responding to the client. handleGlob
[NX v22.5.4 Daemon Server] - 2026-03-16T15:36:50.631Z - Done responding to the client handleGlob
[NX v22.5.4 Daemon Server] - 2026-03-16T15:36:50.631Z - Handled json message GLOB. Handling time: 0. Response time: 1.
[NX v22.5.4 Daemon Client] - 2026-03-16T15:36:50.631Z - [Messenger] Received message, length: 28246
[NX v22.5.4 Daemon Client] - 2026-03-16T15:36:50.632Z - [Messenger] Sending message type: HASH_MULTI_GLOB
[NX v22.5.4 Daemon Client] - 2026-03-16T15:36:50.632Z - [Messenger] Message sent
[NX v22.5.4 Daemon Server] - 2026-03-16T15:36:50.632Z - Received raw message of length 429
[NX v22.5.4 Daemon Server] - 2026-03-16T15:36:50.632Z - Received json message of type HASH_MULTI_GLOB
[NX v22.5.4 Daemon Server] - 2026-03-16T15:36:50.633Z - Serializing response for HASH_GLOB message in json mode
[NX v22.5.4 Daemon Server] - 2026-03-16T15:36:50.633Z - Responding to HASH_GLOB message
[NX v22.5.4 Daemon Server] - 2026-03-16T15:36:50.633Z - [REQUEST]: Responding to the client. handleHashMultiGlob
[NX v22.5.4 Daemon Server] - 2026-03-16T15:36:50.633Z - Done responding to the client handleHashMultiGlob
[NX v22.5.4 Daemon Server] - 2026-03-16T15:36:50.633Z - Handled json message HASH_GLOB. Handling time: 1. Response time: 0.
[NX v22.5.4 Daemon Client] - 2026-03-16T15:36:50.633Z - [Messenger] Received message, length: 133
Time for 'GLOB round trip' 8.850082999999984
Time for 'deserialize daemon response - GLOB' 0.07450000000000045
Time for 'daemon-message-serialization-HASH_MULTI_GLOB' 0.00791700000002038
[NX v22.5.4 Daemon Server] - 2026-03-16T15:36:50.693Z - Time taken for 'build-project-configs' 206.13475000020117ms
[NX v22.5.4 Daemon Server] - 2026-03-16T15:36:50.697Z - Closed a connection. Number of open connections: 0
Time for 'build typescript dependencies' 1.7134999996051192
[NX v22.5.4 Daemon Server] - 2026-03-16T15:36:50.707Z - [SYNC]: collect registered sync generators
[NX v22.5.4 Daemon Server] - 2026-03-16T15:36:50.708Z - [SYNC]: project graph hash is the same, not collecting task sync generators
[NX v22.5.4 Daemon Server] - 2026-03-16T15:36:50.708Z - [SYNC]: nx.json hash is the same, not collecting global sync generators
[NX v22.5.4 Daemon Server] - 2026-03-16T15:36:50.708Z - Time taken for 'total execution time for createProjectGraph()' 18.205291000194848ms
[NX v22.5.4 Daemon Server] - 2026-03-16T15:39:16.314Z - [WATCHER]: 0 file(s) created or restored, 3 file(s) modified, 0 file(s) deleted
[NX v22.5.4 Daemon Server] - 2026-03-16T15:39:16.314Z - [SYNC]: clearing sync generators cache due to file changes
[NX v22.5.4 Daemon Server] - 2026-03-16T15:39:16.314Z - [WATCHER]: Processing file changes in outputs
[NX v22.5.4 Daemon Server] - 2026-03-16T15:39:16.365Z - [WATCHER]: Processing file changes in outputs
[NX v22.5.4 Daemon Server] - 2026-03-16T15:39:16.366Z - [WATCHER]: 0 file(s) created or restored, 2 file(s) modified, 0 file(s) deleted
[NX v22.5.4 Daemon Server] - 2026-03-16T15:39:16.366Z - [SYNC]: clearing sync generators cache due to file changes
[NX v22.5.4 Daemon Server] - 2026-03-16T15:39:16.423Z - [WATCHER]: 0 file(s) created or restored, 3 file(s) modified, 0 file(s) deleted
[NX v22.5.4 Daemon Server] - 2026-03-16T15:39:16.423Z - [SYNC]: clearing sync generators cache due to file changes
[NX v22.5.4 Daemon Server] - 2026-03-16T15:39:16.423Z - [WATCHER]: Processing file changes in outputs
[NX v22.5.4 Daemon Server] - 2026-03-16T15:39:16.481Z - [WATCHER]: 0 file(s) created or restored, 4 file(s) modified, 0 file(s) deleted
[NX v22.5.4 Daemon Server] - 2026-03-16T15:39:16.481Z - [SYNC]: clearing sync generators cache due to file changes
[NX v22.5.4 Daemon Server] - 2026-03-16T15:39:16.481Z - [WATCHER]: Processing file changes in outputs
[NX v22.5.4 Daemon Server] - 2026-03-16T15:39:16.515Z - [REQUEST]: Updated workspace context based on watched changes, recomputing project graph...
[NX v22.5.4 Daemon Server] - 2026-03-16T15:39:16.515Z - [REQUEST]: functions/src/admin-match-requests-api/handler.ts,functions/src/admin-match-requests-api/routes/get-match-request.test.ts,functions/src/admin-match-requests-api/plugins/admin-match-requests-plugin.ts,functions/src/admin-match-requests-api/routes/list-match-requests.test.ts,functions/src/admin-match-requests-api/schemas/match-request-schemas.ts,functions/src/admin-match-requests-api/routes/update-match-request.test.ts,functions/src/admin-match-requests-api/services/get-match-request.ts,functions/src/admin-match-requests-api/services/update-match-request.ts,functions/src/admin-members-api/handler.ts,functions/src/admin-match-requests-api/services/list-match-requests.ts,functions/src/admin-match-requests-api/test-utils/create-admin-test-plugin.ts
[NX v22.5.4 Daemon Server] - 2026-03-16T15:39:16.515Z - [REQUEST]: 
[NX v22.5.4 Daemon Server] - 2026-03-16T15:39:16.520Z - Time taken for 'hash changed files from watcher' 0.8186670001596212ms
Time for 'nx/js/dependencies-and-lockfile:createNodes' 4.435540999285877
[NX v22.5.4 Daemon Server] - 2026-03-16T15:39:16.540Z - [WATCHER]: 0 file(s) created or restored, 3 file(s) modified, 0 file(s) deleted
[NX v22.5.4 Daemon Server] - 2026-03-16T15:39:16.540Z - [SYNC]: clearing sync generators cache due to file changes
[NX v22.5.4 Daemon Server] - 2026-03-16T15:39:16.540Z - [WATCHER]: Processing file changes in outputs
Time for 'plugin worker 93548 code loading' 4.907375
Time for 'plugin worker 93546 code loading' 4.8294999999999995
Time for 'plugin worker 93547 code loading' 4.293416000000001
Time for 'plugin worker 93550 code loading' 4.516250000000001
Time for 'plugin worker 93549 code loading' 4.976292000000001
[NX v22.5.4 Daemon Server] - 2026-03-16T15:39:16.550Z - Time taken for 'start-plugin-worker:@nx/eslint/plugin' 32.78466599993408ms
[NX v22.5.4 Daemon Server] - 2026-03-16T15:39:16.553Z - Time taken for 'start-plugin-worker:nx/core/project-json' 33.99925000034273ms
[NX v22.5.4 Daemon Server] - 2026-03-16T15:39:16.599Z - [WATCHER]: Processing file changes in outputs
[NX v22.5.4 Daemon Server] - 2026-03-16T15:39:16.599Z - [WATCHER]: 0 file(s) created or restored, 2 file(s) modified, 0 file(s) deleted
[NX v22.5.4 Daemon Server] - 2026-03-16T15:39:16.599Z - [SYNC]: clearing sync generators cache due to file changes
[NX v22.5.4 Daemon Server] - 2026-03-16T15:39:16.654Z - [WATCHER]: 0 file(s) created or restored, 3 file(s) modified, 0 file(s) deleted
[NX v22.5.4 Daemon Server] - 2026-03-16T15:39:16.654Z - [SYNC]: clearing sync generators cache due to file changes
[NX v22.5.4 Daemon Server] - 2026-03-16T15:39:16.655Z - [WATCHER]: Processing file changes in outputs
Time for 'nx/core/package-json:createNodes' 2.8781669999999906
[NX v22.5.4 Daemon Server] - 2026-03-16T15:39:16.714Z - Established a connection. Number of open connections: 1
[NX v22.5.4 Daemon Client] - 2026-03-16T15:39:16.714Z - [Messenger] Setting up socket listeners
[NX v22.5.4 Daemon Server] - 2026-03-16T15:39:16.717Z - Established a connection. Number of open connections: 2
[NX v22.5.4 Daemon Client] - 2026-03-16T15:39:16.717Z - [Messenger] listen() complete
[NX v22.5.4 Daemon Server] - 2026-03-16T15:39:16.717Z - Closed a connection. Number of open connections: 1
[NX v22.5.4 Daemon Client] - 2026-03-16T15:39:16.717Z - [Messenger] Sending message type: HASH_MULTI_GLOB
[NX v22.5.4 Daemon Client] - 2026-03-16T15:39:16.717Z - [Messenger] Message sent
Time for 'daemon-message-serialization-HASH_MULTI_GLOB' 0.11062499999999886
[NX v22.5.4 Daemon Server] - 2026-03-16T15:39:16.724Z - Received raw message of length 50
[NX v22.5.4 Daemon Server] - 2026-03-16T15:39:16.724Z - Received json message of type HASH_MULTI_GLOB
[NX v22.5.4 Daemon Server] - 2026-03-16T15:39:16.725Z - Serializing response for HASH_GLOB message in json mode
[NX v22.5.4 Daemon Server] - 2026-03-16T15:39:16.725Z - Responding to HASH_GLOB message
[NX v22.5.4 Daemon Server] - 2026-03-16T15:39:16.725Z - [REQUEST]: Responding to the client. handleHashMultiGlob
[NX v22.5.4 Daemon Server] - 2026-03-16T15:39:16.725Z - Done responding to the client handleHashMultiGlob
[NX v22.5.4 Daemon Server] - 2026-03-16T15:39:16.725Z - Handled json message HASH_GLOB. Handling time: 1. Response time: 0.
[NX v22.5.4 Daemon Client] - 2026-03-16T15:39:16.725Z - [Messenger] Received message, length: 23
[NX v22.5.4 Daemon Server] - 2026-03-16T15:39:16.744Z - [WATCHER]: 0 file(s) created or restored, 3 file(s) modified, 0 file(s) deleted
[NX v22.5.4 Daemon Server] - 2026-03-16T15:39:16.744Z - [SYNC]: clearing sync generators cache due to file changes
[NX v22.5.4 Daemon Server] - 2026-03-16T15:39:16.744Z - [WATCHER]: Processing file changes in outputs
[NX v22.5.4 Daemon Server] - 2026-03-16T15:39:16.747Z - Established a connection. Number of open connections: 2
[NX v22.5.4 Daemon Server] - 2026-03-16T15:39:16.748Z - Closed a connection. Number of open connections: 1
[NX v22.5.4 Daemon Server] - 2026-03-16T15:39:16.748Z - Established a connection. Number of open connections: 2
[NX v22.5.4 Daemon Client] - 2026-03-16T15:39:16.748Z - [Messenger] Setting up socket listeners
[NX v22.5.4 Daemon Client] - 2026-03-16T15:39:16.749Z - [Messenger] listen() complete
[NX v22.5.4 Daemon Client] - 2026-03-16T15:39:16.749Z - [Messenger] Sending message type: GLOB
[NX v22.5.4 Daemon Client] - 2026-03-16T15:39:16.749Z - [Messenger] Message sent
[NX v22.5.4 Daemon Server] - 2026-03-16T15:39:16.750Z - Closed a connection. Number of open connections: 1
Time for 'daemon-message-serialization-GLOB' 0.07908300000002555
[NX v22.5.4 Daemon Server] - 2026-03-16T15:39:16.757Z - Received raw message of length 73
[NX v22.5.4 Daemon Server] - 2026-03-16T15:39:16.757Z - Received json message of type GLOB
[NX v22.5.4 Daemon Server] - 2026-03-16T15:39:16.757Z - Serializing response for GLOB message in json mode
[NX v22.5.4 Daemon Server] - 2026-03-16T15:39:16.757Z - Responding to GLOB message
[NX v22.5.4 Daemon Server] - 2026-03-16T15:39:16.757Z - [REQUEST]: Responding to the client. handleGlob
[NX v22.5.4 Daemon Server] - 2026-03-16T15:39:16.758Z - Done responding to the client handleGlob
[NX v22.5.4 Daemon Server] - 2026-03-16T15:39:16.758Z - Handled json message GLOB. Handling time: 0. Response time: 1.
[NX v22.5.4 Daemon Client] - 2026-03-16T15:39:16.758Z - [Messenger] Received message, length: 28246
[NX v22.5.4 Daemon Client] - 2026-03-16T15:39:16.759Z - [Messenger] Sending message type: HASH_MULTI_GLOB
[NX v22.5.4 Daemon Client] - 2026-03-16T15:39:16.759Z - [Messenger] Message sent
[NX v22.5.4 Daemon Server] - 2026-03-16T15:39:16.759Z - Received raw message of length 429
[NX v22.5.4 Daemon Server] - 2026-03-16T15:39:16.759Z - Received json message of type HASH_MULTI_GLOB
[NX v22.5.4 Daemon Server] - 2026-03-16T15:39:16.760Z - Serializing response for HASH_GLOB message in json mode
[NX v22.5.4 Daemon Server] - 2026-03-16T15:39:16.760Z - Responding to HASH_GLOB message
[NX v22.5.4 Daemon Server] - 2026-03-16T15:39:16.760Z - [REQUEST]: Responding to the client. handleHashMultiGlob
[NX v22.5.4 Daemon Server] - 2026-03-16T15:39:16.760Z - Done responding to the client handleHashMultiGlob
[NX v22.5.4 Daemon Server] - 2026-03-16T15:39:16.760Z - Handled json message HASH_GLOB. Handling time: 1. Response time: 0.
Time for 'GLOB round trip' 9.042958999999996
Time for 'deserialize daemon response - GLOB' 0.09408399999998096
Time for 'daemon-message-serialization-HASH_MULTI_GLOB' 0.01300000000000523
[NX v22.5.4 Daemon Client] - 2026-03-16T15:39:16.760Z - [Messenger] Received message, length: 134
[NX v22.5.4 Daemon Server] - 2026-03-16T15:39:16.820Z - [WATCHER]: 0 file(s) created or restored, 3 file(s) modified, 0 file(s) deleted
[NX v22.5.4 Daemon Server] - 2026-03-16T15:39:16.820Z - [SYNC]: clearing sync generators cache due to file changes
[NX v22.5.4 Daemon Server] - 2026-03-16T15:39:16.820Z - [WATCHER]: Processing file changes in outputs
Time for 'HASH_MULTI_GLOB round trip' 1.5250839999999926
Time for 'deserialize daemon response - HASH_MULTI_GLOB' 0.010917000000006283
[NX v22.5.4 Daemon Server] - 2026-03-16T15:39:16.906Z - [WATCHER]: 0 file(s) created or restored, 4 file(s) modified, 0 file(s) deleted
[NX v22.5.4 Daemon Server] - 2026-03-16T15:39:16.906Z - [SYNC]: clearing sync generators cache due to file changes
[NX v22.5.4 Daemon Server] - 2026-03-16T15:39:16.906Z - [WATCHER]: Processing file changes in outputs
[NX v22.5.4 Daemon Server] - 2026-03-16T15:39:16.942Z - [REQUEST]: Updated workspace context based on watched changes, recomputing project graph...
[NX v22.5.4 Daemon Server] - 2026-03-16T15:39:16.942Z - [REQUEST]: functions/src/admin-match-requests-api/handler.ts,functions/src/admin-match-requests-api/routes/get-match-request.test.ts,functions/src/admin-match-requests-api/plugins/admin-match-requests-plugin.ts,functions/src/admin-match-requests-api/routes/list-match-requests.test.ts,functions/src/admin-match-requests-api/schemas/match-request-schemas.ts,functions/src/admin-match-requests-api/routes/update-match-request.test.ts,functions/src/admin-match-requests-api/services/get-match-request.ts,functions/src/admin-match-requests-api/services/update-match-request.ts,functions/src/admin-members-api/handler.ts,functions/src/admin-match-requests-api/services/list-match-requests.ts,functions/src/admin-match-requests-api/test-utils/create-admin-test-plugin.ts,functions/src/admin-members-api/routes/activate-membership.test.ts,functions/src/admin-members-api/routes/cancel-membership.test.ts,functions/src/admin-members-api/plugins/admin-members-plugin.ts,functions/src/admin-members-api/routes/clean-slate-delete.test.ts,functions/src/admin-members-api/routes/extend-membership.test.ts,functions/src/admin-members-api/routes/list-members.test.ts,functions/src/admin-members-api/routes/link-profile.test.ts,functions/src/admin-members-api/routes/get-member.test.ts,functions/src/admin-members-api/routes/read-profile.test.ts,functions/src/admin-members-api/routes/refund-membership.test.ts,functions/src/admin-members-api/routes/list-unlinked-profiles.test.ts,functions/src/admin-members-api/routes/toggle-profile-draft.test.ts,functions/src/admin-members-api/routes/update-claims.test.ts,functions/src/admin-members-api/routes/update-member.test.ts,functions/src/admin-members-api/services/cancel-membership.ts,functions/src/admin-members-api/services/activate-membership.ts,functions/src/admin-members-api/schemas/member-schemas.ts,functions/src/admin-members-api/services/clean-slate-delete.ts
[NX v22.5.4 Daemon Server] - 2026-03-16T15:39:16.942Z - [REQUEST]: 
[NX v22.5.4 Daemon Server] - 2026-03-16T15:39:16.947Z - Time taken for 'hash changed files from watcher' 1.0322920000180602ms
Time for 'nx/js/dependencies-and-lockfile:createNodes' 3.674207999370992
[baseline-browser-mapping] The data in this module is over two months old.  To ensure accurate Baseline data, please update: `npm i baseline-browser-mapping@latest -D`
[NX v22.5.4 Daemon Server] - 2026-03-16T15:39:16.962Z - [WATCHER]: Processing file changes in outputs
[NX v22.5.4 Daemon Server] - 2026-03-16T15:39:16.962Z - [WATCHER]: 0 file(s) created or restored, 6 file(s) modified, 0 file(s) deleted
[NX v22.5.4 Daemon Server] - 2026-03-16T15:39:16.962Z - [SYNC]: clearing sync generators cache due to file changes
Time for 'plugin worker 93554 code loading' 4.2481670000000005
Time for 'plugin worker 93555 code loading' 4.635874999999999
Time for 'plugin worker 93557 code loading' 4.712708000000001
Time for 'plugin worker 93556 code loading' 4.8292079999999995
[NX v22.5.4 Daemon Server] - 2026-03-16T15:39:16.975Z - Time taken for 'start-plugin-worker:@nx/playwright/plugin' 30.532833999954164ms
[NX v22.5.4 Daemon Server] - 2026-03-16T15:39:16.976Z - Time taken for 'start-plugin-worker:@nx/docker' 31.190750000067055ms
[NX v22.5.4 Daemon Server] - 2026-03-16T15:39:16.979Z - Time taken for 'start-plugin-worker:nx/core/project-json' 32.8098749993369ms
[NX v22.5.4 Daemon Server] - 2026-03-16T15:39:17.019Z - [WATCHER]: 0 file(s) created or restored, 4 file(s) modified, 0 file(s) deleted
[NX v22.5.4 Daemon Server] - 2026-03-16T15:39:17.019Z - [SYNC]: clearing sync generators cache due to file changes
[NX v22.5.4 Daemon Server] - 2026-03-16T15:39:17.019Z - [WATCHER]: Processing file changes in outputs
Time for 'nx/core/package-json:createNodes' 2.2852499999999907
[NX v22.5.4 Daemon Server] - 2026-03-16T15:39:17.083Z - Established a connection. Number of open connections: 2
[NX v22.5.4 Daemon Server] - 2026-03-16T15:39:17.084Z - Closed a connection. Number of open connections: 1
[NX v22.5.4 Daemon Server] - 2026-03-16T15:39:17.084Z - Established a connection. Number of open connections: 2
[NX v22.5.4 Daemon Client] - 2026-03-16T15:39:17.084Z - [Messenger] Setting up socket listeners
[NX v22.5.4 Daemon Client] - 2026-03-16T15:39:17.084Z - [Messenger] listen() complete
[NX v22.5.4 Daemon Client] - 2026-03-16T15:39:17.085Z - [Messenger] Sending message type: HASH_MULTI_GLOB
[NX v22.5.4 Daemon Client] - 2026-03-16T15:39:17.085Z - [Messenger] Message sent
Time for 'daemon-message-serialization-HASH_MULTI_GLOB' 0.10458300000001941
[NX v22.5.4 Daemon Server] - 2026-03-16T15:39:17.092Z - Received raw message of length 50
[NX v22.5.4 Daemon Server] - 2026-03-16T15:39:17.092Z - Received json message of type HASH_MULTI_GLOB
[NX v22.5.4 Daemon Server] - 2026-03-16T15:39:17.093Z - Serializing response for HASH_GLOB message in json mode
[NX v22.5.4 Daemon Server] - 2026-03-16T15:39:17.093Z - Responding to HASH_GLOB message
[NX v22.5.4 Daemon Server] - 2026-03-16T15:39:17.093Z - [REQUEST]: Responding to the client. handleHashMultiGlob
[NX v22.5.4 Daemon Server] - 2026-03-16T15:39:17.093Z - Done responding to the client handleHashMultiGlob
[NX v22.5.4 Daemon Server] - 2026-03-16T15:39:17.093Z - Handled json message HASH_GLOB. Handling time: 1. Response time: 0.
[NX v22.5.4 Daemon Client] - 2026-03-16T15:39:17.093Z - [Messenger] Received message, length: 23
[NX v22.5.4 Daemon Server] - 2026-03-16T15:39:17.099Z - [WATCHER]: Processing file changes in outputs
[NX v22.5.4 Daemon Server] - 2026-03-16T15:39:17.100Z - [WATCHER]: 0 file(s) created or restored, 4 file(s) modified, 0 file(s) deleted
[NX v22.5.4 Daemon Server] - 2026-03-16T15:39:17.100Z - [SYNC]: clearing sync generators cache due to file changes
[NX v22.5.4 Daemon Server] - 2026-03-16T15:39:17.121Z - Closed a connection. Number of open connections: 1
[NX v22.5.4 Daemon Server] - 2026-03-16T15:39:17.180Z - [WATCHER]: 0 file(s) created or restored, 4 file(s) modified, 0 file(s) deleted
[NX v22.5.4 Daemon Server] - 2026-03-16T15:39:17.180Z - [SYNC]: clearing sync generators cache due to file changes
[NX v22.5.4 Daemon Server] - 2026-03-16T15:39:17.180Z - [WATCHER]: Processing file changes in outputs
[NX v22.5.4 Daemon Server] - 2026-03-16T15:39:17.232Z - [WATCHER]: 0 file(s) created or restored, 4 file(s) modified, 0 file(s) deleted
[NX v22.5.4 Daemon Server] - 2026-03-16T15:39:17.232Z - [SYNC]: clearing sync generators cache due to file changes
[NX v22.5.4 Daemon Server] - 2026-03-16T15:39:17.232Z - [WATCHER]: Processing file changes in outputs
[NX v22.5.4 Daemon Server] - 2026-03-16T15:39:17.284Z - [WATCHER]: Processing file changes in outputs
[NX v22.5.4 Daemon Server] - 2026-03-16T15:39:17.284Z - [WATCHER]: 0 file(s) created or restored, 3 file(s) modified, 0 file(s) deleted
[NX v22.5.4 Daemon Server] - 2026-03-16T15:39:17.284Z - [SYNC]: clearing sync generators cache due to file changes
[NX v22.5.4 Daemon Client] - 2026-03-16T15:39:17.337Z - [Messenger] Sending message type: GLOB
[NX v22.5.4 Daemon Client] - 2026-03-16T15:39:17.337Z - [Messenger] Message sent
[NX v22.5.4 Daemon Server] - 2026-03-16T15:39:17.338Z - Time taken for 'build-project-configs' 394.7589159999043ms
Time for '@nx/eslint/plugin:createNodes' 592.165042
Time for 'daemon-message-serialization-GLOB' 0.0049999999999954525
[NX v22.5.4 Daemon Server] - 2026-03-16T15:39:17.338Z - Received raw message of length 73
[NX v22.5.4 Daemon Server] - 2026-03-16T15:39:17.338Z - Received json message of type GLOB
[NX v22.5.4 Daemon Server] - 2026-03-16T15:39:17.339Z - Serializing response for GLOB message in json mode
[NX v22.5.4 Daemon Server] - 2026-03-16T15:39:17.339Z - Responding to GLOB message
[NX v22.5.4 Daemon Server] - 2026-03-16T15:39:17.339Z - [REQUEST]: Responding to the client. handleGlob
[NX v22.5.4 Daemon Server] - 2026-03-16T15:39:17.339Z - Done responding to the client handleGlob
[NX v22.5.4 Daemon Server] - 2026-03-16T15:39:17.339Z - Handled json message GLOB. Handling time: 0. Response time: 1.
[NX v22.5.4 Daemon Client] - 2026-03-16T15:39:17.339Z - [Messenger] Received message, length: 28246
[NX v22.5.4 Daemon Client] - 2026-03-16T15:39:17.339Z - [Messenger] Sending message type: HASH_MULTI_GLOB
[NX v22.5.4 Daemon Client] - 2026-03-16T15:39:17.340Z - [Messenger] Message sent
[NX v22.5.4 Daemon Server] - 2026-03-16T15:39:17.340Z - Received raw message of length 429
[NX v22.5.4 Daemon Server] - 2026-03-16T15:39:17.340Z - Received json message of type HASH_MULTI_GLOB
[NX v22.5.4 Daemon Server] - 2026-03-16T15:39:17.341Z - Serializing response for HASH_GLOB message in json mode
[NX v22.5.4 Daemon Server] - 2026-03-16T15:39:17.341Z - Responding to HASH_GLOB message
[NX v22.5.4 Daemon Server] - 2026-03-16T15:39:17.341Z - [REQUEST]: Responding to the client. handleHashMultiGlob
[NX v22.5.4 Daemon Server] - 2026-03-16T15:39:17.341Z - Done responding to the client handleHashMultiGlob
[NX v22.5.4 Daemon Server] - 2026-03-16T15:39:17.341Z - Handled json message HASH_GLOB. Handling time: 1. Response time: 0.
[NX v22.5.4 Daemon Client] - 2026-03-16T15:39:17.341Z - [Messenger] Received message, length: 133
Time for 'GLOB round trip' 1.6943330000000287
Time for 'deserialize daemon response - GLOB' 0.029166000000032
Time for 'daemon-message-serialization-HASH_MULTI_GLOB' 0.007875000000012733
Time for 'HASH_MULTI_GLOB round trip' 1.414625000000001
Time for 'deserialize daemon response - HASH_MULTI_GLOB' 0.006459000000063497
[NX v22.5.4 Daemon Server] - 2026-03-16T15:39:17.354Z - Time taken for 'build-project-configs' 405.26066599972546ms
[NX v22.5.4 Daemon Server] - 2026-03-16T15:39:17.354Z - [WATCHER]: 0 file(s) created or restored, 3 file(s) modified, 0 file(s) deleted
[NX v22.5.4 Daemon Server] - 2026-03-16T15:39:17.355Z - [SYNC]: clearing sync generators cache due to file changes
[NX v22.5.4 Daemon Server] - 2026-03-16T15:39:17.355Z - [WATCHER]: Processing file changes in outputs
[NX v22.5.4 Daemon Server] - 2026-03-16T15:39:17.362Z - Closed a connection. Number of open connections: 0
Time for 'build typescript dependencies' 8.27558400016278
[NX v22.5.4 Daemon Server] - 2026-03-16T15:39:17.376Z - [SYNC]: collect registered sync generators
[NX v22.5.4 Daemon Server] - 2026-03-16T15:39:17.376Z - [SYNC]: project graph hash is the same, not collecting task sync generators
[NX v22.5.4 Daemon Server] - 2026-03-16T15:39:17.376Z - [SYNC]: nx.json hash is the same, not collecting global sync generators
[NX v22.5.4 Daemon Server] - 2026-03-16T15:39:17.376Z - [SYNC]: collect registered sync generators
[NX v22.5.4 Daemon Server] - 2026-03-16T15:39:17.376Z - [SYNC]: project graph hash is the same, not collecting task sync generators
[NX v22.5.4 Daemon Server] - 2026-03-16T15:39:17.376Z - [SYNC]: nx.json hash is the same, not collecting global sync generators
[NX v22.5.4 Daemon Server] - 2026-03-16T15:39:17.376Z - Time taken for 'total execution time for createProjectGraph()' 25.21808400005102ms
[NX v22.5.4 Daemon Server] - 2026-03-16T15:39:17.404Z - [WATCHER]: Processing file changes in outputs
[NX v22.5.4 Daemon Server] - 2026-03-16T15:39:17.404Z - [WATCHER]: 0 file(s) created or restored, 5 file(s) modified, 0 file(s) deleted
[NX v22.5.4 Daemon Server] - 2026-03-16T15:39:17.404Z - [SYNC]: clearing sync generators cache due to file changes
[NX v22.5.4 Daemon Server] - 2026-03-16T15:39:17.463Z - [WATCHER]: 0 file(s) created or restored, 5 file(s) modified, 0 file(s) deleted
[NX v22.5.4 Daemon Server] - 2026-03-16T15:39:17.463Z - [SYNC]: clearing sync generators cache due to file changes
[NX v22.5.4 Daemon Server] - 2026-03-16T15:39:17.463Z - [WATCHER]: Processing file changes in outputs
[NX v22.5.4 Daemon Server] - 2026-03-16T15:39:17.534Z - [WATCHER]: 0 file(s) created or restored, 3 file(s) modified, 0 file(s) deleted
[NX v22.5.4 Daemon Server] - 2026-03-16T15:39:17.535Z - [SYNC]: clearing sync generators cache due to file changes
[NX v22.5.4 Daemon Server] - 2026-03-16T15:39:17.535Z - [WATCHER]: Processing file changes in outputs
[NX v22.5.4 Daemon Server] - 2026-03-16T15:39:17.606Z - [WATCHER]: 0 file(s) created or restored, 4 file(s) modified, 0 file(s) deleted
[NX v22.5.4 Daemon Server] - 2026-03-16T15:39:17.606Z - [SYNC]: clearing sync generators cache due to file changes
[NX v22.5.4 Daemon Server] - 2026-03-16T15:39:17.606Z - [WATCHER]: Processing file changes in outputs
[NX v22.5.4 Daemon Server] - 2026-03-16T15:39:17.661Z - [WATCHER]: 0 file(s) created or restored, 4 file(s) modified, 0 file(s) deleted
[NX v22.5.4 Daemon Server] - 2026-03-16T15:39:17.661Z - [SYNC]: clearing sync generators cache due to file changes
[NX v22.5.4 Daemon Server] - 2026-03-16T15:39:17.661Z - [WATCHER]: Processing file changes in outputs
[NX v22.5.4 Daemon Server] - 2026-03-16T15:39:17.728Z - [WATCHER]: 0 file(s) created or restored, 3 file(s) modified, 0 file(s) deleted
[NX v22.5.4 Daemon Server] - 2026-03-16T15:39:17.729Z - [SYNC]: clearing sync generators cache due to file changes
[NX v22.5.4 Daemon Server] - 2026-03-16T15:39:17.729Z - [WATCHER]: Processing file changes in outputs
[NX v22.5.4 Daemon Server] - 2026-03-16T15:39:17.764Z - [REQUEST]: Updated workspace context based on watched changes, recomputing project graph...
[NX v22.5.4 Daemon Server] - 2026-03-16T15:39:17.764Z - [REQUEST]: functions/src/admin-members-api/services/read-profile.ts,functions/src/admin-members-api/services/link-profile.ts,functions/src/admin-members-api/services/firestore-helpers.ts,functions/src/admin-members-api/services/list-unlinked-profiles.ts,functions/src/admin-members-api/services/is-admin.ts,functions/src/admin-members-api/services/list-members.ts,functions/src/admin-members-api/services/refund-membership.ts,functions/src/admin-members-api/services/update-claims.ts,functions/src/admin-members-api/services/toggle-profile-draft.ts,functions/src/admin-members-api/test-utils/create-admin-test-plugin.ts,functions/src/admin-messages-api/handler.ts,functions/src/admin-messages-api/plugins/admin-messages-plugin.ts,functions/src/admin-messages-api/routes/admin-messages.test.ts,functions/src/admin-messages-api/services/update-message.ts,functions/src/admin-messages-api/services/get-message.ts,functions/src/admin-messages-api/services/list-messages.ts,functions/src/admin-messages-api/schemas/message-schemas.ts,functions/src/admin-unclaimed-profiles-api/handler.ts,functions/src/admin-messages-api/test-utils/create-admin-test-plugin.ts,functions/src/admin-unclaimed-profiles-api/plugins/admin-unclaimed-profiles-plugin.ts,functions/src/admin-unclaimed-profiles-api/routes/admin-unclaimed-profiles.test.ts,functions/src/admin-unclaimed-profiles-api/routes/list-unclaimed-profiles.test.ts,functions/src/admin-unclaimed-profiles-api/routes/delete-unclaimed-profile.test.ts,functions/src/admin-unclaimed-profiles-api/routes/get-unclaimed-profile.test.ts,functions/src/admin-unclaimed-profiles-api/routes/update-email.test.ts,functions/src/admin-unclaimed-profiles-api/schemas/unclaimed-profile-schemas.ts,functions/src/admin-unclaimed-profiles-api/routes/refresh-payment-dates.test.ts,functions/src/admin-unclaimed-profiles-api/services/update-email.ts,functions/src/admin-unclaimed-profiles-api/services/refresh-payment-dates.ts,functions/src/admin-unclaimed-profiles-api/services/delete-unclaimed-profile.ts,functions/src/admin-unclaimed-profiles-api/services/get-unclaimed-profile.ts,functions/src/admin-unclaimed-profiles-api/services/list-unclaimed-profiles.ts,functions/src/admin-unclaimed-profiles-api/test-utils/create-admin-test-plugin.ts,functions/src/forms-api/plugins/contact-us-form-plugin.ts,functions/src/forms-api/plugins/doula-match-form-plugin.ts,functions/src/forms-api/routes/handle-contact-form.test.ts,functions/src/forms-api/handler.ts,functions/src/forms-api/routes/handle-match-form.test.ts,functions/src/forms-api/services/form-storage/save-match-request.ts,functions/src/forms-api/services/form-storage/save-contact-form.ts,functions/src/index.ts,functions/src/members-api/handler.test.ts,functions/src/members-api/handler.ts,functions/src/forms-api/test-utils/create-forms-test-plugins.ts,functions/src/members-api/routes/cancel-membership.test.ts,functions/src/members-api/routes/members.test.ts,functions/src/members-api/plugins/members-plugin.ts,functions/src/members-api/routes/health.test.ts,functions/src/members-api/routes/update-newsletter-preference.test.ts,functions/src/members-api/routes/verify-email.test.ts,functions/src/members-api/routes/update-member-name.test.ts
[NX v22.5.4 Daemon Server] - 2026-03-16T15:39:17.764Z - [REQUEST]: 
[NX v22.5.4 Daemon Server] - 2026-03-16T15:39:17.768Z - Time taken for 'hash changed files from watcher' 1.172124999575317ms
Time for 'nx/js/dependencies-and-lockfile:createNodes' 2.5788749996572733
Time for 'plugin worker 93570 code loading' 3.2130410000000005
Time for 'plugin worker 93573 code loading' 3.5240419999999997
Time for 'plugin worker 93571 code loading' 3.490333999999999
Time for 'plugin worker 93572 code loading' 3.556208
Time for 'plugin worker 93574 code loading' 3.2357910000000007
[NX v22.5.4 Daemon Server] - 2026-03-16T15:39:17.795Z - [WATCHER]: 0 file(s) created or restored, 4 file(s) modified, 0 file(s) deleted
[NX v22.5.4 Daemon Server] - 2026-03-16T15:39:17.795Z - [SYNC]: clearing sync generators cache due to file changes
[NX v22.5.4 Daemon Server] - 2026-03-16T15:39:17.795Z - [WATCHER]: Processing file changes in outputs
[NX v22.5.4 Daemon Server] - 2026-03-16T15:39:17.797Z - Time taken for 'start-plugin-worker:@nx/eslint/plugin' 31.065624999813735ms
[NX v22.5.4 Daemon Server] - 2026-03-16T15:39:17.798Z - Time taken for 'start-plugin-worker:nx/core/package-json' 30.85195899941027ms
[NX v22.5.4 Daemon Server] - 2026-03-16T15:39:17.852Z - [WATCHER]: 0 file(s) created or restored, 3 file(s) modified, 0 file(s) deleted
[NX v22.5.4 Daemon Server] - 2026-03-16T15:39:17.852Z - [SYNC]: clearing sync generators cache due to file changes
[NX v22.5.4 Daemon Server] - 2026-03-16T15:39:17.853Z - [WATCHER]: Processing file changes in outputs
Time for 'nx/core/package-json:createNodes' 2.4383750000000077
[NX v22.5.4 Daemon Server] - 2026-03-16T15:39:17.908Z - Established a connection. Number of open connections: 1
[NX v22.5.4 Daemon Server] - 2026-03-16T15:39:17.908Z - Closed a connection. Number of open connections: 0
[NX v22.5.4 Daemon Server] - 2026-03-16T15:39:17.908Z - Established a connection. Number of open connections: 1
[NX v22.5.4 Daemon Client] - 2026-03-16T15:39:17.908Z - [Messenger] Setting up socket listeners
[NX v22.5.4 Daemon Client] - 2026-03-16T15:39:17.909Z - [Messenger] listen() complete
[NX v22.5.4 Daemon Client] - 2026-03-16T15:39:17.909Z - [Messenger] Sending message type: HASH_MULTI_GLOB
[NX v22.5.4 Daemon Client] - 2026-03-16T15:39:17.909Z - [Messenger] Message sent
Time for 'daemon-message-serialization-HASH_MULTI_GLOB' 0.1064580000000035
[NX v22.5.4 Daemon Server] - 2026-03-16T15:39:17.916Z - Received raw message of length 50
[NX v22.5.4 Daemon Server] - 2026-03-16T15:39:17.916Z - Received json message of type HASH_MULTI_GLOB
[NX v22.5.4 Daemon Server] - 2026-03-16T15:39:17.917Z - Serializing response for HASH_GLOB message in json mode
[NX v22.5.4 Daemon Server] - 2026-03-16T15:39:17.917Z - Responding to HASH_GLOB message
[NX v22.5.4 Daemon Server] - 2026-03-16T15:39:17.917Z - [REQUEST]: Responding to the client. handleHashMultiGlob
[NX v22.5.4 Daemon Server] - 2026-03-16T15:39:17.917Z - Done responding to the client handleHashMultiGlob
[NX v22.5.4 Daemon Server] - 2026-03-16T15:39:17.917Z - Handled json message HASH_GLOB. Handling time: 1. Response time: 0.
[NX v22.5.4 Daemon Server] - 2026-03-16T15:39:17.917Z - [WATCHER]: 0 file(s) created or restored, 3 file(s) modified, 0 file(s) deleted
[NX v22.5.4 Daemon Server] - 2026-03-16T15:39:17.917Z - [SYNC]: clearing sync generators cache due to file changes
[NX v22.5.4 Daemon Client] - 2026-03-16T15:39:17.917Z - [Messenger] Received message, length: 24
[NX v22.5.4 Daemon Server] - 2026-03-16T15:39:17.917Z - [WATCHER]: Processing file changes in outputs
[NX v22.5.4 Daemon Server] - 2026-03-16T15:39:17.926Z - Established a connection. Number of open connections: 2
[NX v22.5.4 Daemon Server] - 2026-03-16T15:39:17.926Z - Closed a connection. Number of open connections: 1
[NX v22.5.4 Daemon Server] - 2026-03-16T15:39:17.926Z - Established a connection. Number of open connections: 2
[NX v22.5.4 Daemon Client] - 2026-03-16T15:39:17.926Z - [Messenger] Setting up socket listeners
[NX v22.5.4 Daemon Client] - 2026-03-16T15:39:17.926Z - [Messenger] listen() complete
[NX v22.5.4 Daemon Client] - 2026-03-16T15:39:17.927Z - [Messenger] Sending message type: GLOB
[NX v22.5.4 Daemon Client] - 2026-03-16T15:39:17.927Z - [Messenger] Message sent
Time for 'daemon-message-serialization-GLOB' 0.09487500000000182
[NX v22.5.4 Daemon Server] - 2026-03-16T15:39:17.935Z - Received raw message of length 73
[NX v22.5.4 Daemon Server] - 2026-03-16T15:39:17.935Z - Received json message of type GLOB
[NX v22.5.4 Daemon Server] - 2026-03-16T15:39:17.935Z - Serializing response for GLOB message in json mode
[NX v22.5.4 Daemon Server] - 2026-03-16T15:39:17.936Z - Responding to GLOB message
[NX v22.5.4 Daemon Server] - 2026-03-16T15:39:17.936Z - [REQUEST]: Responding to the client. handleGlob
[NX v22.5.4 Daemon Server] - 2026-03-16T15:39:17.936Z - Done responding to the client handleGlob
[NX v22.5.4 Daemon Server] - 2026-03-16T15:39:17.936Z - Handled json message GLOB. Handling time: 0. Response time: 1.
[NX v22.5.4 Daemon Client] - 2026-03-16T15:39:17.936Z - [Messenger] Received message, length: 28246
[NX v22.5.4 Daemon Client] - 2026-03-16T15:39:17.937Z - [Messenger] Sending message type: HASH_MULTI_GLOB
[NX v22.5.4 Daemon Client] - 2026-03-16T15:39:17.937Z - [Messenger] Message sent
[NX v22.5.4 Daemon Server] - 2026-03-16T15:39:17.937Z - Received raw message of length 429
[NX v22.5.4 Daemon Server] - 2026-03-16T15:39:17.937Z - Received json message of type HASH_MULTI_GLOB
[NX v22.5.4 Daemon Server] - 2026-03-16T15:39:17.939Z - Serializing response for HASH_GLOB message in json mode
[NX v22.5.4 Daemon Server] - 2026-03-16T15:39:17.939Z - Responding to HASH_GLOB message
[NX v22.5.4 Daemon Server] - 2026-03-16T15:39:17.939Z - [REQUEST]: Responding to the client. handleHashMultiGlob
[NX v22.5.4 Daemon Server] - 2026-03-16T15:39:17.939Z - Done responding to the client handleHashMultiGlob
[NX v22.5.4 Daemon Server] - 2026-03-16T15:39:17.939Z - Handled json message HASH_GLOB. Handling time: 2. Response time: 0.
[NX v22.5.4 Daemon Client] - 2026-03-16T15:39:17.939Z - [Messenger] Received message, length: 135
Time for 'GLOB round trip' 9.820958000000019
Time for 'deserialize daemon response - GLOB' 0.1027080000000069
Time for 'daemon-message-serialization-HASH_MULTI_GLOB' 0.011124999999992724
[NX v22.5.4 Daemon Server] - 2026-03-16T15:39:17.946Z - Closed a connection. Number of open connections: 1
[NX v22.5.4 Daemon Server] - 2026-03-16T15:39:17.969Z - [WATCHER]: 0 file(s) created or restored, 4 file(s) modified, 0 file(s) deleted
[NX v22.5.4 Daemon Server] - 2026-03-16T15:39:17.969Z - [SYNC]: clearing sync generators cache due to file changes
[NX v22.5.4 Daemon Server] - 2026-03-16T15:39:17.969Z - [WATCHER]: Processing file changes in outputs
Time for 'HASH_MULTI_GLOB round trip' 1.8052079999999933
Time for 'deserialize daemon response - HASH_MULTI_GLOB' 0.013791999999995141
[NX v22.5.4 Daemon Server] - 2026-03-16T15:39:18.021Z - [WATCHER]: 0 file(s) created or restored, 4 file(s) modified, 0 file(s) deleted
[NX v22.5.4 Daemon Server] - 2026-03-16T15:39:18.021Z - [SYNC]: clearing sync generators cache due to file changes
[NX v22.5.4 Daemon Server] - 2026-03-16T15:39:18.021Z - [WATCHER]: Processing file changes in outputs
[baseline-browser-mapping] The data in this module is over two months old.  To ensure accurate Baseline data, please update: `npm i baseline-browser-mapping@latest -D`
[NX v22.5.4 Daemon Server] - 2026-03-16T15:39:18.080Z - [WATCHER]: 0 file(s) created or restored, 5 file(s) modified, 0 file(s) deleted
[NX v22.5.4 Daemon Server] - 2026-03-16T15:39:18.080Z - [SYNC]: clearing sync generators cache due to file changes
[NX v22.5.4 Daemon Server] - 2026-03-16T15:39:18.080Z - [WATCHER]: Processing file changes in outputs
[NX v22.5.4 Daemon Server] - 2026-03-16T15:39:18.146Z - [WATCHER]: 0 file(s) created or restored, 5 file(s) modified, 0 file(s) deleted
[NX v22.5.4 Daemon Server] - 2026-03-16T15:39:18.146Z - [SYNC]: clearing sync generators cache due to file changes
[NX v22.5.4 Daemon Server] - 2026-03-16T15:39:18.146Z - [WATCHER]: Processing file changes in outputs
[NX v22.5.4 Daemon Server] - 2026-03-16T15:39:18.210Z - [WATCHER]: Processing file changes in outputs
[NX v22.5.4 Daemon Server] - 2026-03-16T15:39:18.211Z - [WATCHER]: 0 file(s) created or restored, 5 file(s) modified, 0 file(s) deleted
[NX v22.5.4 Daemon Server] - 2026-03-16T15:39:18.211Z - [SYNC]: clearing sync generators cache due to file changes
[NX v22.5.4 Daemon Server] - 2026-03-16T15:39:18.274Z - [WATCHER]: Processing file changes in outputs
[NX v22.5.4 Daemon Server] - 2026-03-16T15:39:18.274Z - [WATCHER]: 0 file(s) created or restored, 7 file(s) modified, 0 file(s) deleted
[NX v22.5.4 Daemon Server] - 2026-03-16T15:39:18.274Z - [SYNC]: clearing sync generators cache due to file changes
[NX v22.5.4 Daemon Server] - 2026-03-16T15:39:18.338Z - [WATCHER]: 0 file(s) created or restored, 4 file(s) modified, 0 file(s) deleted
[NX v22.5.4 Daemon Server] - 2026-03-16T15:39:18.338Z - [SYNC]: clearing sync generators cache due to file changes
[NX v22.5.4 Daemon Server] - 2026-03-16T15:39:18.338Z - [WATCHER]: Processing file changes in outputs
[NX v22.5.4 Daemon Server] - 2026-03-16T15:39:18.354Z - Time taken for 'build-project-configs' 583.1220000004396ms
[NX v22.5.4 Daemon Server] - 2026-03-16T15:39:18.362Z - Closed a connection. Number of open connections: 0
Time for 'build typescript dependencies' 12.589625000022352
[NX v22.5.4 Daemon Server] - 2026-03-16T15:39:18.379Z - [SYNC]: collect registered sync generators
[NX v22.5.4 Daemon Server] - 2026-03-16T15:39:18.379Z - [SYNC]: project graph hash is the same, not collecting task sync generators
[NX v22.5.4 Daemon Server] - 2026-03-16T15:39:18.379Z - [SYNC]: nx.json hash is the same, not collecting global sync generators
[NX v22.5.4 Daemon Server] - 2026-03-16T15:39:18.379Z - Time taken for 'total execution time for createProjectGraph()' 28.60025000013411ms
[NX v22.5.4 Daemon Server] - 2026-03-16T15:39:18.392Z - [WATCHER]: Processing file changes in outputs
[NX v22.5.4 Daemon Server] - 2026-03-16T15:39:18.393Z - [WATCHER]: 0 file(s) created or restored, 5 file(s) modified, 0 file(s) deleted
[NX v22.5.4 Daemon Server] - 2026-03-16T15:39:18.393Z - [SYNC]: clearing sync generators cache due to file changes
[NX v22.5.4 Daemon Server] - 2026-03-16T15:39:18.454Z - [WATCHER]: 0 file(s) created or restored, 4 file(s) modified, 0 file(s) deleted
[NX v22.5.4 Daemon Server] - 2026-03-16T15:39:18.455Z - [SYNC]: clearing sync generators cache due to file changes
[NX v22.5.4 Daemon Server] - 2026-03-16T15:39:18.455Z - [WATCHER]: Processing file changes in outputs
[NX v22.5.4 Daemon Server] - 2026-03-16T15:39:18.517Z - [WATCHER]: Processing file changes in outputs
[NX v22.5.4 Daemon Server] - 2026-03-16T15:39:18.517Z - [WATCHER]: 0 file(s) created or restored, 8 file(s) modified, 0 file(s) deleted
[NX v22.5.4 Daemon Server] - 2026-03-16T15:39:18.517Z - [SYNC]: clearing sync generators cache due to file changes
[NX v22.5.4 Daemon Server] - 2026-03-16T15:39:18.569Z - [WATCHER]: 0 file(s) created or restored, 5 file(s) modified, 0 file(s) deleted
[NX v22.5.4 Daemon Server] - 2026-03-16T15:39:18.569Z - [SYNC]: clearing sync generators cache due to file changes
[NX v22.5.4 Daemon Server] - 2026-03-16T15:39:18.569Z - [WATCHER]: Processing file changes in outputs
[NX v22.5.4 Daemon Server] - 2026-03-16T15:39:18.626Z - [WATCHER]: 0 file(s) created or restored, 7 file(s) modified, 0 file(s) deleted
[NX v22.5.4 Daemon Server] - 2026-03-16T15:39:18.626Z - [SYNC]: clearing sync generators cache due to file changes
[NX v22.5.4 Daemon Server] - 2026-03-16T15:39:18.627Z - [WATCHER]: Processing file changes in outputs
[NX v22.5.4 Daemon Server] - 2026-03-16T15:39:18.705Z - [WATCHER]: 0 file(s) created or restored, 7 file(s) modified, 0 file(s) deleted
[NX v22.5.4 Daemon Server] - 2026-03-16T15:39:18.705Z - [SYNC]: clearing sync generators cache due to file changes
[NX v22.5.4 Daemon Server] - 2026-03-16T15:39:18.705Z - [WATCHER]: Processing file changes in outputs
[NX v22.5.4 Daemon Server] - 2026-03-16T15:39:18.799Z - [WATCHER]: Processing file changes in outputs
[NX v22.5.4 Daemon Server] - 2026-03-16T15:39:18.799Z - [WATCHER]: tsconfig.base.json was modified
[NX v22.5.4 Daemon Server] - 2026-03-16T15:39:18.800Z - [SYNC]: clearing sync generators cache due to file changes
[NX v22.5.4 Daemon Server] - 2026-03-16T15:39:19.096Z - [WATCHER]: members/CHANGELOG.md was modified
[NX v22.5.4 Daemon Server] - 2026-03-16T15:39:19.096Z - [SYNC]: clearing sync generators cache due to file changes
[NX v22.5.4 Daemon Server] - 2026-03-16T15:39:19.096Z - [WATCHER]: Processing file changes in outputs
[NX v22.5.4 Daemon Server] - 2026-03-16T15:39:19.335Z - [WATCHER]: members/CHANGELOG.md was modified
[NX v22.5.4 Daemon Server] - 2026-03-16T15:39:19.335Z - [SYNC]: clearing sync generators cache due to file changes
[NX v22.5.4 Daemon Server] - 2026-03-16T15:39:19.335Z - [WATCHER]: Processing file changes in outputs
[NX v22.5.4 Daemon Server] - 2026-03-16T15:39:19.399Z - [REQUEST]: Updated workspace context based on watched changes, recomputing project graph...
[NX v22.5.4 Daemon Server] - 2026-03-16T15:39:19.399Z - [REQUEST]: functions/src/members-api/schemas/member-schemas.ts,functions/src/members-api/services/member/member-service.ts,functions/src/members-api/services/newsletter/newsletter-service.ts,functions/src/members-api/test-utils/create-members-test-plugin.ts,functions/src/profile-webhook-api/routes/handle-webhook.test.ts,functions/src/profile-webhook-api/plugins/profile-webhook-plugin.ts,functions/src/profile-webhook-api/handler.ts,functions/src/profile-webhook-api/test-utils/create-profile-webhook-test-plugin.ts,functions/src/profile-webhook-api/services/find-member-by-slug.ts,functions/src/profile-webhook-api/services/send-notification-email.ts,functions/src/profiles-api/handler.ts,functions/src/profiles-api/routes/claim-profile.test.ts,functions/src/profiles-api/routes/check-slug-available.test.ts,functions/src/profiles-api/plugins/profiles-plugin.ts,functions/src/profiles-api/routes/claim-profile.ts,functions/src/profiles-api/routes/create-profile.test.ts,functions/src/profiles-api/routes/delete-image.test.ts,functions/src/profiles-api/routes/health.test.ts,functions/src/profiles-api/routes/delete-image.ts,functions/src/profiles-api/routes/profile-route-handler-factory.ts,functions/src/profiles-api/routes/imagekit-auth.test.ts,functions/src/profiles-api/routes/upload-image.test.ts,functions/src/profiles-api/routes/upload-image.ts,functions/src/profiles-api/routes/read-profile-by-slug.ts,functions/src/profiles-api/routes/read-profile-by-slug.test.ts,functions/src/profiles-api/routes/set-slug.test.ts,functions/src/profiles-api/services/member/index.ts,functions/src/profiles-api/services/firestore/index.ts,functions/src/profiles-api/services/imagekit/delete-profile-image.ts,functions/src/profiles-api/routes/write-profile.test.ts,functions/src/profiles-api/services/firestore/interface.ts,functions/src/profiles-api/services/profile-store/read-profile.ts,functions/src/profiles-api/services/profile-store/delete-profile.ts,functions/src/profiles-api/services/profile-store/create-profile.ts,functions/src/profiles-api/services/profile-store/get-octokit.ts,functions/src/profiles-api/services/profile-store/trigger-rebuild.ts,functions/src/profiles-api/services/profile-store/draft-profile.ts,functions/src/profiles-api/services/profile-store/write-profile.ts,functions/src/profiles-api/test-utils/create-profiles-test-plugin.ts,functions/src/profiles-api/utils/imagekit-client.ts,functions/src/scripts/cleanup-test-data.ts,functions/src/scripts/fix-unclaimed-profile-slugs.ts,functions/src/scripts/sync-profile-timestamps.ts,functions/src/scripts/test-stripe-webhook.ts,functions/src/scripts/import-subscribers.ts,functions/src/scripts/seed-claim-test.ts,functions/src/scripts/sync-collection-to-emulator.ts,functions/src/stripe-webhook-api/handler.ts,functions/src/stripe-webhook-api/plugins/stripe-webhook-plugin.ts,functions/src/stripe-webhook-api/routes/handle-webhook.test.ts,functions/src/stripe-webhook-api/handler.test.ts,functions/src/stripe-webhook-api/services/cancel-stripe-subscription.ts,functions/src/stripe-webhook-api/services/delete-stripe-customer.ts,functions/src/stripe-webhook-api/services/mark-event-processed.ts,functions/src/stripe-webhook-api/services/find-member-by-stripe-customer.ts,functions/src/stripe-webhook-api/services/check-idempotency.ts,functions/src/stripe-webhook-api/services/interface.ts,functions/src/stripe-webhook-api/services/cancel-stripe-subscription-at-period-end.ts,functions/src/stripe-webhook-api/services/build-refund-notification-email.ts,functions/src/stripe-webhook-api/services/process-refund-actions.ts,functions/src/stripe-webhook-api/services/process-subscription-ended.ts,functions/src/stripe-webhook-api/services/process-checkout-completed.ts,functions/src/stripe-webhook-api/services/process-charge-refunded.ts,functions/src/stripe-webhook-api/utils/create-stripe-member-update.ts,functions/src/stripe-webhook-api/services/verify-signature.ts,functions/src/stripe-webhook-api/services/process-subscription-updated.ts,functions/src/stripe-webhook-api/test-utils/create-stripe-webhook-test-plugin.ts,functions/src/stripe-webhook-api/utils/create-new-member-document.ts,functions/src/stripe-webhook-api/utils/create-stripe-member-document.ts,functions/src/stripe-webhook-api/test-utils/stripe-mocks.ts,libs/shared/types/src/lib/subscription-status.js,libs/shared/types/src/lib/member-response.js,libs/shared/types/src/lib/welcome-email-status.js,libs/shared/types/src/index.js,libs/shared/types/src/lib/collections.js,libs/shared/types/src/lib/profile-data.js,libs/shared/types/src/index.ts,tsconfig.base.json,members/CHANGELOG.md
[NX v22.5.4 Daemon Server] - 2026-03-16T15:39:19.399Z - [REQUEST]: 
[NX v22.5.4 Daemon Server] - 2026-03-16T15:39:19.404Z - Time taken for 'hash changed files from watcher' 3.080582999624312ms
Time for 'nx/js/dependencies-and-lockfile:createNodes' 3.0444590002298355
Time for 'plugin worker 93641 code loading' 3.063832999999999
Time for 'plugin worker 93640 code loading' 3.589708
Time for 'plugin worker 93642 code loading' 3.1746250000000007
Time for 'plugin worker 93639 code loading' 3.4979999999999993
Time for 'plugin worker 93643 code loading' 3.518457999999999
[NX v22.5.4 Daemon Server] - 2026-03-16T15:39:19.433Z - Time taken for 'start-plugin-worker:@nx/eslint/plugin' 31.38354199938476ms
[NX v22.5.4 Daemon Server] - 2026-03-16T15:39:19.434Z - Time taken for 'start-plugin-worker:@nx/docker' 31.8608329994604ms
[NX v22.5.4 Daemon Server] - 2026-03-16T15:39:19.440Z - [WATCHER]: functions/src/forms-api/CHANGELOG.md was modified
[NX v22.5.4 Daemon Server] - 2026-03-16T15:39:19.440Z - [SYNC]: clearing sync generators cache due to file changes
[NX v22.5.4 Daemon Server] - 2026-03-16T15:39:19.440Z - [WATCHER]: Processing file changes in outputs
Time for 'nx/core/package-json:createNodes' 2.249207999999996
[NX v22.5.4 Daemon Server] - 2026-03-16T15:39:19.519Z - [WATCHER]: functions/src/forms-api/CHANGELOG.md was modified
[NX v22.5.4 Daemon Server] - 2026-03-16T15:39:19.519Z - [SYNC]: clearing sync generators cache due to file changes
[NX v22.5.4 Daemon Server] - 2026-03-16T15:39:19.520Z - [WATCHER]: Processing file changes in outputs
[NX v22.5.4 Daemon Server] - 2026-03-16T15:39:19.533Z - Established a connection. Number of open connections: 1
[NX v22.5.4 Daemon Server] - 2026-03-16T15:39:19.533Z - Closed a connection. Number of open connections: 0
[NX v22.5.4 Daemon Server] - 2026-03-16T15:39:19.533Z - Established a connection. Number of open connections: 1
[NX v22.5.4 Daemon Client] - 2026-03-16T15:39:19.533Z - [Messenger] Setting up socket listeners
[NX v22.5.4 Daemon Client] - 2026-03-16T15:39:19.534Z - [Messenger] listen() complete
[NX v22.5.4 Daemon Client] - 2026-03-16T15:39:19.534Z - [Messenger] Sending message type: HASH_MULTI_GLOB
[NX v22.5.4 Daemon Client] - 2026-03-16T15:39:19.534Z - [Messenger] Message sent
Time for 'daemon-message-serialization-HASH_MULTI_GLOB' 0.101791999999989
[NX v22.5.4 Daemon Server] - 2026-03-16T15:39:19.542Z - Received raw message of length 50
[NX v22.5.4 Daemon Server] - 2026-03-16T15:39:19.542Z - Received json message of type HASH_MULTI_GLOB
[NX v22.5.4 Daemon Server] - 2026-03-16T15:39:19.542Z - Serializing response for HASH_GLOB message in json mode
[NX v22.5.4 Daemon Server] - 2026-03-16T15:39:19.542Z - Responding to HASH_GLOB message
[NX v22.5.4 Daemon Server] - 2026-03-16T15:39:19.542Z - [REQUEST]: Responding to the client. handleHashMultiGlob
[NX v22.5.4 Daemon Server] - 2026-03-16T15:39:19.542Z - Done responding to the client handleHashMultiGlob
[NX v22.5.4 Daemon Server] - 2026-03-16T15:39:19.543Z - Handled json message HASH_GLOB. Handling time: 0. Response time: 1.
[NX v22.5.4 Daemon Client] - 2026-03-16T15:39:19.543Z - [Messenger] Received message, length: 22
[NX v22.5.4 Daemon Server] - 2026-03-16T15:39:19.551Z - Established a connection. Number of open connections: 2
[NX v22.5.4 Daemon Server] - 2026-03-16T15:39:19.552Z - Closed a connection. Number of open connections: 1
[NX v22.5.4 Daemon Server] - 2026-03-16T15:39:19.552Z - Established a connection. Number of open connections: 2
[NX v22.5.4 Daemon Client] - 2026-03-16T15:39:19.552Z - [Messenger] Setting up socket listeners
[NX v22.5.4 Daemon Client] - 2026-03-16T15:39:19.552Z - [Messenger] listen() complete
[NX v22.5.4 Daemon Client] - 2026-03-16T15:39:19.552Z - [Messenger] Sending message type: GLOB
[NX v22.5.4 Daemon Client] - 2026-03-16T15:39:19.553Z - [Messenger] Message sent
Time for 'daemon-message-serialization-GLOB' 0.07499999999998863
[NX v22.5.4 Daemon Server] - 2026-03-16T15:39:19.560Z - Received raw message of length 73
[NX v22.5.4 Daemon Server] - 2026-03-16T15:39:19.560Z - Received json message of type GLOB
[NX v22.5.4 Daemon Server] - 2026-03-16T15:39:19.561Z - Serializing response for GLOB message in json mode
[NX v22.5.4 Daemon Server] - 2026-03-16T15:39:19.561Z - Responding to GLOB message
[NX v22.5.4 Daemon Server] - 2026-03-16T15:39:19.561Z - [REQUEST]: Responding to the client. handleGlob
[NX v22.5.4 Daemon Server] - 2026-03-16T15:39:19.561Z - Done responding to the client handleGlob
[NX v22.5.4 Daemon Server] - 2026-03-16T15:39:19.561Z - Handled json message GLOB. Handling time: 1. Response time: 0.
[NX v22.5.4 Daemon Client] - 2026-03-16T15:39:19.561Z - [Messenger] Received message, length: 28246
[NX v22.5.4 Daemon Client] - 2026-03-16T15:39:19.562Z - [Messenger] Sending message type: HASH_MULTI_GLOB
[NX v22.5.4 Daemon Client] - 2026-03-16T15:39:19.562Z - [Messenger] Message sent
[NX v22.5.4 Daemon Server] - 2026-03-16T15:39:19.562Z - Received raw message of length 429
[NX v22.5.4 Daemon Server] - 2026-03-16T15:39:19.562Z - Received json message of type HASH_MULTI_GLOB
[NX v22.5.4 Daemon Server] - 2026-03-16T15:39:19.575Z - Serializing response for HASH_GLOB message in json mode
[NX v22.5.4 Daemon Server] - 2026-03-16T15:39:19.575Z - Responding to HASH_GLOB message
[NX v22.5.4 Daemon Server] - 2026-03-16T15:39:19.575Z - [REQUEST]: Responding to the client. handleHashMultiGlob
[NX v22.5.4 Daemon Server] - 2026-03-16T15:39:19.575Z - Done responding to the client handleHashMultiGlob
[NX v22.5.4 Daemon Server] - 2026-03-16T15:39:19.575Z - Handled json message HASH_GLOB. Handling time: 13. Response time: 0.
[NX v22.5.4 Daemon Client] - 2026-03-16T15:39:19.575Z - [Messenger] Received message, length: 135
Time for 'GLOB round trip' 8.995209000000017
Time for 'deserialize daemon response - GLOB' 0.0812090000000012
Time for 'daemon-message-serialization-HASH_MULTI_GLOB' 0.009375000000005684
[NX v22.5.4 Daemon Server] - 2026-03-16T15:39:19.579Z - Closed a connection. Number of open connections: 1
[NX v22.5.4 Daemon Server] - 2026-03-16T15:39:19.628Z - [WATCHER]: functions/src/members-api/CHANGELOG.md was modified
[NX v22.5.4 Daemon Server] - 2026-03-16T15:39:19.629Z - [SYNC]: clearing sync generators cache due to file changes
[NX v22.5.4 Daemon Server] - 2026-03-16T15:39:19.629Z - [WATCHER]: Processing file changes in outputs
Time for 'HASH_MULTI_GLOB round trip' 13.467457999999993
Time for 'deserialize daemon response - HASH_MULTI_GLOB' 0.012249999999994543
[baseline-browser-mapping] The data in this module is over two months old.  To ensure accurate Baseline data, please update: `npm i baseline-browser-mapping@latest -D`
[NX v22.5.4 Daemon Server] - 2026-03-16T15:39:19.700Z - [WATCHER]: functions/src/members-api/CHANGELOG.md was modified
[NX v22.5.4 Daemon Server] - 2026-03-16T15:39:19.700Z - [SYNC]: clearing sync generators cache due to file changes
[NX v22.5.4 Daemon Server] - 2026-03-16T15:39:19.700Z - [WATCHER]: Processing file changes in outputs
[NX v22.5.4 Daemon Server] - 2026-03-16T15:39:19.813Z - [WATCHER]: functions/src/profiles-api/CHANGELOG.md was modified
[NX v22.5.4 Daemon Server] - 2026-03-16T15:39:19.813Z - [SYNC]: clearing sync generators cache due to file changes
[NX v22.5.4 Daemon Server] - 2026-03-16T15:39:19.813Z - [WATCHER]: Processing file changes in outputs
[NX v22.5.4 Daemon Server] - 2026-03-16T15:39:19.894Z - [WATCHER]: functions/src/profiles-api/CHANGELOG.md was modified
[NX v22.5.4 Daemon Server] - 2026-03-16T15:39:19.894Z - [SYNC]: clearing sync generators cache due to file changes
[NX v22.5.4 Daemon Server] - 2026-03-16T15:39:19.894Z - [WATCHER]: Processing file changes in outputs
[NX v22.5.4 Daemon Server] - 2026-03-16T15:39:19.971Z - Time taken for 'build-project-configs' 566.0424169991165ms
[NX v22.5.4 Daemon Server] - 2026-03-16T15:39:19.979Z - Closed a connection. Number of open connections: 0
Time for 'build typescript dependencies' 13.996958000585437
[NX v22.5.4 Daemon Server] - 2026-03-16T15:39:19.995Z - [SYNC]: collect registered sync generators
[NX v22.5.4 Daemon Server] - 2026-03-16T15:39:19.995Z - [SYNC]: project graph hash is the same, not collecting task sync generators
[NX v22.5.4 Daemon Server] - 2026-03-16T15:39:19.995Z - [SYNC]: nx.json hash is the same, not collecting global sync generators
[NX v22.5.4 Daemon Server] - 2026-03-16T15:39:19.995Z - Time taken for 'total execution time for createProjectGraph()' 25.95279200002551ms
[NX v22.5.4 Daemon Server] - 2026-03-16T15:39:20.003Z - [WATCHER]: functions/src/admin-members-api/CHANGELOG.md was modified
[NX v22.5.4 Daemon Server] - 2026-03-16T15:39:20.003Z - [SYNC]: clearing sync generators cache due to file changes
[NX v22.5.4 Daemon Server] - 2026-03-16T15:39:20.003Z - [WATCHER]: Processing file changes in outputs
[NX v22.5.4 Daemon Server] - 2026-03-16T15:39:20.085Z - [WATCHER]: functions/src/admin-members-api/CHANGELOG.md was modified
[NX v22.5.4 Daemon Server] - 2026-03-16T15:39:20.085Z - [SYNC]: clearing sync generators cache due to file changes
[NX v22.5.4 Daemon Server] - 2026-03-16T15:39:20.085Z - [WATCHER]: Processing file changes in outputs
[NX v22.5.4 Daemon Server] - 2026-03-16T15:39:20.185Z - [WATCHER]: functions/src/admin-messages-api/CHANGELOG.md was modified
[NX v22.5.4 Daemon Server] - 2026-03-16T15:39:20.185Z - [SYNC]: clearing sync generators cache due to file changes
[NX v22.5.4 Daemon Server] - 2026-03-16T15:39:20.186Z - [WATCHER]: Processing file changes in outputs
[NX v22.5.4 Daemon Server] - 2026-03-16T15:39:20.251Z - [WATCHER]: functions/src/admin-messages-api/CHANGELOG.md was modified
[NX v22.5.4 Daemon Server] - 2026-03-16T15:39:20.251Z - [SYNC]: clearing sync generators cache due to file changes
[NX v22.5.4 Daemon Server] - 2026-03-16T15:39:20.251Z - [WATCHER]: Processing file changes in outputs
[NX v22.5.4 Daemon Server] - 2026-03-16T15:39:20.359Z - [WATCHER]: Processing file changes in outputs
[NX v22.5.4 Daemon Server] - 2026-03-16T15:39:20.359Z - [WATCHER]: functions/src/admin-match-requests-api/CHANGELOG.md was modified
[NX v22.5.4 Daemon Server] - 2026-03-16T15:39:20.359Z - [SYNC]: clearing sync generators cache due to file changes
[NX v22.5.4 Daemon Server] - 2026-03-16T15:39:20.421Z - [WATCHER]: functions/src/admin-match-requests-api/CHANGELOG.md was modified
[NX v22.5.4 Daemon Server] - 2026-03-16T15:39:20.421Z - [SYNC]: clearing sync generators cache due to file changes
[NX v22.5.4 Daemon Server] - 2026-03-16T15:39:20.421Z - [WATCHER]: Processing file changes in outputs
[NX v22.5.4 Daemon Server] - 2026-03-16T15:39:20.522Z - [WATCHER]: functions/src/admin-unclaimed-profiles-api/CHANGELOG.md was modified
[NX v22.5.4 Daemon Server] - 2026-03-16T15:39:20.522Z - [SYNC]: clearing sync generators cache due to file changes
[NX v22.5.4 Daemon Server] - 2026-03-16T15:39:20.522Z - [WATCHER]: Processing file changes in outputs
[NX v22.5.4 Daemon Server] - 2026-03-16T15:39:20.589Z - [WATCHER]: Processing file changes in outputs
[NX v22.5.4 Daemon Server] - 2026-03-16T15:39:20.589Z - [WATCHER]: functions/src/admin-unclaimed-profiles-api/CHANGELOG.md was modified
[NX v22.5.4 Daemon Server] - 2026-03-16T15:39:20.589Z - [SYNC]: clearing sync generators cache due to file changes
[NX v22.5.4 Daemon Server] - 2026-03-16T15:39:20.685Z - [WATCHER]: functions/src/stripe-webhook-api/CHANGELOG.md was modified
[NX v22.5.4 Daemon Server] - 2026-03-16T15:39:20.685Z - [SYNC]: clearing sync generators cache due to file changes
[NX v22.5.4 Daemon Server] - 2026-03-16T15:39:20.685Z - [WATCHER]: Processing file changes in outputs
[NX v22.5.4 Daemon Server] - 2026-03-16T15:39:20.756Z - [WATCHER]: Processing file changes in outputs
[NX v22.5.4 Daemon Server] - 2026-03-16T15:39:20.756Z - [WATCHER]: functions/src/stripe-webhook-api/CHANGELOG.md was modified
[NX v22.5.4 Daemon Server] - 2026-03-16T15:39:20.756Z - [SYNC]: clearing sync generators cache due to file changes
[NX v22.5.4 Daemon Server] - 2026-03-16T15:39:20.847Z - [WATCHER]: Processing file changes in outputs
[NX v22.5.4 Daemon Server] - 2026-03-16T15:39:20.847Z - [WATCHER]: functions/src/profile-webhook-api/CHANGELOG.md was modified
[NX v22.5.4 Daemon Server] - 2026-03-16T15:39:20.847Z - [SYNC]: clearing sync generators cache due to file changes
[NX v22.5.4 Daemon Server] - 2026-03-16T15:39:20.899Z - [WATCHER]: functions/src/profile-webhook-api/CHANGELOG.md was modified
[NX v22.5.4 Daemon Server] - 2026-03-16T15:39:20.899Z - [SYNC]: clearing sync generators cache due to file changes
[NX v22.5.4 Daemon Server] - 2026-03-16T15:39:20.899Z - [WATCHER]: Processing file changes in outputs
[NX v22.5.4 Daemon Server] - 2026-03-16T15:39:22.647Z - [REQUEST]: Updated workspace context based on watched changes, recomputing project graph...
[NX v22.5.4 Daemon Server] - 2026-03-16T15:39:22.647Z - [REQUEST]: functions/src/forms-api/CHANGELOG.md,functions/src/members-api/CHANGELOG.md,functions/src/profiles-api/CHANGELOG.md,functions/src/admin-members-api/CHANGELOG.md,functions/src/admin-messages-api/CHANGELOG.md,functions/src/admin-match-requests-api/CHANGELOG.md,functions/src/admin-unclaimed-profiles-api/CHANGELOG.md,functions/src/stripe-webhook-api/CHANGELOG.md,functions/src/profile-webhook-api/CHANGELOG.md
[NX v22.5.4 Daemon Server] - 2026-03-16T15:39:22.647Z - [REQUEST]: 
[NX v22.5.4 Daemon Server] - 2026-03-16T15:39:22.667Z - Time taken for 'hash changed files from watcher' 5.08045900054276ms
Time for 'nx/js/dependencies-and-lockfile:createNodes' 5.857458000071347
Time for 'plugin worker 93877 code loading' 4.823957999999999
Time for 'plugin worker 93878 code loading' 4.750624999999999
Time for 'plugin worker 93879 code loading' 4.607540999999999
Time for 'plugin worker 93880 code loading' 4.089333
Time for 'plugin worker 93881 code loading' 4.241292
[NX v22.5.4 Daemon Server] - 2026-03-16T15:39:22.703Z - Time taken for 'start-plugin-worker:@nx/eslint/plugin' 51.228249999694526ms
[NX v22.5.4 Daemon Server] - 2026-03-16T15:39:22.709Z - Time taken for 'start-plugin-worker:nx/core/project-json' 46.08404199965298ms
Time for 'nx/core/package-json:createNodes' 2.196957999999995
[NX v22.5.4 Daemon Server] - 2026-03-16T15:39:22.801Z - Established a connection. Number of open connections: 1
[NX v22.5.4 Daemon Server] - 2026-03-16T15:39:22.802Z - Closed a connection. Number of open connections: 0
[NX v22.5.4 Daemon Server] - 2026-03-16T15:39:22.802Z - Established a connection. Number of open connections: 1
[NX v22.5.4 Daemon Client] - 2026-03-16T15:39:22.802Z - [Messenger] Setting up socket listeners
[NX v22.5.4 Daemon Client] - 2026-03-16T15:39:22.802Z - [Messenger] listen() complete
[NX v22.5.4 Daemon Client] - 2026-03-16T15:39:22.802Z - [Messenger] Sending message type: HASH_MULTI_GLOB
[NX v22.5.4 Daemon Client] - 2026-03-16T15:39:22.803Z - [Messenger] Message sent
Time for 'daemon-message-serialization-HASH_MULTI_GLOB' 0.09941700000000253
[NX v22.5.4 Daemon Server] - 2026-03-16T15:39:22.809Z - Received raw message of length 50
[NX v22.5.4 Daemon Server] - 2026-03-16T15:39:22.809Z - Received json message of type HASH_MULTI_GLOB
[NX v22.5.4 Daemon Server] - 2026-03-16T15:39:22.810Z - Serializing response for HASH_GLOB message in json mode
[NX v22.5.4 Daemon Server] - 2026-03-16T15:39:22.810Z - Responding to HASH_GLOB message
[NX v22.5.4 Daemon Server] - 2026-03-16T15:39:22.810Z - [REQUEST]: Responding to the client. handleHashMultiGlob
[NX v22.5.4 Daemon Server] - 2026-03-16T15:39:22.810Z - Done responding to the client handleHashMultiGlob
[NX v22.5.4 Daemon Server] - 2026-03-16T15:39:22.810Z - Handled json message HASH_GLOB. Handling time: 1. Response time: 0.
[NX v22.5.4 Daemon Client] - 2026-03-16T15:39:22.810Z - [Messenger] Received message, length: 24
[NX v22.5.4 Daemon Server] - 2026-03-16T15:39:22.817Z - Established a connection. Number of open connections: 2
[NX v22.5.4 Daemon Server] - 2026-03-16T15:39:22.817Z - Closed a connection. Number of open connections: 1
[NX v22.5.4 Daemon Server] - 2026-03-16T15:39:22.817Z - Established a connection. Number of open connections: 2
[NX v22.5.4 Daemon Client] - 2026-03-16T15:39:22.817Z - [Messenger] Setting up socket listeners
[NX v22.5.4 Daemon Client] - 2026-03-16T15:39:22.818Z - [Messenger] listen() complete
[NX v22.5.4 Daemon Client] - 2026-03-16T15:39:22.818Z - [Messenger] Sending message type: GLOB
[NX v22.5.4 Daemon Client] - 2026-03-16T15:39:22.818Z - [Messenger] Message sent
Time for 'daemon-message-serialization-GLOB' 0.07595800000001418
[NX v22.5.4 Daemon Server] - 2026-03-16T15:39:22.825Z - Received raw message of length 73
[NX v22.5.4 Daemon Server] - 2026-03-16T15:39:22.825Z - Received json message of type GLOB
[NX v22.5.4 Daemon Server] - 2026-03-16T15:39:22.825Z - Serializing response for GLOB message in json mode
[NX v22.5.4 Daemon Server] - 2026-03-16T15:39:22.826Z - Responding to GLOB message
[NX v22.5.4 Daemon Server] - 2026-03-16T15:39:22.826Z - [REQUEST]: Responding to the client. handleGlob
[NX v22.5.4 Daemon Server] - 2026-03-16T15:39:22.826Z - Done responding to the client handleGlob
[NX v22.5.4 Daemon Server] - 2026-03-16T15:39:22.826Z - Handled json message GLOB. Handling time: 0. Response time: 1.
[NX v22.5.4 Daemon Client] - 2026-03-16T15:39:22.826Z - [Messenger] Received message, length: 28246
[NX v22.5.4 Daemon Client] - 2026-03-16T15:39:22.827Z - [Messenger] Sending message type: HASH_MULTI_GLOB
[NX v22.5.4 Daemon Client] - 2026-03-16T15:39:22.827Z - [Messenger] Message sent
[NX v22.5.4 Daemon Server] - 2026-03-16T15:39:22.827Z - Received raw message of length 429
[NX v22.5.4 Daemon Server] - 2026-03-16T15:39:22.827Z - Received json message of type HASH_MULTI_GLOB
[NX v22.5.4 Daemon Server] - 2026-03-16T15:39:22.828Z - Serializing response for HASH_GLOB message in json mode
[NX v22.5.4 Daemon Server] - 2026-03-16T15:39:22.828Z - Responding to HASH_GLOB message
[NX v22.5.4 Daemon Server] - 2026-03-16T15:39:22.828Z - [REQUEST]: Responding to the client. handleHashMultiGlob
[NX v22.5.4 Daemon Server] - 2026-03-16T15:39:22.828Z - Done responding to the client handleHashMultiGlob
[NX v22.5.4 Daemon Server] - 2026-03-16T15:39:22.828Z - Handled json message HASH_GLOB. Handling time: 1. Response time: 0.
Time for 'GLOB round trip' 8.376291999999978
Time for 'deserialize daemon response - GLOB' 0.07162499999998317
Time for 'daemon-message-serialization-HASH_MULTI_GLOB' 0.007208999999988919
[NX v22.5.4 Daemon Client] - 2026-03-16T15:39:22.828Z - [Messenger] Received message, length: 135
[NX v22.5.4 Daemon Server] - 2026-03-16T15:39:22.834Z - Closed a connection. Number of open connections: 1
Time for 'HASH_MULTI_GLOB round trip' 1.2796659999999918
Time for 'deserialize daemon response - HASH_MULTI_GLOB' 0.006708000000003267
[baseline-browser-mapping] The data in this module is over two months old.  To ensure accurate Baseline data, please update: `npm i baseline-browser-mapping@latest -D`
[NX v22.5.4 Daemon Server] - 2026-03-16T15:39:23.190Z - Time taken for 'build-project-configs' 536.0777500001714ms
[NX v22.5.4 Daemon Server] - 2026-03-16T15:39:23.197Z - Closed a connection. Number of open connections: 0
Time for 'build typescript dependencies' 1.2487920001149178
[NX v22.5.4 Daemon Server] - 2026-03-16T15:39:23.200Z - [SYNC]: collect registered sync generators
[NX v22.5.4 Daemon Server] - 2026-03-16T15:39:23.200Z - [SYNC]: project graph hash is the same, not collecting task sync generators
[NX v22.5.4 Daemon Server] - 2026-03-16T15:39:23.200Z - [SYNC]: nx.json hash is the same, not collecting global sync generators
[NX v22.5.4 Daemon Server] - 2026-03-16T15:39:23.200Z - Time taken for 'total execution time for createProjectGraph()' 12.404791999608278ms
[NX v22.5.4 Daemon Server] - 2026-03-16T15:39:59.732Z - [Server] lock file hash changed! old=12087138800027628215, new=3226093386325067135
[NX v22.5.4 Daemon Server] - 2026-03-16T15:39:59.733Z - [Server] Daemon outdated: LOCK_FILES_CHANGED
[NX v22.5.4 Daemon Server] - 2026-03-16T15:39:59.733Z - [Server] Restarting daemon...
[NX v22.5.4 Daemon Server] - 2026-03-16T15:39:59.734Z - Restarting daemon with script: /Users/mgoho/Github/doula-cooperative/node_modules/nx/src/daemon/server/start.js
[NX v22.5.4 Daemon Server] - 2026-03-16T15:39:59.734Z - Old daemon __dirname: /Users/mgoho/Github/doula-cooperative/node_modules/nx/src/daemon/server
[NX v22.5.4 Daemon Server] - 2026-03-16T15:39:59.734Z - Current process.execPath: /Users/mgoho/.nvm/versions/node/v22.19.0/bin/node
[NX v22.5.4 Daemon Server] - 2026-03-16T15:39:59.734Z - Started new daemon process in background
[NX v22.5.4 Daemon Server] - 2026-03-16T15:39:59.735Z - [WATCHER]: Stopping the watcher for /Users/mgoho/Github/doula-cooperative (sources)
[NX v22.5.4 Daemon Server] - 2026-03-16T15:39:59.735Z - [WATCHER]: Stopping the watcher for /Users/mgoho/Github/doula-cooperative (outputs)
[NX v22.5.4 Daemon Server] - 2026-03-16T15:39:59.737Z - [NX-CONSOLE]: Cleaning up latest Nx installation from /private/var/folders/0q/9skt2c_j7hq6m6s7w998dbmh0000gn/T/tmp-55785-kZrcfC1Oegpf
[NX v22.5.4 Daemon Server] - 2026-03-16T15:39:59.737Z - Server stopped because: "LOCK_FILES_CHANGED"
[NX v22.5.4 Daemon Server] - 2026-03-16T15:39:59.863Z - New daemon starting from: /Users/mgoho/Github/doula-cooperative/node_modules/nx/src/daemon/server/server.js
[NX v22.5.4 Daemon Server] - 2026-03-16T15:39:59.864Z - New daemon __dirname: /Users/mgoho/Github/doula-cooperative/node_modules/nx/src/daemon/server
[NX v22.5.4 Daemon Server] - 2026-03-16T15:39:59.864Z - New daemon nxVersion: 22.5.4
[NX v22.5.4 Daemon Server] - 2026-03-16T15:39:59.864Z - New daemon getInstalledNxVersion(): 22.5.4
[NX v22.5.4 Daemon Server] - 2026-03-16T15:39:59.865Z - [Server] Starting outdated check interval (20ms)
[NX v22.5.4 Daemon Server] - 2026-03-16T15:39:59.865Z - Started listening on: /private/var/folders/0q/9skt2c_j7hq6m6s7w998dbmh0000gn/T/4d40ab02866a70d2d703/d.sock
[NX v22.5.4 Daemon Server] - 2026-03-16T15:39:59.866Z - [WATCHER]: Subscribed to changes within: /Users/mgoho/Github/doula-cooperative (native)
[NX v22.5.4 Daemon Server] - 2026-03-16T15:39:59.866Z - [NX-CONSOLE]: Pulling latest Nx (latest) to check console status...
Fetching nx...
Time for 'plugin worker 94138 code loading' 3.2515
Time for 'plugin worker 94140 code loading' 3.5668750000000014
Time for 'plugin worker 94139 code loading' 3.4265000000000008
[NX v22.5.4 Daemon Server] - 2026-03-16T15:40:00.079Z - [REQUEST]: Updated workspace context based on watched changes, recomputing project graph...
[NX v22.5.4 Daemon Server] - 2026-03-16T15:40:00.079Z - [REQUEST]: 
[NX v22.5.4 Daemon Server] - 2026-03-16T15:40:00.079Z - [REQUEST]: 
Time for 'nx/js/dependencies-and-lockfile:createNodes' 11.238291999999987
Time for 'build typescript dependencies' 0.05320899999998119
[NX v22.5.4 Daemon Server] - 2026-03-16T15:40:00.135Z - [SYNC]: collect registered sync generators
[NX v22.5.4 Daemon Server] - 2026-03-16T15:40:01.114Z - [NX-CONSOLE]: Successfully pulled latest Nx to /private/var/folders/0q/9skt2c_j7hq6m6s7w998dbmh0000gn/T/tmp-94130-94inqh86ia1d
[NX v22.5.4 Daemon Server] - 2026-03-16T15:40:01.188Z - [NX-CONSOLE]: Using local implementation (NX_USE_LOCAL=true or inner call)
DEBUG nx::native::ide::install: Detected editor: Unknown
[NX v22.5.4 Daemon Server] - 2026-03-16T15:40:01.188Z - [NX-CONSOLE]: Console status check completed, shouldPrompt: false
[NX v22.5.4 Daemon Server] - 2026-03-17T16:12:05.376Z - [Server] lock file hash changed! old=17481431975462467709, new=15097728307074204646
[NX v22.5.4 Daemon Server] - 2026-03-17T16:12:05.377Z - [Server] Daemon outdated: LOCK_FILES_CHANGED
[NX v22.5.4 Daemon Server] - 2026-03-17T16:12:05.377Z - [Server] Restarting daemon...
[NX v22.5.4 Daemon Server] - 2026-03-17T16:12:05.379Z - Restarting daemon with script: /Users/mgoho/Github/doula-cooperative/node_modules/nx/src/daemon/server/start.js
[NX v22.5.4 Daemon Server] - 2026-03-17T16:12:05.379Z - Old daemon __dirname: /Users/mgoho/Github/doula-cooperative/node_modules/nx/src/daemon/server
[NX v22.5.4 Daemon Server] - 2026-03-17T16:12:05.379Z - Current process.execPath: /Users/mgoho/.nvm/versions/node/v22.19.0/bin/node
[NX v22.5.4 Daemon Server] - 2026-03-17T16:12:05.381Z - Started new daemon process in background
[NX v22.5.4 Daemon Server] - 2026-03-17T16:12:05.383Z - [WATCHER]: Stopping the watcher for /Users/mgoho/Github/doula-cooperative (sources)
[NX v22.5.4 Daemon Server] - 2026-03-17T16:12:05.383Z - [WATCHER]: Stopping the watcher for /Users/mgoho/Github/doula-cooperative (outputs)
[NX v22.5.4 Daemon Server] - 2026-03-17T16:12:05.383Z - [NX-CONSOLE]: Cleaning up latest Nx installation from /private/var/folders/0q/9skt2c_j7hq6m6s7w998dbmh0000gn/T/tmp-94130-94inqh86ia1d
[NX v22.5.4 Daemon Server] - 2026-03-17T16:12:05.384Z - Server stopped because: "LOCK_FILES_CHANGED"
[NX v22.5.4 Daemon Server] - 2026-03-17T16:12:05.566Z - New daemon starting from: /Users/mgoho/Github/doula-cooperative/node_modules/nx/src/daemon/server/server.js
[NX v22.5.4 Daemon Server] - 2026-03-17T16:12:05.566Z - New daemon __dirname: /Users/mgoho/Github/doula-cooperative/node_modules/nx/src/daemon/server
[NX v22.5.4 Daemon Server] - 2026-03-17T16:12:05.566Z - New daemon nxVersion: 22.5.4
[NX v22.5.4 Daemon Server] - 2026-03-17T16:12:05.567Z - New daemon getInstalledNxVersion(): 22.5.4
[NX v22.5.4 Daemon Server] - 2026-03-17T16:12:05.567Z - [Server] Starting outdated check interval (20ms)
[NX v22.5.4 Daemon Server] - 2026-03-17T16:12:05.568Z - Started listening on: /private/var/folders/0q/9skt2c_j7hq6m6s7w998dbmh0000gn/T/0316df088e9593b9a724/d.sock
[NX v22.5.4 Daemon Server] - 2026-03-17T16:12:05.569Z - [WATCHER]: Subscribed to changes within: /Users/mgoho/Github/doula-cooperative (native)
[NX v22.5.4 Daemon Server] - 2026-03-17T16:12:05.569Z - [NX-CONSOLE]: Pulling latest Nx (latest) to check console status...
Fetching nx...
Time for 'plugin worker 79813 code loading' 3.4531659999999995
Time for 'plugin worker 79814 code loading' 3.4201669999999993
Time for 'plugin worker 79812 code loading' 3.490667
[NX v22.5.4 Daemon Server] - 2026-03-17T16:12:05.778Z - [REQUEST]: Updated workspace context based on watched changes, recomputing project graph...
[NX v22.5.4 Daemon Server] - 2026-03-17T16:12:05.778Z - [REQUEST]: 
[NX v22.5.4 Daemon Server] - 2026-03-17T16:12:05.778Z - [REQUEST]: 
Time for 'nx/js/dependencies-and-lockfile:createNodes' 12.32074999999999
Time for 'build typescript dependencies' 0.06945900000002325
[NX v22.5.4 Daemon Server] - 2026-03-17T16:12:05.837Z - [SYNC]: collect registered sync generators
[NX v22.5.4 Daemon Server] - 2026-03-17T16:12:08.641Z - [NX-CONSOLE]: Successfully pulled latest Nx to /private/var/folders/0q/9skt2c_j7hq6m6s7w998dbmh0000gn/T/tmp-79804-syO47mocLYuA
[NX v22.5.4 Daemon Server] - 2026-03-17T16:12:08.712Z - [NX-CONSOLE]: Using local implementation (NX_USE_LOCAL=true or inner call)
DEBUG nx::native::ide::install: Detected editor: Unknown
[NX v22.5.4 Daemon Server] - 2026-03-17T16:12:08.712Z - [NX-CONSOLE]: Console status check completed, shouldPrompt: false
